initial_condition,scenario,rmse_position_all_steps_m,rmse_position_steadystate_m,rmse_fullstate_all_steps,rmse_fullstate_steadystate,mse_position_m2,mse_fullstate,convergence_time_s,peak_position_error_m,peak_yaw_error_deg,peak_attitude_error_deg,rmse_input,mse_input,avg_solve_time_ms,worst_solve_time_ms,std_solve_time_ms,steps_exceeding_80pct_budget,deadline_misses,deadline_miss_rate,avg_tx_time_ms,avg_total_latency_ms,qp_failures,steps_reference_span,reference_duration_s
OnReference,Circle,0.0346022353915705,0.0288307809106211,0.406893014375753,0.405725681633588,0.00119731469409366,0.165561925147787,0,0.0654770853424106,2.4348691968404,5.52426388308547,0.0469754311437589,0.00220669113114203,12.0967134920635,30.3782,1.83625891992727,0,0,0,10,22.0967134920635,0,253,25.2
OnReference,Lemniscate,0.0344832498351775,0.0276388529785137,0.397134726701825,0.396125471800551,0.00118909451919527,0.157715991152533,0,0.0753983296644647,2.09862106656481,5.10770590184253,0.0442816634824187,0.00196086572077017,11.4725892857143,30.8647,1.38454564049073,0,0,0,10,21.4725892857143,0,253,25.2
OnReference,Spiral,0.0412570736465657,0.0318492294932559,0.409088182309965,0.420783296825736,0.00170214612587814,0.167353140905671,0,0.089620320933902,3.5611228163812,5.4626692300892,0.0472513807267895,0.00223269298058802,12.8693678571429,31.0508,3.71719814653405,0,0,0,10,22.8693678571429,0,253,25.2
OnReference,Lissajous,0.0404640458420378,0.0295932512992013,0.433105664913443,0.449798203318228,0.00163733900590654,0.187580516980116,0,0.0879413424398585,1.61253937713322,7.71867812082008,0.048120222287041,0.00231555579295424,15.9571777777778,39.8186,6.03695466947838,0,0,0,10,25.9571777777778,0,253,25.2
Perturbation,Circle,0.0830164381775865,0.0306722635777502,0.613139851214642,0.421643288888008,0.00689172900769304,0.375940477147513,2.5,0.416501203761637,92.8571428571428,92.8684889379394,0.0784465626568754,0.00615386319267907,13.5579206349206,30.8988,3.49427248000392,0,0,0,10,23.5579206349206,0,253,25.2
Perturbation,Lemniscate,0.0805597895381985,0.0325662563771531,0.601348925913541,0.40435549027134,0.00648987969043884,0.36162053069737,1.5,0.412771866592826,92.8767739907829,92.8998541021657,0.0786977713766875,0.00619333921965738,16.2131095238095,41.8767,5.85861229815969,0,0,0,10,26.2131095238095,0,253,25.2
Perturbation,Spiral,0.0815968048175863,0.0296995212873771,0.617441838914962,0.385819480341653,0.00665803855643927,0.38123442444269,3.1,0.415997295106216,95.3529009411603,95.3980290561704,0.0831932708795367,0.00692112031963597,13.4161738095238,30.3716,4.03959058980679,0,0,0,10,23.4161738095238,0,253,25.2
Perturbation,Lissajous,0.0781469059800791,0.0336622417573998,0.504238641063707,0.439083341340719,0.00610693891425932,0.254256607141774,1.7,0.373463448715301,45,45,0.0568680486140848,0.00323397495317392,15.4659746031746,36.6254,5.74496247767297,0,0,0,10,25.4659746031746,0,253,25.2
Origin,Circle,0.258373665144401,0.0336424376425803,0.712062075550231,0.411505239321019,0.0667569508401509,0.507032399436903,2.4,1.41541208509642,92.9840960974183,93.1318354369876,0.0909988386540356,0.00828078863638321,13.3721626984127,33.1147,4.37100598470924,0,0,0,10,23.3721626984127,0,253,25.2
Origin,Lemniscate,0.195311021682565,0.0320956158756009,0.655709227010359,0.429075211451133,0.0381463951906875,0.429954590386522,2.8,1.036229396611,92.9697043485438,92.9842869444645,0.089726689166387,0.00805087874876143,12.1574988095238,32.3648,2.57226180034624,0,0,0,10,22.1574988095238,0,253,25.2
Origin,Spiral,0.283920858330694,0.0344613272241771,0.768473310014151,0.429673096626539,0.080611053795238,0.590551228204105,2.2,1.58320992423687,95.632692106684,95.8659713712652,0.0916552195401735,0.00840067926895741,13.9799214285714,31.9945,3.89364495002174,0,0,0,10,23.9799214285714,0,253,25.2
Origin,Lissajous,0.225060054174103,0.0328936778899292,0.554069051595864,0.386255421011568,0.0506520279848503,0.30699251393634,3.1,1.2013494415494,45,45,0.0725534178886479,0.00526399844732478,13.914626984127,32.8906,3.68550401368476,0,0,0,10,23.914626984127,0,253,25.2
