initial_condition,scenario,RMSE_position_m,RMSE_fullstate,RMSE_input,avg_solve_time_ms,steps_reference_span,reference_duration_s
OnReference,Circle,0.0346022353915705,0.406893014375753,0.0469754311437589,12.0967134920635,253,25.2
OnReference,Lemniscate,0.0344832498351775,0.397134726701825,0.0442816634824187,11.4725892857143,253,25.2
OnReference,Spiral,0.0412570736465657,0.409088182309965,0.0472513807267895,12.8693678571429,253,25.2
OnReference,Lissajous,0.0404640458420378,0.433105664913443,0.048120222287041,15.9571777777778,253,25.2
Perturbation,Circle,0.0830164381775865,0.613139851214642,0.0784465626568754,13.5579206349206,253,25.2
Perturbation,Lemniscate,0.0805597895381985,0.601348925913541,0.0786977713766875,16.2131095238095,253,25.2
Perturbation,Spiral,0.0815968048175863,0.617441838914962,0.0831932708795367,13.4161738095238,253,25.2
Perturbation,Lissajous,0.0781469059800791,0.504238641063707,0.0568680486140848,15.4659746031746,253,25.2
Origin,Circle,0.258373665144401,0.712062075550231,0.0909988386540356,13.3721626984127,253,25.2
Origin,Lemniscate,0.195311021682565,0.655709227010359,0.089726689166387,12.1574988095238,253,25.2
Origin,Spiral,0.283920858330694,0.768473310014151,0.0916552195401735,13.9799214285714,253,25.2
Origin,Lissajous,0.225060054174103,0.554069051595864,0.0725534178886479,13.914626984127,253,25.2
