step,x_I,y_I,z_I,u_B,v_B,w_B,phi,theta,psi,p,q,r,ref_x,ref_y,ref_z,ref_xb,ref_yb,ref_zb,ref_phi,ref_theta,ref_psi,ref_p,ref_q,ref_r
1,1,0,-1,1,6.09166620000555e-17,0,0.101585905439654,6.17763623779416e-18,1.5707963267949,-6.17763623779416e-18,0.101411272958268,0.994844587720607,1,0,-1,1,6.09166620000555e-17,0,0.101585905439654,6.17763623779416e-18,1.5707963267949,-6.17763623779416e-18,0.101411272958268,0.994844587720607
2,0.998750260394944,0.0499791692706644,-1.00000000000006,0.999999999998957,3.04034519806761e-10,4.16310440378058e-12,0.101585905448029,3.71020197828048e-11,1.62079632649444,3.08445096111432e-10,0.101411273220824,0.994844575613379,0.998750260394966,0.0499791692706783,-1,1,6.09166620000555e-17,0,0.101585905439654,6.17763623779416e-18,1.6207963267949,-6.39836143577573e-18,0.101411272958268,0.994844587720607
3,0.995004165277775,0.099833416646624,-1.00000000000022,0.999999999993539,8.52587477859367e-10,9.80579402717892e-12,0.101585905455202,1.0080737601274e-10,1.67079632595648,-1.62633988796167e-10,0.101411273076616,0.994844578159125,0.995004165278026,0.0998334166468282,-1,1,6.09166620000555e-17,0,0.101585905439654,6.17763623779416e-18,1.67079632679489,-6.39836143577573e-18,0.101411272958268,0.994844587720607
4,0.988771077935238,0.149438132472807,-1.00000000000049,0.999999999985743,1.28647591089547e-09,1.03727052739294e-11,0.101585905447387,1.47024374260496e-10,1.72079632553173,-4.00009332782667e-10,0.101411272981279,0.99484458018974,0.988771077936042,0.149438132473599,-1,1,6.09166620000555e-17,0,0.101585905439654,6.17763623779416e-18,1.72079632679489,-6.61908663375731e-18,0.101411272958268,0.994844587720607
5,0.980066577839766,0.198669330793219,-1.00000000000083,0.999999999977648,1.62413319512351e-09,8.67859451903468e-12,0.101585905433112,1.80656421049279e-10,1.7707963251971,-5.00270476997564e-10,0.101411272918116,0.994844581798698,0.980066577841242,0.198669330795061,-1,1,6.09166620000555e-17,0,0.101585905439654,6.17763623779416e-18,1.77079632679489,-5.07401024788627e-18,0.101411272958268,0.994844587720607
6,0.96891242170874,0.247403959251242,-1.00000000000121,0.999999999970184,1.8828374503301e-09,6.20572611627033e-12,0.101585905417524,2.05181819020068e-10,1.82079632493373,-5.10192839999563e-10,0.101411272877394,0.994844583065374,0.968912421710645,0.247403959254523,-1,1,6.09166620000555e-17,0,0.101585905439654,6.17763623779416e-18,1.82079632679489,-3.30820866403366e-18,0.101411272958268,0.994844587720607
7,0.955336489123888,0.295520206656392,-1.00000000000163,0.999999999963649,2.07821800700598e-09,3.62782775809026e-12,0.10158590540375,2.23062432737461e-10,1.87079632472632,-4.69820356871174e-10,0.101411272851025,0.994844584055486,0.955336489125607,0.29552020666134,-1,1,6.09166620000555e-17,0,0.101585905439654,6.17763623779416e-18,1.87079632679489,-2.20458267412577e-18,0.101411272958268,0.994844587720607
8,0.939372712846775,0.342897807448813,-1.00000000000208,0.999999999958054,2.22404324191968e-09,1.17715349763152e-12,0.101585905393368,2.3602641036103e-10,1.92079632456249,-4.05145836414826e-10,0.101411272834318,0.994844584822316,0.93937271284738,0.342897807455452,-1,1,6.09166620000555e-17,0,0.101585905439654,6.17763623779416e-18,1.92079632679489,-3.08748346605208e-18,0.101411272958268,0.994844587720607
9,0.921060994004531,0.389418342300519,-1.00000000000256,0.999999999953326,2.33217888792232e-09,-1.10754259377521e-12,0.101585905386937,2.45325580671769e-10,1.97079632443226,-3.33870860080407e-10,0.101411272824709,0.994844585409001,0.921060994002887,0.389418342308651,-1,1,6.09166620000555e-17,0,0.101585905439654,6.17763623779416e-18,1.97079632679489,-3.52893386201523e-18,0.101411272958268,0.994844587720607
10,0.900447102357808,0.434965534102008,-1.00000000000306,0.999999999949402,2.41264747041429e-09,-3.2516898935243e-12,0.101585905384349,2.51901136901479e-10,2.02079632432757,-2.67166038886458e-10,0.10141127282059,0.994844585850178,0.900447102352679,0.434965534111231,-1,1,6.09166620000555e-17,0,0.101585905439654,6.17763623779416e-18,2.02079632679489,-5.736185841831e-18,0.101411272958268,0.994844587720607
11,0.877582561900216,0.479425538594475,-1.0000000000036,0.999999999946269,2.47375572453559e-09,-5.29565454221455e-12,0.101585905385103,2.56488564335662e-10,2.07079632424187,-2.11288379765793e-10,0.101411272820995,0.994844586173583,0.877582561890375,0.479425538604204,-1,1,6.09166620000555e-17,0,0.101585905439654,6.17763623779416e-18,2.07079632679489,-6.83981183173888e-18,0.101411272958268,0.994844587720607
12,0.852524522075197,0.522687228921148,-1.00000000000415,0.999999999943959,2.52226531905418e-09,-7.26442474847565e-12,0.101585905388501,2.59686010961157e-10,2.1207963241699,-1.69119798371678e-10,0.101411272825206,0.994844586401291,0.852524522059509,0.52268722893066,-1,1,6.09166620000555e-17,0,0.101585905439654,6.17763623779416e-18,2.12079632679489,-5.95691103981257e-18,0.101411272958268,0.994844587720607
13,0.825335614932193,0.564642473386566,-1.00000000000471,0.999999999942543,2.56358537727801e-09,-9.16373362140087e-12,0.101585905393786,2.61995643933096e-10,2.17079632410734,-1.41219107176891e-10,0.101411272832637,0.994844586550856,0.825335614909682,0.564642473395037,-1,1,6.09166620000555e-17,0,0.101585905439654,6.17763623779416e-18,2.17079632679488,-6.39836143577573e-18,0.101411272958268,0.994844587720607
14,0.796083798579164,0.605186405729493,-1.00000000000526,0.999999999942098,2.60197037295584e-09,-1.09830931150613e-11,0.101585905400235,2.63847937903704e-10,2.22079632405066,-1.26680085572778e-10,0.101411272842699,0.9948445866362,0.79608379854906,0.605186405736042,-1,1,6.09166620000555e-17,0,0.101585905439654,6.17763623779416e-18,2.22079632679488,-6.83981183173888e-18,0.101411272958268,0.994844587720607
15,0.764842187322734,0.644217687233967,-1.00000000000579,0.999999999942695,2.64071382023828e-09,-1.27001416015213e-11,0.101585905407207,2.65614430416506e-10,2.27079632399696,-1.23838492857493e-10,0.101411272854772,0.994844586668318,0.764842187284493,0.644217687237693,-1,1,6.09166620000555e-17,0,0.101585905439654,6.17763623779416e-18,2.27079632679488,-6.61908663375731e-18,0.101411272958268,0.994844587720607
16,0.731688868920511,0.681638760023317,-1.0000000000063,0.999999999944379,2.68232648363483e-09,-1.42890581316908e-11,0.101585905414176,2.67614916196805e-10,2.32079632394382,-1.30555204215489e-10,0.101411272868233,0.994844586655984,0.731688868873826,0.681638760023337,-1,1,6.09166620000555e-17,0,0.101585905439654,6.17763623779416e-18,2.32079632679488,-7.72271262366519e-18,0.101411272958268,0.994844587720607
17,0.696706709402382,0.717356090904058,-1.00000000000678,0.999999999947156,2.72869657933272e-09,-1.57281405271681e-11,0.101585905420735,2.70121469087217e-10,2.37079632388921,-1.44693937686189e-10,0.101411272882454,0.994844586606168,0.696706709347171,0.717356090899526,-1,1,6.09166620000555e-17,0,0.101585905439654,6.17763623779416e-18,2.37079632679488,-7.50198742568362e-18,0.101411272958268,0.994844587720607
18,0.659983145948598,0.751280405150163,-1.00000000000721,0.999999999950995,2.78123010135707e-09,-1.69983924304189e-11,0.101585905426595,2.73360705121184e-10,2.42079632383139,-1.6425076396227e-10,0.101411272896815,0.994844586524438,0.659983145884988,0.751280405140297,-1,1,6.09166620000555e-17,0,0.101585905439654,6.17763623779416e-18,2.42079632679488,-8.6056134155915e-18,0.101411272958268,0.994844587720607
19,0.621609968342368,0.7833269096434,-1.0000000000076,0.999999999955821,2.84096793962059e-09,-1.80905917061211e-11,0.10158590543157,2.7751546119747e-10,2.4707963237689,-1.87451025880869e-10,0.101411272910731,0.994844586415323,0.621609968270671,0.783326909627488,-1,1,6.09166620000555e-17,0,0.101585905439654,6.17763623779416e-18,2.47079632679488,-8.38488821760992e-18,0.101411272958268,0.994844587720607
20,0.581683089543211,0.813415504811968,-1.00000000000795,0.999999999961527,2.90868238146793e-09,-1.90000284561599e-11,0.101585905435564,2.8272877085187e-10,2.52079632370046,-2.12832798630575e-10,0.101411272923744,0.994844586282504,0.581683089463891,0.81341550478938,-1,1,6.09166620000555e-17,0,0.101585905439654,6.17763623779416e-18,2.52079632679488,-8.16416301962835e-18,0.101411272958268,0.994844587720607
21,0.540302305954501,0.841470984837721,-1.00000000000827,0.999999999967977,2.98495342822791e-09,-1.97312450386516e-11,0.101585905438554,2.89107497548549e-10,2.57079632362497,-2.39222627604391e-10,0.101411272935432,0.994844586129089,0.540302305868147,0.841470984807903,-1,1,6.09166620000555e-17,0,0.101585905439654,6.17763623779416e-18,2.57079632679488,-9.26778900953623e-18,0.101411272958268,0.994844587720607
22,0.49757104798444,0.867423225631549,-1.00000000000856,0.999999999975015,3.07022813993859e-09,-2.03016472483187e-11,0.101585905440569,2.96725694257858e-10,2.62079632354145,-2.65800372679148e-10,0.10141127294549,0.994844585957671,0.497571047891735,0.867423225594024,-1,1,6.09166620000555e-17,0,0.101585905439654,6.17763623779416e-18,2.62079632679488,-9.70923940549939e-18,0.101411272958268,0.994844587720607
23,0.45359612152389,0.891207360107083,-1.00000000000883,0.999999999982479,3.16486444283709e-09,-2.07274755021291e-11,0.101585905441678,3.0562972296283e-10,2.67079632344906,-2.91990460502403e-10,0.101411272953707,0.994844585770526,0.453596121425586,0.891207360061444,-1,1,6.09166620000555e-17,0,0.101585905439654,6.17763623779416e-18,2.67079632679488,-1.01506898014625e-17,0.101411272958268,0.994844587720607
24,0.408487440987274,0.912763940314636,-1.0000000000091,0.999999999990204,3.26916075439773e-09,-2.10304897128247e-11,0.101585905441975,3.15842575673597e-10,2.72079632334705,-3.17421419560596e-10,0.101411272959958,0.994844585569686,0.408487440884166,0.912763940260531,-1,1,6.09166620000555e-17,0,0.101585905439654,6.17763623779416e-18,2.72079632679488,-1.39030181671494e-17,0.101411272958268,0.994844587720607
25,0.362357754583775,0.932039086030114,-1.00000000000936,0.999999999998031,3.38337598019889e-09,-2.12395710558343e-11,0.101585905441567,3.27368807262167e-10,2.77079632323479,-3.41933341719201e-10,0.101411272964229,0.994844585357003,0.362357754476683,0.932039085967237,-1,1,6.09166620000555e-17,0,0.101585905439654,6.17763623779416e-18,2.77079632679487,-1.43444685631125e-17,0.101411272958268,0.994844587720607
26,0.315322362505525,0.948984619427518,-1.00000000000964,1.00000000000582,3.50774049175633e-09,-2.13809573214251e-11,0.101585905440566,3.4019864300886e-10,2.82079632311171,-3.6548810383168e-10,0.101411272966546,0.994844585134222,0.315322362395278,0.948984619355598,-1,1,6.09166620000555e-17,0,0.101585905439654,6.17763623779416e-18,2.82079632679487,-1.32408425732046e-17,0.101411272958268,0.994844587720607
27,0.267498828737172,0.963558185498418,-1.00000000000994,1.00000000001344,3.64246018847612e-09,-2.14826987217452e-11,0.101585905439084,3.54311350181103e-10,2.87079632297736,-3.88128411006826e-10,0.101411272967018,0.994844584903038,0.267498828624597,0.963558185417206,-1,1,6.09166620000555e-17,0,0.101585905439654,6.17763623779416e-18,2.87079632679487,-1.25786669792599e-17,0.101411272958268,0.994844587720607
28,0.219006687207134,0.975723357917418,-1.00000000001027,1.00000000002079,3.78771664808611e-09,-2.15726468109039e-11,0.101585905437226,3.69678811831202e-10,2.92079632283133,-4.10005298450288e-10,0.101411272965799,0.994844584665083,0.219006687093052,0.975723357826673,-1,1,6.09166620000555e-17,0,0.101585905439654,6.17763623779416e-18,2.92079632679487,-1.23579417812783e-17,0.101411272958268,0.994844587720607
29,0.169967143015031,0.985449730088993,-1.00000000001065,1.0000000000278,3.94366342452755e-09,-2.16769421602588e-11,0.101585905435089,3.8626762918314e-10,2.97079632267332,-4.31294274858857e-10,0.101411272963057,0.994844584421991,0.169967142900251,0.985449729988475,-1,1,6.09166620000555e-17,0,0.101585905439654,6.17763623779416e-18,2.97079632679487,-1.21372165832967e-17,0.101411272958268,0.994844587720607
30,0.120502769482054,0.992712991148143,-1.00000000001107,1.00000000003439,4.1110255511942e-09,-2.17642849844886e-11,0.101585905432906,4.04184988726273e-10,3.02079632250255,-4.46268498022979e-10,0.10141127296251,0.994844584152145,0.120502769367377,0.992712991037605,-1,1,6.09166620000555e-17,0,0.101585905439654,6.17763623779416e-18,3.02079632679487,-1.36822929691678e-17,0.101411272958268,0.994844587720607
31,0.0707372017814949,0.997494986724888,-1.00000000001154,1.00000000004045,4.29169692929166e-09,-2.17225933655737e-11,0.101585905431141,4.23772314985167e-10,3.07079632231726,-4.52051267286245e-10,0.101411272966555,0.994844583837599,0.0707372016677133,0.997494986604072,-1,1,6.09166620000555e-17,0,0.101585905439654,6.17763623779416e-18,3.07079632679487,-1.34615677711862e-17,0.101411272958268,0.994844587720607
32,0.0207948279152047,0.99978376432073,-1.00000000001209,1.0000000000458,4.48690483559282e-09,-2.15547137823785e-11,0.101585905429925,4.45111249941071e-10,3.12079632211652,-4.65255369151869e-10,0.101411272966651,0.994844583530673,0.0207948278031029,0.999783764189376,-1,1,6.09166620000555e-17,0,0.101585905439654,6.17763623779416e-18,3.12079632679487,-1.45651937610941e-17,0.101411272958268,0.994844587720607
33,-0.029199522191631,0.999573603183667,-1.0000000000127,1.00000000005038,4.6964935792451e-09,-2.14030048127238e-11,0.101585905429009,4.67974842911926e-10,3.17079632190071,-4.84301155413148e-10,0.10141127296403,0.994844583232024,-0.0291995223012784,0.999573603041525,-1,1,6.09166620000555e-17,0,0.101585905439654,6.17763623779416e-18,3.17079632679487,-1.36822929691678e-17,0.101411272958268,0.994844587720607
34,-0.0791208887002965,0.996865028607103,-1.00000000001338,1.00000000005418,4.92017391881027e-09,-2.13414734425713e-11,0.10158590542821,4.92196079988556e-10,3.22079632167025,-5.07681506772604e-10,0.101411272959559,0.994844582942187,-0.0791208888067237,0.99686502845394,-1,1,6.09166620000555e-17,0,0.101585905439654,6.17763623779416e-18,3.22079632679487,-1.41237433651309e-17,0.101411272958268,0.994844587720607
35,-0.128844494193068,0.991664810616892,-1.00000000001414,1.00000000005726,5.15754825983014e-09,-2.14042453707533e-11,0.101585905427408,5.17651224078761e-10,3.27079632142558,-5.34079099482514e-10,0.101411272953944,0.994844582661961,-0.128844494295515,0.991664810452491,-1,1,6.09166620000555e-17,0,0.101585905439654,6.17763623779416e-18,3.27079632679487,-1.52273693550388e-17,0.101411272958268,0.994844587720607
36,-0.178246055551777,0.9839859470498,-1.00000000001497,1.0000000000597,5.40812477506937e-09,-2.16033215495991e-11,0.101585905426537,5.44246716374902e-10,3.32079632116721,-5.62559161842261e-10,0.101411272947692,0.994844582392367,-0.178246055649482,0.98398594687396,-1,1,6.09166620000555e-17,0,0.101585905439654,6.17763623779416e-18,3.32079632679487,-1.50066441570572e-17,0.101411272958268,0.994844587720607
37,-0.22720209460088,0.973847631065682,-1.00000000001587,1.00000000006163,5.67132689901352e-09,-2.1937831999544e-11,0.101585905425563,5.71906303463091e-10,3.37079632089569,-5.92418783473e-10,0.101411272941124,0.994844582134624,-0.227202094693078,0.973847630878219,-1,1,6.09166620000555e-17,0,0.101585905439654,6.17763623779416e-18,3.37079632679487,-1.45651937610941e-17,0.101411272958268,0.994844587720607
38,-0.275590246738597,0.961275203174581,-1.00000000001683,1.00000000006313,5.9464997871205e-09,-2.24032090740907e-11,0.101585905424484,6.0056240396703e-10,3.42079632061165,-6.23113563837951e-10,0.101411272934497,0.994844581890099,-0.275590246824504,0.961275202975325,-1,1,6.09166620000555e-17,0,0.101585905439654,6.17763623779416e-18,3.42079632679487,-1.45651937610941e-17,0.101411272958268,0.994844587720607
39,-0.323289566784681,0.946300087898643,-1.00000000001785,1.00000000006432,6.2329156193659e-09,-2.29927101720843e-11,0.101585905423315,6.30149856301232e-10,3.47079632031577,-6.54286288972348e-10,0.101411272927953,0.99484458166026,-0.323289566863495,0.946300087687441,-1,1,6.09166620000555e-17,0,0.101585905439654,6.17763623779416e-18,3.47079632679487,-1.43444685631125e-17,0.101411272958268,0.994844587720607
40,-0.370180831280392,0.928959715227183,-1.00000000001892,1.0000000000653,6.52977688078547e-09,-2.36989097689879e-11,0.101585905422082,6.60600631895399e-10,3.52079632000883,-6.85690058991357e-10,0.101411272921585,0.994844581446646,-0.370180831351279,0.928959715003897,-1,1,6.09166620000555e-17,0,0.101585905439654,6.17763623779416e-18,3.52079632679487,-1.45651937610941e-17,0.101411272958268,0.994844587720607
41,-0.416146836485044,0.909297427061198,-1.00000000002005,1.00000000006615,6.83621876664786e-09,-2.45156514054996e-11,0.10158590542082,6.91841585999603e-10,3.57079631969168,-7.17143739196553e-10,0.101411272915473,0.994844581250822,-0.416146836547135,0.909297426825711,-1,1,6.09166620000555e-17,0,0.101585905439654,6.17763623779416e-18,3.57079632679487,-1.41237433651309e-17,0.101411272958268,0.994844587720607
42,-0.461072691324322,0.887362368881183,-1.00000000002122,1.00000000006698,7.1513116369863e-09,-2.54358131859534e-11,0.101585905419567,7.23793004166812e-10,3.62079631936524,-7.4854681121593e-10,0.101411272909665,0.994844581074347,-0.461072691376706,0.887362368633406,-1,1,6.09166620000555e-17,0,0.101585905439654,6.17763623779416e-18,3.62079632679487,-1.65517205429283e-17,0.101411272958268,0.994844587720607
43,-0.504846104558132,0.863209366909031,-1.00000000002243,1.00000000006784,7.47406331839957e-09,-2.64551327503177e-11,0.10158590541836,7.5636740088134e-10,3.67079631903051,-7.79835428742431e-10,0.101411272904191,0.994844580918736,-0.504846104599851,0.863209366648905,-1,1,6.09166620000555e-17,0,0.101585905439654,6.17763623779416e-18,3.67079632679487,-1.74346213348546e-17,0.101411272958268,0.994844587720607
44,-0.54735766545022,0.836898791071021,-1.00000000002369,1.00000000006882,7.8034215816394e-09,-2.75681803029532e-11,0.101585905417235,7.8946935685776e-10,3.72079631868857,-8.10971653217784e-10,0.101411272899076,0.99484458078544,-0.547357665480265,0.836898790798531,-1,1,6.09166620000555e-17,0,0.101585905439654,6.17763623779416e-18,3.72079632679487,-1.69931709388914e-17,0.101411272958268,0.994844587720607
45,-0.588501117238026,0.808496404104446,-1.00000000002498,1.00000000006999,8.13827715442211e-09,-2.87683453008471e-11,0.101585905416223,8.22995860538478e-10,3.77079631834056,-8.41923936471726e-10,0.101411272894344,0.994844580675811,-0.58850111725534,0.808496403819624,-1,1,6.09166620000555e-17,0,0.101585905439654,6.17763623779416e-18,3.77079632679487,-1.80967969287993e-17,0.101411272958268,0.994844587720607
46,-0.628173622719261,0.778073197185014,-1.00000000002632,1.00000000007141,8.47746774909534e-09,-3.00494853068114e-11,0.101585905415354,8.56836834237054e-10,3.82079631798769,-8.72668950839121e-10,0.101411272890012,0.994844580591076,-0.628173622722734,0.778073196887956,-1,1,6.09166620000555e-17,0,0.101585905439654,6.17763623779416e-18,3.82079632679487,-1.7213896136873e-17,0.101411272958268,0.994844587720607
47,-0.666276021291343,0.745705212485885,-1.00000000002768,1.00000000007313,8.81978214613974e-09,-3.14055504338522e-11,0.101585905414651,8.90876216612747e-10,3.87079631763123,-9.03151299461257e-10,0.101411272886114,0.994844580532359,-0.66627602127982,0.745705212176756,-1,1,6.09166620000555e-17,0,0.101585905439654,6.17763623779416e-18,3.87079632679487,-1.8758972522744e-17,0.101411272958268,0.994844587720607
48,-0.702713076801272,0.711473353111832,-1.00000000002908,1.00000000007523,9.1639660987163e-09,-3.28293046859503e-11,0.101585905414135,9.24992596576891e-10,3.92079631727251,-9.33374989608832e-10,0.101411272882654,0.99484458050058,-0.70271307677355,0.711473352790882,-1,1,6.09166620000555e-17,0,0.101585905439654,6.17763623779416e-18,3.92079632679487,-1.92004229187072e-17,0.101411272958268,0.994844587720607
49,-0.737393715586401,0.675463180883622,-1.00000000003052,1.00000000007774,9.50872756122904e-09,-3.43113552228265e-11,0.101585905413821,9.59060235058259e-10,3.97079631691288,-9.63263331893266e-10,0.101411272879667,0.99484458049656,-0.737393715541243,0.675463180551189,-1,1,6.09166620000555e-17,0,0.101585905439654,6.17763623779416e-18,3.97079632679487,-1.96418733146703e-17,0.101411272958268,0.994844587720607
50,-0.770231254111169,0.637764702478014,-1.00000000003197,1.00000000008072,9.8527430348826e-09,-3.58436688434298e-11,0.101585905413721,9.92950526131079e-10,4.02079631655374,-9.92767135221726e-10,0.101411272877178,0.994844580520907,-0.770231254047306,0.637764702134543,-1,1,6.09166620000555e-17,0,0.101585905439654,6.17763623779416e-18,4.02079632679487,-1.8758972522744e-17,0.101411272958268,0.994844587720607
51,-0.801143615630792,0.598472144457951,-1.00000000003346,1.00000000008423,1.01946645892681e-08,-3.74148357233297e-11,0.101585905413845,1.02653271018744e-09,4.07079631619651,-1.02181228016641e-09,0.101411272875205,0.994844580574095,-0.801143615546933,0.598472144103997,-1,1,6.09166620000555e-17,0,0.101585905439654,6.17763623779416e-18,4.07079632679487,-2.11869497005414e-17,0.101411272958268,0.994844587720607
52,-0.830053535340377,0.557683717755218,-1.00000000003496,1.0000000000883,1.05331275800855e-08,-3.90143623054447e-11,0.101585905414198,1.05967463128961e-09,4.12079631584265,-1.0503446073239e-09,0.101411272873763,0.99484458065637,-0.830053535235222,0.557683717391458,-1,1,6.09166620000555e-17,0,0.101585905439654,6.17763623779416e-18,4.12079632679487,-2.03040489086151e-17,0.101411272958268,0.994844587720607
53,-0.856888753496695,0.515501372194267,-1.00000000003649,1.00000000009298,1.08667575687703e-08,-4.0632312095263e-11,0.101585905414784,1.09224349038238e-09,4.1707963154936,-1.07824906438461e-09,0.101411272872858,0.994844580767869,-0.856888753368948,0.515501371821506,-1,1,6.09166620000555e-17,0,0.101585905439654,6.17763623779416e-18,4.17079632679487,-2.00833237106335e-17,0.101411272958268,0.994844587720607
54,-0.881582196029908,0.472030541670747,-1.00000000003803,1.00000000009831,1.11941774303059e-08,-4.22556791743151e-11,0.101585905415603,1.12410722448725e-09,4.22079631515082,-1.10542386316434e-09,0.101411272872527,0.994844580908533,-0.881582195878288,0.472030541289925,-1,1,6.09166620000555e-17,0,0.101585905439654,6.17763623779416e-18,4.22079632679487,-2.09662245025598e-17,0.101411272958268,0.994844587720607
55,-0.904072142193808,0.427379880621678,-1.00000000003958,1.00000000010432,1.151401560135e-08,-4.38715110545496e-11,0.101585905416657,1.15513546281949e-09,4.27079631481576,-1.13176468491961e-09,0.101411272872776,0.994844581078151,-0.904072142017065,0.427379880233874,-1,1,6.09166620000555e-17,0,0.101585905439654,6.17763623779416e-18,4.27079632679487,-2.03040489086151e-17,0.101411272958268,0.994844587720607
56,-0.92430237883554,0.381660992445943,-1.00000000004114,1.00000000011104,1.18249147584747e-08,-4.54667711424113e-11,0.101585905417944,1.18519962282129e-09,4.32079631448985,-1.15721814656892e-09,0.101411272873604,0.994844581276289,-0.924302378632468,0.381660992052376,-1,1,6.09166620000555e-17,0,0.101585905439654,6.17763623779416e-18,4.32079632679487,-1.89796977207256e-17,0.101411272958268,0.994844587720607
57,-0.942222340899207,0.334988150553918,-1.0000000000427,1.0000000001185,1.2125538479327e-08,-4.70297987859837e-11,0.101585905419461,1.21417373370791e-09,4.37079631417449,-1.18164037542189e-09,0.101411272875015,0.994844581502429,-0.942222340668664,0.33498815015595,-1,1,6.09166620000555e-17,0,0.101585905439654,6.17763623779416e-18,4.37079632679487,-2.00833237106335e-17,0.101411272958268,0.994844587720607
58,-0.957787237812176,0.287478012743456,-1.00000000004427,1.00000000012672,1.24145778182102e-08,-4.85469529707859e-11,0.101585905421204,1.24193504902768e-09,4.42079631387107,-1.204930696817e-09,0.101411272877003,0.99484458175588,-0.957787237553097,0.28747801234259,-1,1,6.09166620000555e-17,0,0.101585905439654,6.17763623779416e-18,4.42079632679487,-1.8758972522744e-17,0.101411272958268,0.994844587720607
59,-0.970958165438182,0.239249329616151,-1.00000000004583,1.00000000013572,1.26907587068987e-08,-5.00061038218707e-11,0.101585905423168,1.26836502015457e-09,4.47079631358093,-1.22697289638754e-09,0.101411272879582,0.994844582035825,-0.970958165149599,0.239249329214029,-1,1,6.09166620000555e-17,0,0.101585905439654,6.17763623779416e-18,4.47079632679487,-1.80967969287993e-17,0.101411272958268,0.994844587720607
60,-0.981702203317408,0.19042264776268,-1.00000000004738,1.0000000001455,1.29528489569844e-08,-5.13943986761645e-11,0.101585905425349,1.29335001339902e-09,4.52079631330536,-1.24767789304009e-09,0.101411272882746,0.994844582341294,-0.981702202998464,0.190422647361074,-1,1,6.09166620000555e-17,0,0.101585905439654,6.17763623779416e-18,4.52079632679487,-1.7213896136873e-17,0.101411272958268,0.994844587720607
61,-0.989992496950492,0.141120008459104,-1.00000000004892,1.00000000015607,1.31996649526866e-08,-5.26989830376871e-11,0.101585905427741,1.31678091037459e-09,4.57079631304562,-1.26695941220258e-09,0.101411272886459,0.994844582671195,-0.989992496600457,0.141120008059914,-1,1,6.09166620000555e-17,0,0.101585905439654,6.17763623779416e-18,4.57079632679487,-1.63309953449467e-17,0.101411272958268,0.994844587720607
62,-0.995808324920786,0.0914646426272433,-1.00000000005044,1.00000000016743,1.34300772543929e-08,-5.39099485846722e-11,0.101585905430338,1.33855440898183e-09,4.62079631280288,-1.28473227566812e-09,0.101411272890745,0.994844583024321,-0.995808324539074,0.0914646422324846,-1,1,6.09166620000555e-17,0,0.101585905439654,6.17763623779416e-18,4.62079632679486,-1.54480945530204e-17,0.101411272958268,0.994844587720607
63,-0.999135150687111,0.0415806628215454,-1.00000000005194,1.00000000017957,1.36430151388257e-08,-5.50143745415057e-11,0.101585905433132,1.35857357253112e-09,4.67079631257827,-1.30084825120536e-09,0.10141127289557,0.994844583399402,-0.999135150273294,0.0415806624333385,-1,1,6.09166620000555e-17,0,0.101585905439654,6.17763623779416e-18,4.67079632679486,-1.54480945530204e-17,0.101411272958268,0.994844587720607
64,-0.999964658917535,-0.00840724698765793,-1.00000000005341,1.00000000019249,1.38374728612994e-08,-5.60015810084333e-11,0.101585905436118,1.37674745188653e-09,4.72079631237286,-1.31528308909007e-09,0.101411272900921,0.994844583795015,-0.999964658471358,-0.00840724736710058,-1,1,6.09166620000555e-17,0,0.101585905439654,6.17763623779416e-18,4.72079632679486,-1.69931709388914e-17,0.101411272958268,0.994844587720607
65,-0.998294776273379,-0.0583741430591428,-1.00000000005486,1.00000000020616,1.40125146774096e-08,-5.68626050306323e-11,0.101585905439286,1.39299203926014e-09,4.77079631218763,-1.32794276246884e-09,0.101411272906778,0.994844584209662,-0.998294775794771,-0.0583741434275317,-1,1,6.09166620000555e-17,0,0.101585905439654,6.17763623779416e-18,4.77079632679486,-1.69931709388914e-17,0.101411272958268,0.994844587720607
66,-0.994129676591479,-0.108195134175075,-1.00000000005627,1.00000000022056,1.41672786790408e-08,-5.75876559808705e-11,0.101585905442631,1.40723075597965e-09,4.82079631202349,-1.33875353169491e-09,0.101411272913131,0.994844584641775,-0.994129676080566,-0.10819513453006,-1,1,6.09166620000555e-17,0,0.101585905439654,6.17763623779416e-18,4.82079632679486,-1.65517205429283e-17,0.101411272958268,0.994844587720607
67,-0.987479770451774,-0.157745693804012,-1.00000000005764,1.00000000023566,1.43009809503858e-08,-5.8169004307024e-11,0.101585905446142,1.41939459473322e-09,4.87079631188127,-1.34767723979956e-09,0.10141127291995,0.994844585089696,-0.987479769908887,-0.1577456941432,-1,1,6.09166620000555e-17,0,0.101585905439654,6.17763623779416e-18,4.87079632679486,-1.50066441570572e-17,0.101411272958268,0.994844587720607
68,-0.978361679156273,-0.206901971352376,-1.00000000005896,1.00000000025144,1.44129191149552e-08,-5.85978339685549e-11,0.101585905449811,1.4294224464313e-09,4.92079631176171,-1.35464651423523e-09,0.101411272927219,0.994844585551704,-0.978361678581958,-0.206901971673352,-1,1,6.09166620000555e-17,0,0.101585905439654,6.17763623779416e-18,4.92079632679486,-1.5668819751002e-17,0.101411272958268,0.994844587720607
69,-0.966798193184466,-0.25554110172644,-1.00000000006024,1.00000000026784,1.45024750858861e-08,-5.88672151509918e-11,0.101585905453629,1.43726131193445e-09,4.97079631166549,-1.35958882838803e-09,0.101411272934908,0.994844586026043,-0.966798192579486,-0.255541102026784,-1,1,6.09166620000555e-17,0,0.101585905439654,6.17763623779416e-18,4.97079632679486,-1.54480945530204e-17,0.101411272958268,0.994844587720607
70,-0.952818215228987,-0.303541512431069,-1.00000000006147,1.00000000028484,1.45691191156566e-08,-5.89715777163021e-11,0.101585905457586,1.4428667489871e-09,5.02079631159315,-1.36250548424567e-09,0.101411272943005,0.994844586510848,-0.952818214594332,-0.303541512708382,-1,1,6.09166620000555e-17,0,0.101585905439654,6.17763623779416e-18,5.02079632679486,-1.45651937610941e-17,0.101411272958268,0.994844587720607
71,-0.936456687953944,-0.350783227437651,-1.00000000006265,1.00000000030237,1.46124125181458e-08,-5.89054363701958e-11,0.101585905461673,1.44620260335612e-09,5.07079631154519,-1.36337725069328e-09,0.101411272951451,0.994844587004232,-0.936456687290826,-0.350783227689573,-1,1,6.09166620000555e-17,0,0.101585905439654,6.17763623779416e-18,5.07079632679486,-1.32408425732046e-17,0.101411272958268,0.994844587720607
72,-0.917754506656452,-0.397148167061679,-1.00000000006377,1.0000000003204,1.4632009047844e-08,-5.86651798726349e-11,0.101585905465877,1.44724172080202e-09,5.12079631152198,-1.3621527450297e-09,0.101411272960258,0.994844587504267,-0.917754505966307,-0.397148167285914,-1,1,6.09166620000555e-17,0,0.101585905439654,6.17763623779416e-18,5.12079632679486,-1.45651937610941e-17,0.101411272958268,0.994844587720607
73,-0.896758417049693,-0.442520443100469,-1.00000000006483,1.00000000033886,1.46276573956344e-08,-5.82452993182305e-11,0.10158590547019,1.44596675265723e-09,5.17079631152381,-1.35884575192514e-09,0.101411272969389,0.994844588008987,-0.89675841633418,-0.442520443294807,-1,1,6.09166620000555e-17,0,0.101585905439654,6.17763623779416e-18,5.17079632679486,-1.50066441570572e-17,0.101411272958268,0.994844587720607
74,-0.873520898422981,-0.486786648493315,-1.00000000006582,1.0000000003577,1.45992032991354e-08,-5.76444864343349e-11,0.101585905474597,1.44236887647012e-09,5.22079631155085,-1.35347181374833e-09,0.101411272978793,0.994844588516363,-0.873520897683972,-0.486786648655654,-1,1,6.09166620000555e-17,0,0.101585905439654,6.17763623779416e-18,5.22079632679486,-1.47859189590756e-17,0.101411272958268,0.994844587720607
75,-0.848100032470867,-0.529836140780077,-1.00000000006675,1.00000000037686,1.45465910133296e-08,-5.68606024321516e-11,0.101585905479087,1.43644844726402e-09,5.2707963116032,-1.3460317037334e-09,0.10141127298845,0.994844589024357,-0.848100031710444,-0.529836140908449,-1,1,6.09166620000555e-17,0,0.101585905439654,6.17763623779416e-18,5.27079632679486,-1.45651937610941e-17,0.101411272958268,0.994844587720607
76,-0.820559358119155,-0.571561318649713,-1.0000000000676,1.00000000039626,1.44698639472859e-08,-5.58924215379925e-11,0.101585905483646,1.42821578731117e-09,5.32079631168082,-1.33654225565097e-09,0.101411272998338,0.994844589530916,-0.820559357339599,-0.5715613187423,-1,1,6.09166620000555e-17,0,0.101585905439654,6.17763623779416e-18,5.32079632679486,-1.54480945530204e-17,0.101411272958268,0.994844587720607
77,-0.790967712710684,-0.611857890887517,-1.00000000006839,1.00000000041585,1.43691653832304e-08,-5.47397063472972e-11,0.101585905488261,1.41769072158717e-09,5.37079631178361,-1.32503378399499e-09,0.101411273008416,0.994844590033971,-0.790967711914456,-0.611857890942677,-1,1,6.09166620000555e-17,0,0.101585905439654,6.17763623779416e-18,5.37079632679486,-1.7213896136873e-17,0.101411272958268,0.994844587720607
78,-0.759399059947815,-0.650625137048842,-1.0000000000691,1.00000000043555,1.42447401749451e-08,-5.34021414031734e-11,0.101585905492917,1.40490258518924e-09,5.42079631191134,-1.31156855254742e-09,0.10141127301865,0.994844590531395,-0.759399059137549,-0.650625137065126,-1,1,6.09166620000555e-17,0,0.101585905439654,6.17763623779416e-18,5.42079632679486,-1.83175221267809e-17,0.101411272958268,0.994844587720607
79,-0.7259323050217,-0.687766159207762,-1.00000000006973,1.00000000045529,1.40969347885088e-08,-5.18823499808953e-11,0.101585905497599,1.38989055344277e-09,5.47079631206366,-1.29620505586889e-09,0.101411273029009,0.994844591021092,-0.725932304200183,-0.687766159183933,-1,1,6.09166620000555e-17,0,0.101585905439654,6.17763623779416e-18,5.47079632679486,-1.94211481166888e-17,0.101411272958268,0.994844587720607
80,-0.6906510973904,-0.723188124151419,-1.00000000007029,1.00000000047499,1.39261964758388e-08,-5.01806694232377e-11,0.10158590550229,1.37270343552918e-09,5.52079631224015,-1.27897583124524e-09,0.101411273039452,0.994844591500963,-0.690651096560552,-0.723188124086473,-1,1,6.09166620000555e-17,0,0.101585905439654,6.17763623779416e-18,5.52079632679486,-1.85382473247624e-17,0.101411272958268,0.994844587720607
81,-0.653643621698805,-0.756802495414717,-1.00000000007077,1.00000000049459,1.37330733399894e-08,-4.83015275657695e-11,0.101585905506975,1.35339942128954e-09,5.57079631244028,-1.25997769428135e-09,0.101411273049936,0.994844591968909,-0.653643620863657,-0.756802495307891,-1,1,6.09166620000555e-17,0,0.101585905439654,6.17763623779416e-18,5.57079632679486,-1.83175221267809e-17,0.101411272958268,0.994844587720607
82,-0.615002377362945,-0.788525254575369,-1.00000000007117,1.000000000514,1.35182138445835e-08,-4.62477796427588e-11,0.101585905511635,1.33204632560784e-09,5.62079631266338,-1.23929479632646e-09,0.101411273060429,0.99484459242283,-0.615002376525621,-0.788525254426159,-1,1,6.09166620000555e-17,0,0.101585905439654,6.17763623779416e-18,5.62079632679486,-1.78760717308177e-17,0.101411272958268,0.994844587720607
83,-0.57482394736963,-0.818277111256205,-1.00000000007149,1.00000000053314,1.32823653428349e-08,-4.40232651466338e-11,0.101585905516252,1.30872146172095e-09,5.67079631290871,-1.21701318125262e-09,0.101411273070885,0.994844592860667,-0.574823946533317,-0.818277111064376,-1,1,6.09166620000555e-17,0,0.101585905439654,6.17763623779416e-18,5.67079632679486,-1.83175221267809e-17,0.101411272958268,0.994844587720607
84,-0.53320875686928,-0.84598370130982,-1.00000000007172,1.00000000055195,1.30263721188335e-08,-4.16327584769858e-11,0.101585905520807,1.28351121463521e-09,5.72079631317543,-1.19323044454254e-09,0.10141127308126,0.994844593280391,-0.533208756037204,-0.845983701075413,-1,1,6.09166620000555e-17,0,0.101585905439654,6.17763623779416e-18,5.72079632679486,-2.07454993045782e-17,0.101411272958268,0.994844587720607
85,-0.490260822165348,-0.871575772690217,-1.00000000007188,1.00000000057034,1.27511739044884e-08,-3.90829814796786e-11,0.10158590552528,1.25651101347554e-09,5.77079631346257,-1.16808387749501e-09,0.101411273091511,0.994844593679991,-0.49026082134075,-0.871575772413556,-1,1,6.09166620000555e-17,0,0.101585905439654,6.17763623779416e-18,5.77079632679486,-2.18491252944861e-17,0.101411272958268,0.994844587720607
86,-0.446087490727738,-0.894989358546859,-1.00000000007195,1.00000000058823,1.24578018232126e-08,-3.63785342910592e-11,0.10158590552965,1.22782510664812e-09,5.8207963137691,-1.14161931501515e-09,0.101411273101596,0.994844594057575,-0.446087489913844,-0.894989358228554,-1,1,6.09166620000555e-17,0,0.101585905439654,6.17763623779416e-18,5.82079632679486,-2.22905756904493e-17,0.101411272958268,0.994844587720607
87,-0.400799172880035,-0.916165937108482,-1.00000000007195,1.00000000060554,1.2147376794816e-08,-3.35276832904352e-11,0.101585905533897,1.19756563485726e-09,5.87079631409386,-1.11406575011329e-09,0.101411273111444,0.994844594411211,-0.400799172080028,-0.916165936749427,-1,1,6.09166620000555e-17,0,0.101585905439654,6.17763623779416e-18,5.87079632679486,-2.27320260864124e-17,0.101411272958268,0.994844587720607
88,-0.354509065831192,-0.935052577957052,-1.00000000007186,1.00000000062221,1.18211040800005e-08,-3.05382503834908e-11,0.101585905537999,1.16585299136333e-09,5.92079631443562,-1.08544423442615e-09,0.101411273121041,0.994844594739175,-0.354509065048185,-0.935052577558423,-1,1,6.09166620000555e-17,0,0.101585905439654,6.17763623779416e-18,5.92079632679486,-2.4497827670265e-17,0.101411272958268,0.994844587720607
89,-0.307332870741466,-0.951602074326241,-1.00000000007169,1.00000000063814,1.14802695058356e-08,-2.74173612088423e-11,0.101585905541933,1.13281473382863e-09,5.97079631479306,-1.05600277683658e-09,0.101411273130291,0.994844595039705,-0.307332869978474,-0.951602073889492,-1,1,6.09166620000555e-17,0,0.101585905439654,6.17763623779416e-18,5.97079632679486,-2.60429040561361e-17,0.101411272958268,0.994844587720607
90,-0.25938850352977,-0.965773061093766,-1.00000000007145,1.00000000065328,1.11262333127239e-08,-2.41746247488875e-11,0.101585905545675,1.09858514054364e-09,6.02079631516478,-1.02580161837532e-09,0.101411273139177,0.994844595311272,-0.259388502789681,-0.965773060620617,-1,1,6.09166620000555e-17,0,0.101585905439654,6.17763623779416e-18,6.02079632679485,-2.51600032642098e-17,0.101411272958268,0.994844587720607
91,-0.210795800145284,-0.977530118172651,-1.00000000007113,1.00000000066754,1.07604229674126e-08,-2.08199028499788e-11,0.101585905549206,1.06330510248797e-09,6.0707963155493,-9.94985221146672e-10,0.101411273147634,0.99484459555243,-0.210795799430835,-0.977530117665077,-1,1,6.09166620000555e-17,0,0.101585905439654,6.17763623779416e-18,6.07079632679485,-2.67050796500808e-17,0.101411272958268,0.994844587720607
92,-0.161676217039992,-0.986843859043002,-1.00000000007073,1.00000000068086,1.03843282298638e-08,-1.73611660056931e-11,0.1015859055525,1.02712057836002e-09,6.12079631594506,-9.6375799722072e-10,0.101411273155602,0.99484459576184,-0.161676216353742,-0.986843858503218,-1,1,6.09166620000555e-17,0,0.101585905439654,6.17763623779416e-18,6.12079632679485,-2.60429040561361e-17,0.101411272958268,0.994844587720607
93,-0.112152527590803,-0.993691004203003,-1.00000000007026,1.00000000069317,9.99949146227684e-09,-1.38113538863721e-11,0.101585905555535,9.901821162474e-10,6.17079631635046,-9.32215943086285e-10,0.101411273163031,0.994844595938407,-0.112152526935111,-0.993691003633448,-1,1,6.09166620000555e-17,0,0.101585905439654,6.17763623779416e-18,6.17079632679485,-2.71465300460439e-17,0.101411272958268,0.994844587720607
94,-0.062348515230049,-0.998054439355552,-1.00000000006972,1.0000000007044,9.60749862917218e-09,-1.01813863912897e-11,0.101585905558288,9.52643839522676e-10,6.22079631676383,-9.00524713900077e-10,0.101411273169859,0.994844596081175,-0.0623485146070489,-0.998054438758865,-1,1,6.09166620000555e-17,0,0.101585905439654,6.17763623779416e-18,6.22079632679485,-2.62636292541176e-17,0.101411272958268,0.994844587720607
95,-0.0123886640513638,-0.99992325818509,-1.00000000006911,1.0000000007145,9.20996982781619e-09,-6.48282504549937e-12,0.101585905560738,9.1466230490427e-10,6.27079631718349,-8.68807526910904e-10,0.101411273176031,0.994844596189426,-0.0123886634629479,-0.999923257564088,-1,1,6.09166620000555e-17,0,0.101585905439654,6.17763623779416e-18,6.27079632679485,-2.71465300460439e-17,0.101411272958268,0.994844587720607
96,0.0376021523357196,-0.999292789617712,-1.00000000006843,1.00000000072342,8.80854921293183e-09,-2.72827962006059e-12,0.101585905562863,8.76395976893592e-10,6.32079631760769,-8.37267740001138e-10,0.101411273181506,0.99484459626261,0.0376021528879193,-0.999292788975367,-1,1,6.09166620000555e-17,0,0.101585905439654,6.17763623779416e-18,6.32079632679485,-2.60429040561361e-17,0.101411272958268,0.994844587720607
97,0.0874989829247636,-0.996164609496422,-1.00000000006769,1.00000000073109,8.40489145532869e-09,1.06913004838873e-12,0.101585905564643,8.3800379841477e-10,6.37079631803467,-8.05925060303596e-10,0.101411273186226,0.994844596300543,0.0874989834393893,-0.996164608835832,-1,1,6.09166620000555e-17,0,0.101585905439654,6.17763623779416e-18,6.37079632679485,-2.56014536601729e-17,0.101411272958268,0.994844587720607
98,0.137177111624871,-0.990546536642347,-1.00000000006689,1.00000000073747,8.00065111463785e-09,4.89613646419285e-12,0.10158590556606,7.99643080304131e-10,6.42079631846269,-7.75006976792221e-10,0.101411273190123,0.994844596303165,0.13717711210085,-0.990546535966707,-1,1,6.09166620000555e-17,0,0.101585905439654,6.17763623779416e-18,6.42079632679485,-2.62636292541176e-17,0.101411272958268,0.994844587720607
99,0.186512368985963,-0.982452613311757,-1.00000000006604,1.00000000074251,7.59746976966589e-09,8.73702928114751e-12,0.101585905567097,7.61469119628996e-10,6.47079631888998,-7.44590798562633e-10,0.101411273193171,0.994844596270782,0.186512369422518,-0.982452612624328,-1,1,6.09166620000555e-17,0,0.101585905439654,6.17763623779416e-18,6.47079632679485,-2.67050796500808e-17,0.101411272958268,0.994844587720607
100,0.235381442557744,-0.971903070097739,-1.00000000006513,1.0000000007462,7.19696096933218e-09,1.25781645506115e-11,0.101585905567739,7.23634063586598e-10,6.52079631931482,-7.14776736107109e-10,0.101411273195329,0.994844596203977,0.235381442954394,-0.971903069401819,-1,1,6.09166620000555e-17,0,0.101585905439654,6.17763623779416e-18,6.52079632679485,-2.71465300460439e-17,0.101411272958268,0.994844587720607
101,0.283662185106604,-0.958924275364248,-1.00000000006417,1.00000000074846,6.80144401479798e-09,1.6468727460817e-11,0.101585905568157,6.86460867661699e-10,6.57079631973481,-6.78461559173584e-10,0.101411273200812,0.994844596074939,0.28366218546317,-0.958924274663138,-1,1,6.09166620000555e-17,0,0.101585905439654,6.17763623779416e-18,6.57079632679485,-2.49392780662282e-17,0.101411272958268,0.994844587720607
102,0.331233919920095,-0.943548669338929,-1.00000000006317,1.00000000074918,6.41494462778678e-09,2.05857408348639e-11,0.101585905568859,6.5061466741535e-10,6.62079632014604,-6.30242591066037e-10,0.101411273213608,0.99484459585013,0.331233920236698,-0.943548668635909,-1,1,6.09166620000555e-17,0,0.101585905439654,6.17763623779416e-18,6.62079632679485,-2.53807284621913e-17,0.101411272958268,0.994844587720607
103,0.377977742435854,-0.925814683029432,-1.00000000006213,1.00000000074813,6.04031380237147e-09,2.49142351430657e-11,0.101585905569831,6.16328676490313e-10,6.67079632054596,-5.97629094559064e-10,0.101411273218793,0.994844595617981,0.377977742712925,-0.925814682327737,-1,1,6.09166620000555e-17,0,0.101585905439654,6.17763623779416e-18,6.67079632679485,-2.4497827670265e-17,0.101411272958268,0.994844587720607
104,0.423776817441085,-0.905766642165908,-1.00000000006107,1.00000000074522,5.67803546499251e-09,2.92107061784075e-11,0.101585905570482,5.83326695699794e-10,6.72079632093411,-5.75852294473805e-10,0.101411273218692,0.994844595376577,0.423776817679373,-0.905766641468711,-1,1,6.09166620000555e-17,0,0.101585905439654,6.17763623779416e-18,6.72079632679485,-2.49392780662282e-17,0.101411272958268,0.994844587720607
105,0.46851667109976,-0.883454656409783,-1.00000000005998,1.00000000074049,5.32844935668535e-09,3.33527107699332e-11,0.101585905570428,5.51462056936171e-10,6.77079632130997,-5.60958551866492e-10,0.101411273214848,0.994844595124195,0.468516671300323,-0.883454655720162,-1,1,6.09166620000555e-17,0,0.101585905439654,6.17763623779416e-18,6.77079632679485,-2.53807284621913e-17,0.101411272958268,0.994844587720607
106,0.5120854770776,-0.858934494105702,-1.00000000005886,1.00000000073404,4.99181268010594e-09,3.72915448326154e-11,0.101585905569459,5.20676511930356e-10,6.82079632167295,-5.4980013302223e-10,0.101411273208422,0.994844594859987,0.512085477241788,-0.858934493426603,-1,1,6.09166620000555e-17,0,0.101585905439654,6.17763623779416e-18,6.82079632679485,-2.38356520763203e-17,0.101411272958268,0.994844587720607
107,0.554374336049685,-0.832267442889717,-1.00000000005771,1.00000000072598,4.66833059731851e-09,4.1013454260222e-11,0.101585905567498,4.90968700145668e-10,6.87079632202246,-5.40184509322298e-10,0.101411273200168,0.994844594583914,0.554374336179109,-0.832267442223914,-1,1,6.09166620000555e-17,0,0.101585905439654,6.17763623779416e-18,6.87079632679485,-2.36149268783387e-17,0.101411272958268,0.994844587720607
108,0.595277547892052,-0.803520156502107,-1.00000000005653,1.00000000071645,4.35817308582191e-09,4.45153042255119e-11,0.10158590556456,4.62367072648954e-10,6.92079632235791,-5.3057699934704e-10,0.101411273190536,0.994844594296613,0.595277547988556,-0.80352015585217,-1,1,6.09166620000555e-17,0,0.101585905439654,6.17763623779416e-18,6.92079632679485,-2.33942016803571e-17,0.101411272958268,0.994844587720607
109,0.634692875876966,-0.772764488187739,-1.00000000005532,1.00000000070555,4.0614828786274e-09,4.780198715037e-11,0.101585905560724,4.34913107358165e-10,6.97079632267878,-5.199898301968e-10,0.101411273179888,0.994844593999281,0.634692875942585,-0.772764487556004,-1,1,6.09166620000555e-17,0,0.101585905439654,6.17763623779416e-18,6.97079632679485,-2.36149268783387e-17,0.101411272958268,0.994844587720607
110,0.672521802211494,-0.74007731110037,-1.00000000005408,1.0000000006934,3.77837739337507e-09,5.08731776558467e-11,0.101585905556112,4.08648855728284e-10,7.02079632298458,-5.07949650838165e-10,0.101411273168376,0.994844593693511,0.672521802248418,-0.740077310488913,-1,1,6.09166620000555e-17,0,0.101585905439654,6.17763623779416e-18,7.02079632679485,-2.40563772743019e-17,0.101411272958268,0.994844587720607
111,0.708669774280682,-0.705540326159793,-1.0000000000528,1.00000000068007,3.50894455157241e-09,5.37277968874561e-11,0.101585905550861,3.83609044139816e-10,7.07079632327495,-4.94222350643247e-10,0.101411273156176,0.994844593381242,0.708669774291214,-0.705540325570412,-1,1,6.09166620000555e-17,0,0.101585905439654,6.17763623779416e-18,7.07079632679485,-2.4497827670265e-17,0.101411272958268,0.994844587720607
112,0.743046440979849,-0.669239857842077,-1.00000000005151,1.00000000066564,3.25323460143297e-09,5.63595740806176e-11,0.101585905545119,3.59817761061726e-10,7.12079632354962,-4.7874841165645e-10,0.101411273143399,0.994844593064694,0.743046440966365,-0.669239857276284,-1,1,6.09166620000555e-17,0,0.101585905439654,6.17763623779416e-18,7.12079632679485,-2.73672552440255e-17,0.101411272958268,0.994844587720607
113,0.775565878545292,-0.631266638413332,-1.00000000005019,1.00000000065018,3.01125311627959e-09,5.87603987732189e-11,0.101585905539032,3.37285976785278e-10,7.17079632380843,-4.61700949024558e-10,0.101411273130164,0.994844592746174,0.775565878510207,-0.631266637872345,-1,1,6.09166620000555e-17,0,0.101585905439654,6.17763623779416e-18,7.17079632679485,-2.62636292541176e-17,0.101411272958268,0.994844587720607
114,0.806146805318947,-0.591715581146286,-1.00000000004885,1.00000000063376,2.78295478517671e-09,6.0921111177178e-11,0.101585905532735,3.16011171412231e-10,7.22079632405134,-4.43346408628091e-10,0.101411273116567,0.994844592428027,0.806146805264674,-0.591715580631035,-1,1,6.09166620000555e-17,0,0.101585905439654,6.17763623779416e-18,7.22079632679485,-2.33942016803571e-17,0.101411272958268,0.994844587720607
115,0.834712784910197,-0.550685543086534,-1.00000000004751,1.00000000061644,2.56823547214119e-09,6.28336612205798e-11,0.101585905526351,2.95978359900039e-10,7.27079632427842,-4.2389129821049e-10,0.101411273102753,0.994844592112642,0.83471278483912,-0.550685542597664,-1,1,6.09166620000555e-17,0,0.101585905439654,6.17763623779416e-18,7.27079632679485,-2.2952751284394e-17,0.101411272958268,0.994844587720607
116,0.86119241724704,-0.508279077961398,-1.00000000004616,1.00000000059829,2.36692957759992e-09,6.44899712285523e-11,0.101585905519986,2.77161595419312e-10,7.32079632448987,-4.0372293362265e-10,0.101411273088834,0.994844591802209,0.861192417161483,-0.508279077499286,-1,1,6.09166620000555e-17,0,0.101585905439654,6.17763623779416e-18,7.32079632679485,-2.51600032642097e-17,0.101411272958268,0.994844587720607
117,0.885519517039081,-0.464602179849017,-1.0000000000448,1.00000000057939,2.17880786240766e-09,6.58822993259824e-11,0.101585905513731,2.59525339079427e-10,7.37079632468598,-3.83061745497047e-10,0.101411273074949,0.994844591498849,0.885519516941283,-0.464602179413786,-1,1,6.09166620000555e-17,0,0.101585905439654,6.17763623779416e-18,7.37079632679485,-2.60429040561361e-17,0.101411272958268,0.994844587720607
118,0.907633279206287,-0.419764018248353,-1.00000000004346,1.00000000055982,2.00357802095198e-09,6.70091966251273e-11,0.10158590550766,2.43026632781759e-10,7.42079632486715,-3.62219069527124e-10,0.101411273061234,0.994844591204424,0.907633279098379,-0.41976401783989,-1,1,6.09166620000555e-17,0,0.101585905439654,6.17763623779416e-18,7.42079632679485,-2.64843544520992e-17,0.101411272958268,0.994844587720607
119,0.927478430860013,-0.373876665212289,-1.00000000004212,1.00000000053966,1.84075145225735e-09,6.78692896397067e-11,0.101585905501833,2.27603015596378e-10,7.47079632503401,-3.41417650127881e-10,0.101411273047818,0.994844590926056,0.927478430744004,-0.373876664830268,-1,1,6.09166620000555e-17,0,0.101585905439654,6.17763623779416e-18,7.47079632679485,-2.75879804420071e-17,0.101411272958268,0.994844587720607
120,0.945005369456437,-0.327054815225868,-1.0000000000408,1.00000000051901,1.68971837892345e-09,6.84633949958625e-11,0.101585905496298,2.13182002958873e-10,7.52079632518732,-3.20691273898876e-10,0.101411273034858,0.994844590662328,0.945005369334197,-0.327054814869773,-1,1,6.09166620000555e-17,0,0.101585905439654,6.17763623779416e-18,7.52079632679485,-2.93537820258597e-17,0.101411272958268,0.994844587720607
121,0.960170286777085,-0.279415498529809,-1.00000000003949,1.00000000049796,1.55004581253432e-09,6.87973645120753e-11,0.101585905491092,1.99710770805069e-10,7.57079632532768,-3.00331390681218e-10,0.101411273022423,0.994844590408259,0.960170286650338,-0.279415498198959,-1,1,6.09166620000555e-17,0,0.101585905439654,6.17763623779416e-18,7.57079632679485,-2.89123316298966e-17,0.101411272958268,0.994844587720607
122,0.972935278426557,-0.231077788605854,-1.00000000003821,1.00000000047663,1.42139009620495e-09,6.88776801027813e-11,0.10158590548624,1.8714748436977e-10,7.62079632545563,-2.80526549336249e-10,0.101411273010622,0.994844590165644,0.972935278296872,-0.231077788299426,-1,1,6.09166620000555e-17,0,0.101585905439654,6.17763623779416e-18,7.62079632679485,-2.91330568278781e-17,0.101411272958268,0.994844587720607
123,0.983268438573773,-0.182162504555074,-1.00000000003694,1.00000000045512,1.30333495976534e-09,6.87136756864138e-11,0.101585905481752,1.7544671927809e-10,7.67079632557177,-2.61502755885145e-10,0.101411272999547,0.994844589935723,0.983268438442561,-0.18216250427213,-1,1,6.09166620000555e-17,0,0.101585905439654,6.17763623779416e-18,7.67079632679485,-2.86916064319149e-17,0.101411272958268,0.994844587720607
124,0.991143939699931,-0.132791909113044,-1.0000000000357,1.00000000043352,1.19541011926152e-09,6.83149152590316e-11,0.101585905477628,1.6456148849967e-10,7.72079632567676,-2.43391654755699e-10,0.10141127298926,0.994844589719303,0.991143939568448,-0.132791908852553,-1,1,6.09166620000555e-17,0,0.101585905439654,6.17763623779416e-18,7.72079632679485,-2.73672552440255e-17,0.101411272958268,0.994844587720607
125,0.996542097153852,-0.0830894030566751,-1.00000000003447,1.00000000041195,1.09710630790392e-09,6.76959708948324e-11,0.101585905473861,1.54444243625747e-10,7.77079632577127,-2.26249016537613e-10,0.101411272979797,0.994844589516844,0.996542097023199,-0.0830894028175325,-1,1,6.09166620000555e-17,0,0.101585905439654,6.17763623779416e-18,7.77079632679485,-2.73672552440255e-17,0.101411272958268,0.994844587720607
126,0.999449418353358,-0.0331792167665389,-1.00000000003328,1.0000000003905,1.00789007794984e-09,6.68728219264666e-11,0.101585905470437,1.45048851419671e-10,7.82079632585602,-2.10114773807171e-10,0.101411272971218,0.994844589328457,0.999449418224483,-0.033179216547593,-1,1,6.09166620000555e-17,0,0.101585905439654,6.17763623779416e-18,7.82079632679485,-2.71465300460439e-17,0.101411272958268,0.994844587720607
