step,position_error_m,attitude_error_deg,velocity_error_ms,rate_error_rads,thrust_error_N,yaw_error_raw_rad,yaw_error_corrected_rad,fullstate_error,cumulative_mse_pos,cumulative_rmse_pos,cumulative_mse_full,cumulative_rmse_full,cumulative_mse_input,cumulative_rmse_input,in_track,solve_time_s,deadline_miss,tx_time_s,total_latency_s,state_age_s,qp_fail
1,0,0,0,0,0,0,0,0,0,0,0,0,0,0,1,0.0303782,0,0.01,0.0403782,0,0
2,4.28113356624637e-14,1.27251250125551e-14,5.34067486619848e-15,2.09995924945896e-16,1.57009245868378e-16,2.22044604925031e-16,2.22044604925031e-16,4.31445401616197e-14,9.16405230602068e-28,3.02721857585816e-14,9.30725672878806e-28,3.05077969194566e-14,0.000332568095178375,0.0182364496319425,1,0.0186497,0,0.01,0.0286497,0.04,0
3,0.000114859911950685,0.682727570529714,0.00395548621570354,0.278901983743166,0.0256657203650429,-0.00130127418100368,-0.00130127418100368,0.280361716609029,4.39759979110638e-09,6.63144010838247e-05,0.0262008973799872,0.161866912554688,0.000633703935450263,0.0251734768248302,1,0.0174958,0,0.01,0.0274958,0.04,0
4,0.00153763575329602,1.62706613093363,0.0275333328461358,0.196605536634587,0.0349181737836904,-0.00467090491698485,-0.00467090491698485,0.20356790462861,5.94379127296888e-07,0.000770959873986246,0.0300106459837111,0.173235810338715,0.000613371698651574,0.024766342052301,1,0.0264326,0,0.01,0.0364326,0.04,0
5,0.00532365840114019,1.24900927493787,0.0469052767367498,0.316226538435736,0.0233847284450172,-0.00617432271667662,-0.00617432271667662,0.321324953897371,6.14377105624361e-06,0.00247866315909274,0.0446584619863984,0.211325488255436,0.000554042211194537,0.023538101265704,1,0.0164855,0,0.01,0.0264855,0.04,0
6,0.00990069799670395,2.19214624186903,0.0488250278981019,0.396276783946393,0.0177718902935654,-0.00474174678282968,-0.00474174678282968,0.40161782496279,2.14571126838593e-05,0.00463218228094051,0.0640981978766391,0.253176219018768,0.000762640986509683,0.0276159552887399,1,0.012545,0,0.01,0.022545,0.04,0
7,0.0133194162463004,3.0188880034242,0.0618770364984877,0.160572104117979,0.0422641382388284,-0.00283901413735532,-0.00283901413735532,0.185342978390089,4.37356464636239e-05,0.00661329316329043,0.0598487438426205,0.244640029109344,0.000773881702503624,0.0278187293473951,1,0.0119764,0,0.01,0.0219764,0.04,0
8,0.017006091728699,2.10002203858079,0.0938233624627776,0.200242582114944,0.0287434009441636,-0.00347365082681494,-0.00347365082681494,0.226624571278184,7.44195851412864e-05,0.00862667868540879,0.0587874879006705,0.242461312173036,0.000814215300269427,0.0285344581211809,1,0.0119097,0,0.01,0.0219097,0.04,0
9,0.0236305056135631,1.80018937352966,0.118853572886621,0.215074534881979,0.0328394883966535,-0.00447581775615902,-0.00447581775615902,0.251012406583157,0.000128195275186992,0.011322335235586,0.059256347940448,0.243426267975434,0.000827769599316017,0.0287709853726982,1,0.0125635,0,0.01,0.0225635,0.04,0
10,0.0336275442266742,0.71172985607364,0.13829609752746,0.285678885896592,0.0303200300545106,-0.0051037578790738,-0.0051037578790738,0.320846784626892,0.000228456920739986,0.0151147914553918,0.0636249790669448,0.252239923618258,0.000759255610113941,0.0275545932670751,1,0.0117885,0,0.01,0.0217885,0.04,0
11,0.0458110436832687,1.27870898263273,0.133363977945719,0.335645125480756,0.0117652118163799,-0.0054532459302048,-0.0054532459302048,0.364936640708074,0.000398474630068201,0.0199618293266975,0.0699480493091583,0.264476935306575,0.000845109536387885,0.029070767729592,1,0.0126648,0,0.01,0.0226648,0.04,0
12,0.0566978473396675,2.9758545431138,0.0975811244884415,0.471882870794395,0.041028066259223,-0.00622145916001626,-0.00622145916001626,0.489684665197749,0.000633155568641871,0.0251625827100851,0.0841016344775478,0.290002818051045,0.00102676306536941,0.0320431438122012,0,0.0130526,0,0.01,0.0230526,0.04,0
13,0.0629124166414093,3.95535902886006,0.0549133622796979,0.279019904548464,0.054621064594194,-0.0072219509406688,-0.0072219509406688,0.304260933706162,0.000888910691643441,0.0298146053410646,0.0847534099623322,0.291124389157508,0.00107067529164258,0.0327211749734416,0,0.0133853,0,0.01,0.0233853,0.04,0
14,0.0636920615322904,3.01000870209191,0.0766478116286434,0.208526109793493,0.0396254276078088,-0.00598788939617023,-0.00598788939617023,0.240301391904634,0.00111517983525699,0.0333943084260924,0.0828242206044016,0.287791974530913,0.00121328096268472,0.0348321828584531,0,0.0136863,0,0.01,0.0236863,0.04,0
15,0.0610630240873184,1.59206080960091,0.103429082613763,0.734342803760769,0.0550439962437898,-0.00609705485548862,-0.00609705485548862,0.746650898253944,0.00128941404028575,0.03590841183185,0.114468443488336,0.33833185408462,0.00141453220879225,0.0376102673321029,0,0.0118484,0,0.01,0.0218484,0.04,0
16,0.057338491604837,2.30758603951697,0.0831763347568746,0.0268501573532556,0.0644976027748834,-0.00750489502558516,-0.00750489502558516,0.129263105875215,0.00141430707648776,0.0376072742496417,0.108358475179097,0.329178485291941,0.00144510705750707,0.0380145637553171,0,0.0129105,0,0.01,0.0229105,0.04,0
17,0.0541046828688705,2.5277424247577,0.0530806593866604,0.271887967385851,0.0432094805582306,-0.00596604581698701,-0.00596604581698701,0.288931387318675,0.00150330764306737,0.0387725114361627,0.106895114673144,0.326948183468182,0.00142827328609058,0.0377925030408226,0,0.0131147,0,0.01,0.0231147,0.04,0
18,0.0508275988474641,3.22580774618749,0.0326627312145833,0.221474652145791,0.0337038272211107,-0.00184151147429112,-0.00184151147429112,0.238761527728655,0.00156331526315244,0.0395387817611069,0.104123556475931,0.322681819252234,0.00141984605231239,0.0376808446337445,0,0.0120461,0,0.01,0.0220461,0.04,0
19,0.0486949698404347,2.11926934009509,0.0578969411639854,0.365717191239385,0.0355932090716349,0.000985073981837115,0.000985073981837115,0.376971252715517,0.0016058355170792,0.0400728775742297,0.106122702207404,0.325764795838046,0.00148961254888974,0.0385954990755365,1,0.0123516,0,0.01,0.0223516,0.04,0
20,0.0482161324070756,0.624118646541161,0.0812464771580782,0.423009663842884,0.0519867203239743,0.00201391873738377,0.00201391873738377,0.436674061619319,0.00164178351244007,0.04051892782935,0.110350778901589,0.33219087721006,0.00145763723764785,0.038179015671542,1,0.0124024,0,0.01,0.0224024,0.04,0
21,0.0494490413574803,1.92587640332039,0.0745062556150435,0.328388348951093,0.0288145219472415,0.00326188452959109,0.00326188452959109,0.343213345027119,0.00168004180666549,0.0409883130497644,0.110705284677928,0.332724036820197,0.0014518761473809,0.0381034925876999,1,0.0118085,0,0.01,0.0218085,0.04,0
22,0.0526543993885511,2.33131286238724,0.0439593015933588,0.335200358746005,0.036449232711311,0.00405174741595271,0.00405174741595271,0.346479919629217,0.00172969835067929,0.0415896423485378,0.111129968770125,0.333361618621768,0.00141874448634943,0.037666224742459,0,0.011674,0,0.01,0.021674,0.04,0
23,0.0552752451027241,1.46626003750494,0.0185881601925728,0.382752274308576,0.0267654654190308,0.00589411827909148,0.00589411827909148,0.388936329845235,0.0017873354972222,0.0422768908178238,0.112875251374619,0.335969122650608,0.00148756037253471,0.0385689042174484,0,0.0128327,0,0.01,0.0228327,0.04,0
24,0.0556965665985483,1.97980402862571,0.0146251722650681,0.346001390964043,0.0544214227885755,0.00832906403906852,0.00832906403906852,0.356635167571763,0.00184211766529071,0.0429198982441794,0.113471642681882,0.336855521970299,0.00157234791770995,0.039652842492184,0,0.012197,0,0.01,0.022197,0.04,0
25,0.0528066695049736,2.59793794797692,0.0536030129042255,0.257166524765854,0.0588997433412623,0.00687157279831174,0.00687157279831174,0.278067576864354,0.00187997473244738,0.0433586754000555,0.112025640066736,0.334702315598108,0.00154060272040084,0.03925051235845,0,0.011992,0,0.01,0.021992,0.04,0
26,0.0459418454366168,1.16421122245795,0.0842977625090509,0.183403666390443,0.027556047919381,0.00283288004186311,0.00283288004186311,0.209823452631029,0.00188884697974256,0.0434608672226241,0.109410264728554,0.33077222484446,0.00152661584264678,0.0390719316472423,1,0.0119771,0,0.01,0.0219771,0.04,0
27,0.0370946134114364,0.892488238083833,0.100038568763224,0.16493288354694,0.0340844032895599,-0.00025203479395941,-0.00025203479395941,0.199977415527942,0.00186985303027594,0.0432417972600116,0.106839179617172,0.32686263111156,0.00147777650951256,0.0384418588196846,1,0.0116796,0,0.01,0.0216796,0.04,0
28,0.0272729141553917,1.6954927723452,0.119282128815007,0.183578330412442,0.0143828761634943,-0.000590283364756861,-0.000590283364756861,0.223059613162579,0.00182963727371349,0.0427742594759219,0.104800480024567,0.323729022524344,0.00151435860425123,0.0389147607502761,1,0.0128942,0,0.01,0.0228942,0.04,0
29,0.018626865956869,1.00748749828908,0.141978768763021,0.508892322387704,0.0498022922932876,0.000690097116989641,0.000690097116989641,0.531286919808793,0.00177851047583976,0.0421723899706877,0.110919973511993,0.33304650352765,0.00156627256219784,0.0395761615394651,1,0.013362,0,0.01,0.023362,0.04,0
30,0.0178928310013448,1.60694439371603,0.140033676350394,0.46545030843699,0.0544985699173735,0.00220763485152053,0.00220763485152053,0.490234915292488,0.00172989857335319,0.0415920494007351,0.115233650133987,0.339460822679124,0.00157403764766055,0.0396741433135052,1,0.0144152,0,0.01,0.0244152,0.04,0
31,0.0243970355417902,3.74752210522594,0.0998136760616351,0.423164100387088,0.0420136261009314,0.0002494678902627,0.0002494678902627,0.442344898431611,0.00169329588851042,0.0411496766513471,0.1178283391351,0.343261327759332,0.00173890051380612,0.041700126064631,1,0.013825,0,0.01,0.023825,0.04,0
32,0.0288066989023052,3.39999483992537,0.0608647284972564,0.793505813134017,0.0813598411292575,-0.000561215967405548,-0.000561215967405548,0.802699574552597,0.00166631245142097,0.0408204905828062,0.134281410005469,0.366444279537107,0.00187516241736352,0.043303145582781,1,0.0122368,0,0.01,0.0222368,0.04,0
33,0.0300304251223974,1.55201012460525,0.0850603189715389,0.179248512399194,0.0773767470415147,-0.00227560521260983,-0.00227560521260983,0.216767195966794,0.00164314620843949,0.0405357398901202,0.131636155679464,0.362816972700374,0.00192775442928677,0.0439062003512803,1,0.0136983,0,0.01,0.0236983,0.04,0
34,0.0330723667896506,0.917989481339449,0.0957750775418355,0.728614338767747,0.0595125923038906,-0.00438929998095094,-0.00438929998095094,0.738203192049153,0.00162698842128154,0.0403359445319127,0.143792267358055,0.379199508646906,0.0020671202495306,0.045465594129304,1,0.0125548,0,0.01,0.0225548,0.04,0
35,0.0383572696391866,3.13351455728359,0.0708280014843133,0.252979410303753,0.0810026728150129,-0.00762990889910231,-0.00762990889910231,0.282911493331126,0.00162253961307844,0.0402807598374018,0.141970742949507,0.376790051553258,0.00202206036715953,0.044967325550443,1,0.0126307,0,0.01,0.0226307,0.04,0
36,0.0439234035312676,1.97142744547049,0.0525421963203457,0.571665935160086,0.0219718930747607,-0.0106249282845328,-0.0106249282845328,0.577198888472906,0.00163105977320878,0.0403863810362946,0.147281515557975,0.383772739466959,0.00207596225917307,0.0455627288380873,1,0.0122478,0,0.01,0.0222478,0.04,0
37,0.046981247313878,2.74703992912819,0.0130833972247895,0.198375179111849,0.0625807386333962,-0.011403603313632,-0.011403603313632,0.218966175546675,0.00164663214688335,0.0405787154415138,0.144596776922179,0.380258828855004,0.00206553315385134,0.0454481369678817,1,0.0127909,0,0.01,0.0227909,0.04,0
38,0.0462310313880095,1.9746095160774,0.0264901005867768,0.586331090685594,0.0409705995567461,-0.00841455012455361,-0.00841455012455361,0.591176369748477,0.00165954467626008,0.0407375094508744,0.149988690691306,0.38728373409079,0.00215074560518908,0.0463761318480647,1,0.0122761,0,0.01,0.0222761,0.04,0
39,0.0432067240820278,3.26134203437413,0.0729663357534127,0.340768245642748,0.0723273697502289,-0.00405703772446575,-0.00405703772446575,0.363022273247408,0.00166485945394316,0.040802689297927,0.149521933772906,0.386680661234701,0.00214390938801913,0.0463023691404568,1,0.0133311,0,0.01,0.0233311,0.04,0
40,0.0391059547876002,1.49945095997508,0.112757096125968,0.714023579739261,0.0432055405385419,0.000988781118079096,0.000988781118079096,0.72568913256875,0.00166146986009083,0.0407611317322131,0.158949503356793,0.398684716733402,0.00213686697649344,0.0462262585171398,1,0.0127394,0,0.01,0.0227394,0.04,0
41,0.0353825135847059,2.49084764586139,0.09985759007533,0.316948421996359,0.0428517737325438,0.00566672555329761,0.00566672555329761,0.33971455935659,0.00165148089441964,0.0406384164851393,0.157887466246599,0.397350558382141,0.00211531604532448,0.0459925651092052,1,0.0125634,0,0.01,0.0225634,0.04,0
42,0.0328637177634534,3.32977312464634,0.0615366976984059,0.27284593523654,0.0351455810343416,0.00764957096362284,0.00764957096362284,0.289696940264004,0.00163787477658193,0.0404706656305766,0.156126438888307,0.395128382792614,0.00211893731192046,0.0460319162312461,1,0.012167,0,0.01,0.022167,0.04,0
43,0.0297240579277404,3.55706657674371,0.0591685051912678,0.27564490769475,0.047281716249123,0.00653100902886239,0.00653100902886239,0.294031201026389,0.00162033163339844,0.0402533431331913,0.154506157685719,0.393072712975244,0.00210511516029597,0.0458815339793251,1,0.0120308,0,0.01,0.0220308,0.04,0
44,0.024834673075752,0.741499651345328,0.0837203117366003,0.830105745696395,0.0390097812447981,0.0027002043729567,0.0027002043729567,0.835697701883056,0.00159752320961164,0.0399690281294359,0.166867168850421,0.408493780675326,0.00221414841126373,0.047054738457075,1,0.0128687,0,0.01,0.0228687,0.04,0
45,0.0215977247438003,2.37875191919043,0.0554633341072223,0.184975277542461,0.0825058315010036,0.00127450778710569,0.00127450778710569,0.215149655761433,0.00157238850971158,0.0396533543311481,0.164187662306506,0.4052007678997,0.00217720140101528,0.0466604907926961,1,0.0113805,0,0.01,0.0213805,0.04,0
46,0.0211599323585386,0.597728221053191,0.0296257817771665,0.281334835112672,0.0231193714224627,0.000650540163447122,0.000650540163447122,0.284812320452063,0.00154793968857476,0.0393438646878362,0.162381801340741,0.402966253352239,0.00214731966170362,0.0463391806326312,1,0.0111663,0,0.01,0.0211663,0.04,0
47,0.0210513486010696,0.513449375803222,0.0272178346243188,0.11639797555368,0.0281990107483884,0.00087036928124018,0.00087036928124018,0.124931777742026,0.0015244337223907,0.0390439972645053,0.159258953420508,0.399072616725963,0.00211074271492626,0.0459428200584842,1,0.0117166,0,0.01,0.0217166,0.04,0
48,0.021715451502548,0.698388209630383,0.0216330492301639,0.0822395704677195,0.0204955914935702,0.00154776849233906,0.00154776849233906,0.0909480171867361,0.00150249887054838,0.038762080317604,0.15611338234571,0.395111860548009,0.00208493995274834,0.0456611427008604,1,0.0119966,0,0.01,0.0219966,0.04,0
49,0.022165681244205,1.41893169473099,0.0110520714090787,0.372561509194436,0.0293466676242942,0.00381690323036343,0.00381690323036343,0.375353270198846,0.00148186251451719,0.0384949673920785,0.155802702653939,0.394718510655301,0.00209286225101181,0.0457478114341201,1,0.0122559,0,0.01,0.0222559,0.04,0
50,0.0219729083957278,2.61799981835373,0.0310070578688421,0.325881962650327,0.0493839406327583,0.00703917223130457,0.00703917223130457,0.33491774791562,0.00146188143829418,0.0382345581678955,0.154930046558238,0.39361154271469,0.00210141228932214,0.0458411636994758,1,0.0127242,0,0.01,0.0227242,0.04,0
51,0.0218936264049919,1.70570115343336,0.0671676318626572,0.566010584288933,0.0499473851441321,0.00878491527013292,0.00878491527013292,0.573358355116108,0.00144261574101707,0.0379817816988233,0.158338081005752,0.397917178575834,0.00211501411540874,0.0459892826146346,1,0.0132445,0,0.01,0.0232445,0.04,0
52,0.0241623792790805,1.44009982755074,0.0670700295610961,0.366900992651017,0.0525422591510786,0.00769991538560433,0.00769991538560433,0.378273682809135,0.0014261004493134,0.0377637451706448,0.158044867507679,0.397548572513699,0.00208127038057646,0.0456209423464319,1,0.0119975,0,0.01,0.0219975,0.04,0
53,0.0275434852292283,1.94391249394501,0.0444937194486965,0.354646188261801,0.018869777385896,0.00577318131988136,0.00577318131988136,0.360582042006848,0.00141350692345037,0.0375966344697283,0.157516085272022,0.396882961680168,0.00206588932239954,0.0454520552054529,1,0.0117002,0,0.01,0.0217002,0.04,0
54,0.0294404674269647,2.5331729005678,0.0325167969959813,0.122515784449992,0.0354385913603094,0.00697600573402024,0.00697600573402024,0.141932426564021,0.00140338163083681,0.037461735555588,0.154972172835695,0.393665051580267,0.00203623665320752,0.0451246789817669,1,0.011851,0,0.01,0.021851,0.04,0
55,0.0287256879484607,1.75784454006026,0.0513550359285929,0.403448420540618,0.0215511947106487,0.0105311296427582,0.0105311296427582,0.409437247974863,0.00139286860387818,0.0373211549108301,0.155202476239213,0.393957454859295,0.00202300712224607,0.0449778514632043,1,0.01232,0,0.01,0.02232,0.04,0
56,0.0262526250139254,2.05757407798771,0.0562602763414426,0.111098019986044,0.0359140973759633,0.013858108117792,0.013858108117792,0.137027891813341,0.0013803030988111,0.0371524305908927,0.152766300648063,0.390853298115883,0.00201790699326734,0.0449211196795821,1,0.0126676,0,0.01,0.0226676,0.04,0
57,0.0229991348146645,1.76689816736483,0.0589878346665308,0.588293083368885,0.0414006660746605,0.0168889254636415,0.0168889254636415,0.593937947877951,0.00136536725852008,0.0369508762889337,0.156275002144228,0.395316331744881,0.00203709713389658,0.0451342124545957,1,0.0122327,0,0.01,0.0222327,0.04,0
58,0.0207459388726256,3.41453215629251,0.0370982710267858,0.0139160104988222,0.0553463582156198,0.0192067708024508,0.0192067708024508,0.0928175306600627,0.00134924702957503,0.0367320980829441,0.153729141658946,0.392083080046749,0.00207332876032004,0.0455338199618705,1,0.012898,0,0.01,0.022898,0.04,0
59,0.020133467174785,1.1202970530248,0.0513625613719971,1.03696145383193,0.0642672265953887,0.0157745485608904,0.0157745485608904,1.0405984418444,0.00133324888501406,0.0365136807924655,0.169476870057421,0.411675685531003,0.00227481876498079,0.0476950601737831,1,0.0139162,0,0.01,0.0239162,0.04,0
60,0.0203517301644037,2.75777246737323,0.054238749983869,0.41283442768474,0.117286103060288,0.0109599321538605,0.0109599321538605,0.435730466196787,0.00131793128560857,0.0363033233411016,0.169816606209332,0.412088104911233,0.00226004909608506,0.0475399736651701,1,0.0121401,0,0.01,0.0221401,0.04,0
61,0.0204871490376597,1.45462991470897,0.0525012884390058,0.448164300979295,0.0366568815974445,0.00742646048183637,0.00742646048183637,0.453889447863486,0.00130320656413452,0.0360999524118041,0.170410032843307,0.412807500953298,0.00226484742826764,0.0475904131970677,1,0.0130087,0,0.01,0.0230087,0.04,0
62,0.0206974995936433,1.97480790530288,0.0218753855114365,0.336382872543886,0.0502879167145487,0.00185571534143048,0.00185571534143048,0.343186826215066,0.00128909656292959,0.035903990905324,0.169561116147247,0.411777993762715,0.0022452264139461,0.0473838201704559,1,0.0117678,0,0.01,0.0217678,0.04,0
63,0.0205353034920858,0.793472809304962,0.00613644127226714,0.429196806788561,0.0321854992011352,-0.00236794910801574,-0.00236794910801574,0.431157682026417,0.00127532834271661,0.0357117395644151,0.169820415046027,0.412092726271681,0.00225983851237382,0.0475377588068035,1,0.0126402,0,0.01,0.0226402,0.04,0
64,0.020595915612306,1.14296399411844,0.0192138625588914,0.441320242638065,0.0560035274421477,-0.00518863135251468,-0.00518863135251468,0.446196434267904,0.00126202933329775,0.0355250521927519,0.170277771966454,0.412647273063151,0.00231047223846445,0.048067371869746,1,0.0121043,0,0.01,0.0221043,0.04,0
65,0.0211029425118936,1.32945235137735,0.0339048287425305,0.354347275261113,0.0735600971077639,-0.00683522027423233,-0.00683522027423234,0.364837422780907,0.00124946479251871,0.035347769272172,0.169705903860223,0.411953764226306,0.00232835072267675,0.0482529866710523,1,0.012855,0,0.01,0.022855,0.04,0
66,0.0214760319435307,1.29408982267274,0.0480421868546167,0.606154022436528,0.0584359159776374,-0.00616233778503883,-0.00616233778503883,0.611650929898754,0.00123752168881448,0.0351784264687106,0.172803039560008,0.41569584982293,0.00235980648960392,0.0485778394909028,1,0.0122028,0,0.01,0.0222028,0.04,0
67,0.0232642613732767,2.80539661214012,0.0283248807927668,0.667747021054661,0.0660007638229732,-0.00419030920162644,-0.00419030920162644,0.6737826986321,0.00122712921371641,0.0350304041329302,0.176999757252783,0.420713390864592,0.00240717255000375,0.0490629447750922,1,0.0133096,0,0.01,0.0233096,0.04,0
68,0.0233098918484039,3.65593003728726,0.0329921272853909,0.218534405703933,0.0737989229709676,-0.00507844141708702,-0.00507844141708702,0.242707358731315,0.00121707365260271,0.0348865827017022,0.175263097028218,0.418644356259842,0.00240950527067095,0.0490867117524789,1,0.0124594,0,0.01,0.0224594,0.04,0
69,0.0202244067815206,2.91502400157121,0.0876360517818923,0.290268915769549,0.0500725763435082,-0.00557939229208237,-0.00557939229208237,0.312155179270136,0.00120536282618331,0.0347183355906258,0.174135238461797,0.417295145504709,0.00241210426517785,0.0491131781213337,1,0.0131496,0,0.01,0.0231496,0.04,0
70,0.0180479309800828,1.95329970552732,0.122453118409818,0.840253737849228,0.0505874690469514,-0.00639116188966593,-0.00639116188966593,0.851509342959262,0.00119279661170443,0.0345368876956861,0.18200570878587,0.426621270901803,0.00241895145050136,0.0491828369505193,1,0.0121913,0,0.01,0.0221913,0.04,0
71,0.0212690554846432,3.93285017027797,0.101968872776892,0.512329689290444,0.053387255643819,-0.00902859597730998,-0.00902859597730999,0.529993910846295,0.00118236810620449,0.0343855799166525,0.183398495218944,0.428250505217383,0.0023972444681457,0.0489616632493801,1,0.0120126,0,0.01,0.0220126,0.04,0
72,0.02485334599925,5.24583053062232,0.0524282025523435,0.818110369314513,0.0296483116480845,-0.0130910450398334,-0.0130910450398334,0.825792159653798,0.00117452533816497,0.0342713486481779,0.190322581270704,0.436259763524788,0.00257069550240999,0.0507020266104816,1,0.0129385,0,0.01,0.0229385,0.04,0
73,0.023277564141432,5.50361693198653,0.0691256996417583,0.7387893389995,0.121300597889572,-0.0143426359783891,-0.0143426359783891,0.758334049301495,0.00116585848411282,0.0341446699224465,0.195593101120832,0.442259088228644,0.00259991300131059,0.0509893420364549,1,0.0125169,0,0.01,0.0225169,0.04,0
74,0.018325698016892,2.63097152548622,0.132983167783382,0.628372459217587,0.067757338816227,-0.0130757203480742,-0.0130757203480742,0.647743717661415,0.00115464189929787,0.0339800220614683,0.19861984196744,0.44566786059513,0.00260684658728436,0.0510572873083203,1,0.0121474,0,0.01,0.0221474,0.04,0
75,0.0208594989114217,1.52512975980982,0.148862960144281,0.149839990516751,0.0554099608981005,-0.0107201088491493,-0.0107201088491493,0.220966360725367,0.00114504825657171,0.033838561680008,0.196622592508837,0.44342146148877,0.00261813835714157,0.0511677472353588,1,0.0124966,0,0.01,0.0224966,0.04,0
76,0.0312940720911355,1.49871765330051,0.142114809667616,0.727214054622609,0.0583455807366735,-0.00467536960009429,-0.00467536960009429,0.744382055081308,0.0011428676077753,0.0338063249670133,0.201326303711708,0.448693997855675,0.00272629970448664,0.0522139799717148,1,0.01259,0,0.01,0.02259,0.04,0
77,0.0418786819834738,2.50970466093856,0.100992835614712,0.634422608463169,0.10335864347512,0.000323786911052615,0.000323786911052615,0.65348840905325,0.00115080210643631,0.0339234742683634,0.204257742634504,0.451948827451188,0.00276348419642348,0.0525688519602957,1,0.0126174,0,0.01,0.0226174,0.04,0
78,0.0503239654804526,1.57936547531011,0.0969895210353006,0.0893405727417619,0.0739494101588987,0.00156965457249036,0.00156965457249036,0.161708250113053,0.0011685162012471,0.0341835662453042,0.201974304371941,0.449415514164722,0.00274482230333412,0.052391051748692,0,0.0128702,0,0.01,0.0228702,0.04,0
79,0.0588321051711899,2.02643989137668,0.0966052539393683,0.762148578567787,0.0363328401454223,0.00501329203094514,0.00501329203094514,0.772162691151839,0.00119753772526769,0.0346054580271334,0.206964948893902,0.454934004987429,0.00275797745641345,0.0525164493888672,0,0.011756,0,0.01,0.021756,0.04,0
80,0.0644548644034597,4.51079135496641,0.0440666743526406,0.323284340565118,0.0610612901273295,0.00716238634612232,0.00716238634612232,0.347182474611201,0.0012344988730177,0.0351354361438378,0.205884582916193,0.453745063792646,0.00274071817684004,0.0523518688953894,0,0.0113805,0,0.01,0.0213805,0.04,0
81,0.0639803799289512,4.20500336852937,0.0398826675863683,0.0794927901891739,0.0368526511165162,0.00991746932686599,0.00991746932686599,0.136921872751394,0.00126979504762061,0.0356341836951628,0.20357424978436,0.451192032048838,0.00277161517911607,0.0526461316633622,0,0.0134548,0,0.01,0.0234548,0.04,0
82,0.058163281025189,1.7564583362105,0.0926364616583292,0.99169403806758,0.0720169336839099,0.0130990214518887,0.0130990214518887,1.0007735879528,0.00129556544044981,0.0359939639446645,0.213305634230208,0.461850229219612,0.00282024039189214,0.053105935561782,0,0.0127498,0,0.01,0.0227498,0.0399999999999991,0
83,0.0504545413473281,2.58917737606637,0.0809208819797535,0.103416409198562,0.0814785535170346,0.0128298303439616,0.0128298303439616,0.168729560374603,0.00131062682963197,0.0362025804278089,0.211078694836401,0.459433014525949,0.00280204494282395,0.0529343455879446,0,0.0122746,0,0.01,0.0222746,0.0399999999999991,0
84,0.0446877887256982,2.35558719047401,0.0555943324095743,0.110821161044847,0.0358871500644797,0.0145541880983746,0.0145541880983746,0.142643625631591,0.00131879792048388,0.0363152574062732,0.20880808184946,0.456955229589792,0.00279757373706067,0.0528920952228277,1,0.0128681,0,0.01,0.0228681,0.0399999999999991,0
85,0.041089795536803,1.16926404538325,0.0445296886458168,0.597525231227249,0.0490164002297121,0.0125669694390949,0.0125669694390949,0.602931787411965,0.00132314584256356,0.036375071719016,0.210628301360311,0.458942590484159,0.00277535222234634,0.0526816118047497,1,0.0122497,0,0.01,0.0222497,0.0399999999999991,0
86,0.0386100291607361,2.62454833572012,0.0385542505413941,0.403050034392643,0.029789282919043,0.00900060298242167,0.00900060298242167,0.410380528701672,0.00132509454615925,0.0364018481146115,0.210137416208882,0.458407478351829,0.00278446107692348,0.052767992921121,1,0.0127656,0,0.01,0.0227656,0.0399999999999991,0
87,0.0340489014066789,2.71733127481785,0.0668399291875602,0.501721075574909,0.0594527070660561,0.00574887248731315,0.00574887248731315,0.512966692064714,0.00132318917996203,0.0363756674160356,0.210746581852088,0.459071434367341,0.00276776311813355,0.0526095344793465,1,0.0120189,0,0.01,0.0220189,0.0399999999999991,0
88,0.0271658905593272,1.84185796708539,0.0982169712996488,0.201758500381087,0.0360383507512803,0.00260345512120086,0.00260345512120086,0.231134616222821,0.00131653913939294,0.0362841444627393,0.208958816272138,0.457120133304297,0.00273728795209257,0.0523190973937105,1,0.012093,0,0.01,0.022093,0.0399999999999991,0
89,0.0195740375400665,2.17646581006289,0.124089512108995,0.0645113167449812,0.00928191919867292,0.00116551547064692,0.00116551547064692,0.146533913253193,0.00130605154171009,0.0361393351033205,0.206852224940241,0.454810097667412,0.0027249923486111,0.0522014592574873,1,0.0130319,0,0.01,0.0230319,0.0399999999999991,0
90,0.0163587636707786,1.1584127524392,0.149743658619603,0.495535731762226,0.0403548042335869,0.000591781454330587,0.000591781454330587,0.519888176787495,0.00129451329290039,0.0359793453650895,0.207557019289387,0.455584261459269,0.00270338612182421,0.0519940969901797,1,0.0120847,0,0.01,0.0220847,0.0399999999999991,0
91,0.0234230856645681,3.13722881552856,0.132137136496958,0.871045595656218,0.0278707378306273,-8.85279531734895e-05,-8.85279531734895e-05,0.883461475394221,0.00128631689344049,0.0358652602589259,0.213853141918139,0.462442582293347,0.00275925679117586,0.0525286283009167,1,0.0121108,0,0.01,0.0221108,0.0399999999999991,0
92,0.0309322064560608,5.52426388308547,0.0483644323655475,0.255665921170731,0.0877483625631417,-0.00227269971529331,-0.00227269971529331,0.2926720307763,0.00128273520325353,0.0358152928684596,0.212459704697275,0.460933514400152,0.00273870059113121,0.0523325958761001,1,0.0117618,0,0.01,0.0217618,0.0399999999999991,0
93,0.0313736432721051,2.98159713678586,0.0293070676141957,0.481605319811401,0.0291902339221572,-0.0069335993374624,-0.0069335993374624,0.487182705436656,0.00127952628162893,0.0357704666118423,0.212727309899203,0.461223709168559,0.00271809695428639,0.052135371431365,1,0.0111748,0,0.01,0.0211748,0.0399999999999991,0
94,0.0271382079762423,1.22946734303958,0.0599154735803467,0.160315578464079,0.0285836070845273,-0.00751450236542883,-0.00751450236542883,0.176931936711176,0.00127374921833672,0.0356896233986396,0.21079728437079,0.459126653953776,0.00269659488193789,0.0519287481260418,1,0.0118096,0,0.01,0.0218096,0.0399999999999991,0
95,0.0209790197744535,1.1611193731083,0.0777163602121603,0.0854272567144045,0.0262840420734485,-0.00608347013454313,-0.00608347013454313,0.121980751061024,0.0012649741662563,0.0355664753139287,0.20873498983667,0.456875245375223,0.00268770751977366,0.0518431048431096,1,0.0130557,0,0.01,0.0230557,0.0399999999999991,0
96,0.0138736825047049,0.869140349061249,0.0909990009188947,0.410342489452933,0.0427240279090137,-0.00340289395873672,-0.00340289395873672,0.422977195545263,0.00125380234229781,0.035409071469015,0.208424309817032,0.45653511345463,0.00266324231490597,0.0516066111550251,1,0.0116954,0,0.01,0.0216954,0.0399999999999991,0
97,0.00881668567533908,2.84901280482795,0.0871527390062925,0.349472414264818,0.0181449006053661,-0.00179029992294311,-0.00179029992294311,0.364151178517545,0.0012416779258442,0.0352374506149949,0.207642678590214,0.455678262143603,0.00266381697672921,0.0516121785698803,1,0.0120356,0,0.01,0.0220356,0.0399999999999991,0
98,0.00892699532176388,2.96013144424489,0.0910934148618245,0.43098615658352,0.0519300214348513,0.00170144116683346,0.00170144116683346,0.446646021809231,0.00122982091890166,0.0350688026442543,0.207559515224987,0.455587000719936,0.00264311465971244,0.0514112308714005,1,0.0116732,0,0.01,0.0216732,0.0399999999999991,0
99,0.0145660590380332,1.17181969724304,0.0944314279369948,0.30873731056356,0.0249121631592806,0.00455654312883524,0.00455654312883524,0.324787771242853,0.00121954161745719,0.0349219360496693,0.206528480690885,0.454454046841796,0.00262373998847437,0.0512224559004581,1,0.0120003,0,0.01,0.0220003,0.0399999999999991,0
100,0.0219662407324981,1.01508639411725,0.0834725102910236,0.0681465401015568,0.0268424688153535,0.00551205433143132,0.00551205433143132,0.11457976555009,0.0012121713586018,0.0348162513576893,0.204594481110712,0.452321214526482,0.00260401685429117,0.0510295684313631,1,0.01245,0,0.01,0.02245,0.0399999999999991,0
101,0.0289010380319217,0.708903248198646,0.073987639531169,0.229252362625857,0.0253134144898541,0.00655560144968437,0.00655560144968437,0.24425384157826,0.00120843966197527,0.0347626187444973,0.203159485645514,0.450732166197969,0.00259471162092048,0.050938311916675,1,0.0119981,0,0.01,0.0219981,0.0399999999999991,0
102,0.0355199544697134,0.839541652539439,0.0711425181485431,0.350786678296835,0.0405355946464408,0.00660804755450517,0.00660804755450517,0.362259653716319,0.00120896150024542,0.0347701236731396,0.202454314773604,0.449949235773997,0.00258255163554554,0.050818811827369,1,0.0118711,0,0.01,0.0218711,0.0399999999999991,0
103,0.0411138958637683,2.44280350605739,0.0409339804983307,0.130373172403918,0.0364829458923739,0.00649900716415885,0.00649900716415885,0.153335751816409,0.00121363519862262,0.0348372673816794,0.200717009317405,0.448014519092188,0.002563214536687,0.0506281990266986,1,0.0118767,0,0.01,0.0218767,0.0399999999999991,0
104,0.0432635983327666,2.07883892829023,0.0148537895689793,0.255050342367699,0.0242589714691653,0.00590549008494268,0.00590549008494268,0.262769813219853,0.00121996311921951,0.034927970442319,0.199450960908003,0.446599329274018,0.00255354241068712,0.0505325876112348,1,0.0129222,0,0.01,0.0229222,0.0399999999999991,0
105,0.0426312848901676,1.55883908937969,0.0326493877849138,0.237344177858774,0.0391604685668218,0.00485500293140362,0.00485500293140362,0.247970611287813,0.00122565324619253,0.0350093308446838,0.198137041509474,0.445125871534641,0.00254747717720134,0.0504725388424373,1,0.0124244,0,0.01,0.0224244,0.0399999999999991,0
106,0.0393961972413325,2.43701727813722,0.0636947092619338,0.328579030271573,0.0434414775000409,0.00545930657083371,0.00545930657083371,0.342446428675552,0.00122873255855937,0.0350532817088411,0.197374140707617,0.444268095531985,0.00253351287439414,0.0503340130964554,1,0.0122818,0,0.01,0.0222818,0.0399999999999991,0
107,0.032696774529852,2.48086198224691,0.091826054705995,0.203802431612123,0.0323772895350757,0.00567644956567293,0.00567644956567292,0.232292154349248,0.0012272404698313,0.035031992090535,0.196033818317566,0.442757064672678,0.00251473479204883,0.0501471314438706,1,0.0121127,0,0.01,0.0221127,0.0399999999999991,0
108,0.0237897887854914,2.09771908264066,0.109416652397165,0.497755675947041,0.0228021645478712,0.00402373636010189,0.00402373636010189,0.512014702653943,0.0012211174474297,0.0349444909453508,0.196646089034383,0.443447955271397,0.00251135500115256,0.0501134213674596,1,0.0112972,0,0.01,0.0212972,0.0399999999999991,0
109,0.0158140487413519,2.73409281619554,0.101827294357452,0.26873397659912,0.0460444970027987,0.0025069672079745,0.0025069672079745,0.295354064445988,0.00121220888495414,0.0348167902735755,0.195642308615579,0.442314716706984,0.00248903171564508,0.0498901965885592,1,0.0120949,0,0.01,0.0220949,0.0399999999999991,0
110,0.0135277557054973,2.09173511850396,0.0851880141002412,0.414595583877561,0.00892582845109319,0.00144164315571338,0.00144164315571338,0.425137596668833,0.00120285244213118,0.0346821631697213,0.195506851047268,0.442161566678141,0.0024780580211864,0.0497800966369733,1,0.0147819,0,0.01,0.0247819,0.0399999999999991,0
111,0.0159970268226849,2.74946077355222,0.0515694011416881,0.070324692445625,0.0356186680746566,-0.000249192996264469,-0.000249192996264469,0.106922054751304,0.00119432138289725,0.0345589551765856,0.193848521990917,0.440282320779425,0.00246707632894038,0.0496696721243495,1,0.0123073,0,0.01,0.0223073,0.0399999999999991,0
112,0.0177582651193166,1.83355956907393,0.0345853973596364,0.422120393482573,0.0353491389240231,-0.00206020735607471,-0.00206020735607471,0.426580355392282,0.00118647347751467,0.0344452243063486,0.193742470898199,0.440161868973449,0.00245854605304338,0.0495837277041912,1,0.0115054,0,0.01,0.0215054,0.0399999999999991,0
113,0.0185282906567451,0.811608414886091,0.0377937731537765,0.25205988596747,0.0385817960162077,-0.00211816240946305,-0.00211816240946305,0.258834043239541,0.0011790117436841,0.0343367404347603,0.192620812411841,0.438885876295696,0.00244181755075011,0.0494147503358068,1,0.0111173,0,0.01,0.0211173,0.0399999999999991,0
114,0.0185026898892066,1.95623427507228,0.0264297663568762,0.0961845465225043,0.0236114216806823,-0.00270666109191442,-0.00270666109191442,0.109615574863532,0.00117167260148632,0.0342297034969092,0.191036555936761,0.437077288287507,0.0024237795484559,0.0492318956415035,1,0.0117682,0,0.01,0.0217682,0.0399999999999991,0
115,0.0162343294529959,2.15995773168916,0.0454222040498229,0.209649043032488,0.0195141298721739,-0.00453452836397528,-0.00453452836397528,0.21927475913582,0.00116377591323677,0.0341141600107165,0.189793467798129,0.43565292125513,0.00240564518431574,0.0490473769361394,1,0.011536,0,0.01,0.021536,0.0399999999999991,0
116,0.0115618995277805,2.25137858110343,0.0823120944172054,0.0643571568585258,0.018215567471697,-0.00583032760283242,-0.00583032760283242,0.11369531626695,0.00115489575468034,0.0339837572184174,0.188268753635568,0.433899474113034,0.00238591696747165,0.0488458490301034,1,0.0112306,0,0.01,0.0212306,0.0399999999999991,0
117,0.0101684744721841,2.02800889052135,0.117172387103404,0.128281149624559,0.0106925084405527,-0.00750683963130871,-0.00750683963130872,0.177921291286585,0.00114590859329923,0.0338512716644328,0.186930182971102,0.432354233205947,0.00239050766674378,0.0488928181509696,1,0.0116864,0,0.01,0.0216864,0.0399999999999991,0
118,0.0196805205800832,0.64268864255668,0.141150517702137,0.682507961168422,0.0537779380510449,-0.00838365966325227,-0.00838365966325227,0.69938958888717,0.00113947990090096,0.0337561831506609,0.189491332242904,0.435306021372211,0.00240191733940866,0.0490093597122902,1,0.0118578,0,0.01,0.0218578,0.0399999999999991,0
119,0.0323482042374216,2.66578234639767,0.127638736392823,0.158783620654221,0.0606209957766966,-0.00790842483826282,-0.00790842483826282,0.219977109102635,0.00113869776994705,0.0337445961591935,0.188305606161276,0.433941938698343,0.00239096815652875,0.0488975271003427,1,0.0116035,0,0.01,0.0216035,0.0399999999999991,0
120,0.0430582799955203,2.45856118245663,0.117018495567646,0.271608973048458,0.0328795786891089,-0.00755911379274465,-0.00755911379274465,0.303712218626731,0.00114465875083227,0.0338328058374157,0.187505068707792,0.433018554692281,0.00237474844372109,0.0487313907427347,1,0.0117242,0,0.01,0.0217242,0.0399999999999991,0
121,0.0515754367645877,2.78055717892183,0.100993873301534,0.314782470153898,0.0209426373763128,-0.0087142280385013,-0.0087142280385013,0.338735198553136,0.00115718244444074,0.0340173844444388,0.186903717187387,0.432323625525355,0.00236680897147976,0.0486498609605388,0,0.0126231,0,0.01,0.0226231,0.0399999999999991,0
122,0.0565934531689348,2.55644536810058,0.074989115252096,0.379055505363145,0.0374712927187797,-0.00712177658046098,-0.00712177658046098,0.394847009477037,0.00117394995671241,0.0342629531230513,0.186649622463662,0.43202965461142,0.00235668839048821,0.0485457350391176,0,0.0121947,0,0.01,0.0221947,0.0399999999999991,0
123,0.0582833437503689,2.02268065131756,0.0522232929270258,0.136563982325992,0.033327331043912,-0.00422815606514249,-0.00422815606514249,0.164714646616595,0.00119202311282633,0.0345256877241616,0.185352722401438,0.430526099558944,0.00233980320299623,0.0483715123083436,0,0.012504,0,0.01,0.022504,0.0399999999999991,0
124,0.0575529218248569,2.36774517387641,0.0357852158372388,0.114212667870527,0.0166200444654776,-0.00119467026171538,-0.00119467026171538,0.1400765193886,0.00120912243296949,0.0347724378347203,0.184016179731136,0.428971070972316,0.00232221147695303,0.0481893294926691,0,0.0105598,0,0.01,0.0205598,0.0399999999999991,0
125,0.053704737687095,1.77354934710336,0.0562562946409879,0.181742190910728,0.0125556941565528,0.00169686001477487,0.00169686001477487,0.200486922577516,0.00122252304430605,0.0349645970133512,0.182865610342284,0.427627887704116,0.00231111203227034,0.0480740265868207,0,0.0134746,0,0.01,0.0234746,0.0399999999999991,0
126,0.0470157854996115,1.38288109250125,0.0793778739522359,0.25429416546612,0.0304047410946467,0.00398857869561553,0.00398857869561553,0.273283442664761,0.00123036400495557,0.0350765449403952,0.182007024863652,0.426622813341776,0.00232033697543751,0.048169876224021,1,0.0119169,0,0.01,0.0219169,0.0399999999999991,0
127,0.0381536991215423,1.04594845596459,0.0979364235383602,0.473449823984914,0.0585083434808687,0.0064568795405453,0.0064568795405453,0.488833779363811,0.00123213834158314,0.0351018281800697,0.182455461391081,0.427148055586211,0.00234493246177522,0.0484245027003399,1,0.0120583,0,0.01,0.0220583,0.0399999999999991,0
128,0.0281115792905564,0.773479796722921,0.100276036044495,0.445383449669265,0.0731767408945549,0.00803548809604848,0.00803548809604848,0.463410229396553,0.00122868617399428,0.035052620073174,0.182707754979505,0.427443276914616,0.00234853700837408,0.048461706618464,1,0.0118623,0,0.01,0.0218623,0.0399999999999991,0
129,0.019030884224126,1.70948295186029,0.0884206282618716,0.23808139370238,0.0524866119660424,0.00679615871677441,0.00679615871677441,0.261740653590068,0.00122196902965597,0.0349566736068518,0.181822486876887,0.426406480810138,0.00234585599551812,0.0484340375719196,1,0.0125292,0,0.01,0.0225292,0.0399999999999991,0
130,0.0115727247677822,1.03162238373972,0.0914933862989328,0.324590150910481,0.0444170139287627,0.0041438878961344,0.0041438878961344,0.340823696912283,0.00121359948295516,0.0348367547707182,0.181317396919195,0.425813805458671,0.00233578453115911,0.048329954801956,1,0.0117251,0,0.01,0.0217251,0.0399999999999991,0
131,0.0087267628114113,2.06398340823243,0.075935161218825,0.268421040609188,0.0319445082163279,0.00097822187349017,0.00097822187349017,0.28321421280287,0.00120491671124685,0.0347119102218079,0.180545586945259,0.424906562605544,0.00232458809806848,0.0482139823917137,1,0.0107695,0,0.01,0.0207695,0.0399999999999991,0
132,0.0116319660314423,2.93966717510217,0.043719750987131,0.155354913512322,0.0293442887696449,-0.00419260801775856,-0.00419260801775856,0.17226534973669,0.00119681357429617,0.0345949934859969,0.179402630610218,0.423559477063397,0.00233938538355856,0.0483671932569853,1,0.0120321,0,0.01,0.0220321,0.0399999999999991,0
133,0.0148488369268369,1.77667274067291,0.0433206499634714,0.702873731947053,0.0650407364556487,-0.0119292226816796,-0.0119292226816796,0.708039894447959,0.00118947278018928,0.0344887341053463,0.181823065659238,0.426407159484029,0.00237032867308641,0.0486860213314501,1,0.012244,0,0.01,0.022244,0.0399999999999991,0
134,0.0178563933743097,1.49352480044013,0.0354645128567635,0.373314397748326,0.0797451751582276,-0.0160278337386277,-0.0160278337386277,0.384680386261833,0.00118297560111576,0.0343944123531099,0.18157049800189,0.42611089871287,0.00236190943396967,0.0485994797705662,1,0.0108866,0,0.01,0.0208866,0.0399999999999991,0
135,0.0211731911932385,1.96132836508988,0.0429504674829536,0.100592525451177,0.0349021371115736,-0.0139420321501245,-0.0139420321501245,0.121662923902108,0.00117753358944309,0.0343152093020441,0.180335174809672,0.424658892300246,0.00235267725598746,0.0485044045009055,1,0.0112736,0,0.01,0.0212736,0.0399999999999991,0
136,0.0265161453266447,0.944232326239546,0.064689803891577,0.426184655128505,0.0333410750823522,-0.0117213049697416,-0.0117213049697416,0.433479472899854,0.00117404515101324,0.0342643422673374,0.180390831270082,0.424724418029011,0.00234273222234794,0.0484017791237878,1,0.012172,0,0.01,0.022172,0.0399999999999991,0
137,0.0324825304849675,2.02924776260441,0.0537152141001513,0.380523224417296,0.0313707633234841,-0.0113538029387872,-0.0113538029387872,0.388557403603896,0.00117317704616429,0.0342516721659584,0.180176130719902,0.424471590003268,0.00233858989926335,0.04835896917081,1,0.0112549,0,0.01,0.0212549,0.0399999999999991,0
138,0.0356248336496943,2.83305962608214,0.0359556894739168,0.159118628902713,0.0419009555960415,-0.009383002619888,-0.009383002619888,0.179112526178325,0.00117387234852954,0.034261820566478,0.179102979751164,0.423205599857993,0.00233774432679313,0.0483502257160515,1,0.0125339,0,0.01,0.0225339,0.0399999999999991,0
139,0.0351065847425008,2.01571048059009,0.0578954376587635,0.173040723315936,0.0468217667701085,-0.00834167134815011,-0.00834167134815011,0.194826618745944,0.00117429393085869,0.0342679723774065,0.178087544007428,0.422004199040043,0.00232869252849753,0.0482565283510691,1,0.0117995,0,0.01,0.0217995,0.0399999999999991,0
140,0.0329931459806875,1.97685738937711,0.0897770340447995,0.17292760408888,0.0325175235294275,-0.0113785948815917,-0.0113785948815917,0.203224613108072,0.00117368145765044,0.0342590346864946,0.177110491860039,0.420844973666122,0.00231480813291529,0.0481124529920819,1,0.0117354,0,0.01,0.0217354,0.0399999999999991,0
141,0.0317544505623146,1.1628562791839,0.112200173018451,0.199507364432515,0.019497201331885,-0.0113743826381434,-0.0113743826381434,0.23279275661339,0.00117250885958565,0.0342419167043208,0.176238732822249,0.419807971365777,0.00231427545832913,0.048106916948908,1,0.0120952,0,0.01,0.0220952,0.0399999999999991,0
142,0.0331154485936036,1.86543533696066,0.116578636892993,0.5842256450209,0.0470527462878985,-0.00894276570581809,-0.00894276570581809,0.599400366509088,0.00117197452209248,0.0342341134264125,0.177527761459918,0.421340434162113,0.0023145680991074,0.0481099584193065,1,0.0112082,0,0.01,0.0212082,0.0399999999999991,0
143,0.0352064237473298,4.18453252334778,0.120709238741156,0.137297885215183,0.04809180228216,-0.00465121169769667,-0.00465121169769667,0.205688331017264,0.00117244667419726,0.0342410086620891,0.176582166551224,0.420216808982249,0.00230668678805295,0.0480279792210014,1,0.0114815,0,0.01,0.0214815,0.0399999999999991,0
144,0.0354912391751563,2.83314291497509,0.146331256591318,0.525860805854282,0.0345017386346805,-0.000748030962846258,-0.000748030962846258,0.550306727277678,0.00117305210047497,0.0342498481817799,0.177458939659112,0.421258756180939,0.00229649540244257,0.0479217633486349,1,0.0115594,0,0.01,0.0215594,0.0399999999999991,0
145,0.0375686478444413,0.816403197846126,0.154909064575531,0.349981936165676,0.0286690861928307,0.00310819652967531,0.00310819652967531,0.385902222802796,0.00117469590185694,0.0342738369876636,0.177262123010181,0.421025085963035,0.00228323177878188,0.0477831746411002,1,0.0105807,0,0.01,0.0205807,0.0399999999999991,0
146,0.0436369569280477,1.73116688322355,0.134063647352504,0.160609139929749,0.0192120790450577,0.00598340863320779,0.00598340863320779,0.216690020811495,0.00117969239574792,0.0343466504298151,0.17636960549038,0.419963814501179,0.00227226518723125,0.0476682828223468,1,0.011122,0,0.01,0.021122,0.0399999999999991,0
147,0.0509841847142986,2.2135290671227,0.101848810134352,0.18614089834819,0.0259391995339124,0.00953332445387467,0.00953332445387467,0.223128619026331,0.00118935018279033,0.0344869567052578,0.175508495117171,0.418937340323312,0.00226262415657662,0.0475670490631552,0,0.0108499,0,0.01,0.0208499,0.0399999999999991,0
148,0.0568455923929088,3.19916644890637,0.0576361971849384,0.246725474732516,0.0289876929871217,0.0133738582146581,0.0133738582146581,0.2671792588631,0.00120314796111269,0.0346864232966256,0.174804956341829,0.418096826514899,0.0022644812272854,0.0475865656176762,0,0.0121734,0,0.01,0.0221734,0.0399999999999991,0
149,0.0588475524867988,3.44250029137316,0.00352766293807162,0.35937621099941,0.050029466600809,0.015723603455454,0.015723603455454,0.372477717499325,0.00121831498441856,0.0349043691307916,0.174562907306203,0.417807260954382,0.00225927149095677,0.0475317945269982,0,0.0108383,0,0.01,0.0208383,0.0399999999999991,0
150,0.056132720910882,2.49745850696478,0.0501209862195661,0.615955743897258,0.0383599508442764,0.019005378175164,0.019005378175164,0.623246299476599,0.00123119876690149,0.0350884420700249,0.17598872758957,0.419510104275893,0.00227703588175711,0.0477182971380696,0,0.011467,0,0.01,0.021467,0.0399999999999991,0
151,0.0500259571406316,2.20966487759483,0.0717221218930637,0.25021900945413,0.0697337594254636,0.0202917309812314,0.0202917309812314,0.276778503166095,0.00123961861869576,0.0352082180562403,0.175330566081129,0.418724928898589,0.0022649835946493,0.04759184378283,0,0.0112375,0,0.01,0.0212375,0.0399999999999991,0
152,0.0429669351802465,1.36053847032885,0.0852177342586686,0.335072310936839,0.0211356518276603,0.0201267008315256,0.0201267008315256,0.349846045723405,0.00124360900619634,0.0352648409353614,0.174982287723413,0.418308842511622,0.00227449078173767,0.0476916217142767,1,0.011483,0,0.01,0.021483,0.0399999999999991,0
153,0.0351038198336899,1.57818137238433,0.0926203059121253,0.56318303892329,0.0605443051267121,0.019884014926518,0.019884014926518,0.575682416604771,0.00124353494842327,0.0352637908969423,0.176004692671547,0.419529132089235,0.00227640327280467,0.0477116680991629,1,0.0109083,0,0.01,0.0209083,0.0399999999999991,0
154,0.0279613292970897,2.69810384423091,0.0634709888212606,0.130738532566492,0.0501864923955481,0.0167359070190294,0.0167359070190294,0.163215174873126,0.00124053690288844,0.0352212564070114,0.175034786831529,0.418371589417266,0.00226235422097177,0.0475642115562927,1,0.0107762,0,0.01,0.0207762,0.0399999999999991,0
155,0.0242264693406695,2.395013726078,0.023637346734432,0.130430161679709,0.0103310963911455,0.0131859155341818,0.0131859155341818,0.141462778741072,0.00123632003136474,0.0351613428549699,0.174034637998869,0.417174589349434,0.00225468838009054,0.0474835590503759,1,0.0113445,0,0.01,0.0213445,0.0399999999999991,0
156,0.0240537584766793,2.30289333182444,0.0161709030957782,0.291892093149106,0.0325986858764865,0.0101789333682945,0.0101789333682945,0.297857739065194,0.00123210377024609,0.0351013357330755,0.173487744375293,0.416518600275297,0.00224656302126557,0.0473979221197044,1,0.0112061,0,0.01,0.0212061,0.0399999999999991,0
157,0.026874661580819,2.05940496041839,0.04750600420796,0.487082982146798,0.0312310448285994,0.00820520824057525,0.00820520824057525,0.492439037171749,0.00122885627766543,0.0350550463937139,0.173927288712588,0.41704590720038,0.00224239408706438,0.0473539236712691,1,0.0116842,0,0.01,0.0216842,0.0399999999999991,0
158,0.0302716357317765,2.47858185200892,0.0615693561422707,0.486323302952733,0.0397176827539854,0.00630600527564518,0.00630600527564518,0.494637628746472,0.0012268785286288,0.0350268258428993,0.174375004504103,0.417582332605323,0.00223675821525746,0.0472943782627223,1,0.0102718,0,0.01,0.0202718,0.0399999999999991,0
159,0.0312029967285536,3.19899330877891,0.0655583605693041,0.196430088535892,0.0365716844626667,0.00663753245741106,0.00663753245741105,0.219797892444375,0.00122528575174964,0.0350040819298212,0.173582149843844,0.416631911696457,0.00223112179901133,0.0472347520265676,1,0.0115252,0,0.01,0.0215252,0.0399999999999991,0
160,0.0285040375567509,2.08415986769516,0.0839636195701287,0.50528465673009,0.0365623012533793,0.00816886211072543,0.00816886211072543,0.515591824279556,0.00122270571678268,0.0349672091649117,0.17415872971522,0.417323291604027,0.00222639195873176,0.0471846580864137,1,0.011612,0,0.01,0.021612,0.0399999999999991,0
161,0.0244608774742745,1.77769164170221,0.0819181110729466,0.441163093464394,0.038064378644692,0.0094665181724789,0.0094665181724789,0.452045718473004,0.00121882763485739,0.0349117120012381,0.174346224136801,0.417547870473316,0.00222103069450569,0.0471278123246316,1,0.011087,0,0.01,0.021087,0.0399999999999991,0
162,0.0212246747929711,3.39555669496789,0.0576177273210432,0.239322953654994,0.0367580717246526,0.0136108913750643,0.0136108913750643,0.256727678360518,0.00121408479032165,0.0348437195247817,0.173676859178156,0.416745556878722,0.00222408935358797,0.0471602518397428,1,0.011625,0,0.01,0.021625,0.0399999999999991,0
163,0.0158610309021492,2.38349242391595,0.0788354548963301,0.506831977791246,0.0519224443036751,0.0178264633117653,0.0178264633117653,0.517466653759797,0.0012081798057263,0.0347588809619398,0.174254128371869,0.417437574221427,0.00222448829056939,0.0471644812392693,1,0.0115703,0,0.01,0.0215703,0.0399999999999991,0
164,0.0089038527406088,1.18281001108367,0.0902264164713633,0.293509573899782,0.0474689547679083,0.0174203390234098,0.0174203390234098,0.31152436224146,0.00120129626175008,0.0346597210281629,0.173783355810272,0.416873309064363,0.00221827027762367,0.0470985167242417,1,0.0101736,0,0.01,0.0201736,0.0399999999999991,0
165,0.00716166932256533,1.89048088634527,0.0843071831391604,0.0587684019892203,0.0344088112578923,0.016297811558962,0.016297811558962,0.113513698182154,0.00119432652384545,0.0345590295558982,0.172808216439755,0.415702076540105,0.00220736006116504,0.0469825506030168,1,0.0104232,0,0.01,0.0204232,0.0399999999999991,0
166,0.0122934981738551,1.15759870111511,0.0856342607695639,0.269846179021872,0.0203382185351624,0.0153050776001447,0.0153050776001447,0.284821273976538,0.00118804220802319,0.0344679881632681,0.17225589681126,0.415037223404432,0.00219919111735083,0.0468955340874889,1,0.0108738,0,0.01,0.0208738,0.0399999999999991,0
167,0.0195009535748049,1.43534977216619,0.0752138109417998,0.205854240300823,0.0289861592747075,0.0136823795725771,0.0136823795725771,0.223340887117842,0.0011832053516298,0.0343977521304779,0.171523113907352,0.414153490758381,0.00218871766040553,0.0467837328609586,1,0.0163303,0,0.01,0.0263303,0.0399999999999991,0
168,0.0253133185566675,2.73017835491343,0.050010764974384,0.348895565859679,0.0210152101903203,0.0100626772225247,0.0100626772225247,0.357186471559402,0.00117997653463409,0.0343507865213315,0.171261560702338,0.413837601846834,0.00219519711555221,0.0468529307039828,1,0.0112292,0,0.01,0.0212292,0.0399999999999991,0
169,0.0274985110037408,3.12107901628969,0.0386575976623795,0.389479642619527,0.0569351310870114,0.00707651037469326,0.00707651037469326,0.400192326644422,0.00117746879246125,0.0343142651452897,0.171195834889337,0.413758184075357,0.00218469421644846,0.0467407126223858,1,0.0119125,0,0.01,0.0219125,0.0399999999999991,0
170,0.0259395940597362,1.54777788120634,0.0522003871787569,0.546966210553744,0.0203737622680333,0.00567482017909704,0.00567482017909704,0.551103089372002,0.00117450052038785,0.0342709865686392,0.171975357125961,0.414699116379527,0.00218251881929751,0.0467174359238338,1,0.0116823,0,0.01,0.0216823,0.0399999999999991,0
171,0.0234845719519748,2.81563346137607,0.0362099285427979,0.225641137425228,0.042327152561726,0.0044575619755669,0.0044575619755669,0.238711412099826,0.00117085738939007,0.0342177934617367,0.171302888009825,0.413887530628581,0.00217903103106025,0.04668009244914,1,0.0113222,0,0.01,0.0213222,0.0399999999999991,0
172,0.0218935222428296,2.8609173430768,0.0601813536278456,0.363809183326861,0.0397950099325753,0.00788589318631594,0.00788589318631594,0.374880159013054,0.00116683685989476,0.0341589938361007,0.17112400571687,0.413671374060219,0.00217797888813455,0.0466688213707454,1,0.010878,0,0.01,0.020878,0.0399999999999991,0
173,0.0224578764940984,1.48140331440748,0.0954533859093795,0.331839438418293,0.0443568372201057,0.0112956077215181,0.0112956077215181,0.349813017075396,0.00116300749201459,0.0341028956543955,0.170842185723798,0.41333060100094,0.00217073209141286,0.046591116013816,1,0.0112525,0,0.01,0.0212525,0.0399999999999991,0
174,0.0266661584724483,1.20935784034857,0.104016966492476,0.298694887122542,0.0302636034445983,0.0103408954971709,0.0103408954971709,0.319547573483199,0.00116041023061035,0.0340647945922231,0.170447176907678,0.41285248807253,0.00217303711256141,0.0466158461530133,1,0.0115293,0,0.01,0.0215293,0.0399999999999991,0
175,0.0336311397226944,1.01480371391768,0.0926587943983568,0.48297569392201,0.0505249117418494,0.00789750113284704,0.00789750113284704,0.495831318574497,0.00116024247820142,0.0340623322484151,0.170878042733802,0.413373974427276,0.00217658604688404,0.0466538963740869,1,0.0118654,0,0.01,0.0218654,0.0399999999999991,0
176,0.0405199958483528,2.47638433716321,0.0770003119619728,0.439417776130145,0.0523812930456841,0.00617582138117356,0.00617582138117356,0.453068162634886,0.00116297899857272,0.0341024778949085,0.17107345590005,0.413610270544687,0.00217907001376648,0.0466805099989972,1,0.0113147,0,0.01,0.0213147,0.0399999999999991,0
177,0.0446726125006375,3.54226733149989,0.0491753221151592,0.400010694123978,0.0508630544002664,0.00624290176246944,0.00624290176246944,0.413317910919911,0.00116768331105328,0.0341713814624648,0.171072090022011,0.413608619375867,0.00217520303263412,0.0466390719529679,1,0.010543,0,0.01,0.020543,0.0399999999999991,0
178,0.0440378108187018,2.94875066045176,0.0458188696625961,0.201362881207386,0.0383468585067167,0.00708561974065702,0.00708561974065702,0.220691815183555,0.00117201839796705,0.0342347542413707,0.170384633770702,0.412776735985329,0.00216595695583768,0.0465398426709597,1,0.010457,0,0.01,0.020457,0.0399999999999991,0
179,0.0390161284794972,2.4736982985789,0.0704898124199097,0.152274095310197,0.0227623960556646,0.00761218859345725,0.00761218859345725,0.179054764060873,0.00117397504536125,0.0342633192402786,0.169611873853172,0.411839621519314,0.00216397940455984,0.0465185920311422,1,0.0110325,0,0.01,0.0210325,0.0399999999999991,0
180,0.0309404801458332,1.86067619279495,0.0987373582088915,0.436537847954278,0.0422943822886211,0.00613442437200185,0.00613442437200185,0.451790999797715,0.00117277136906288,0.0342457496495971,0.169803558484534,0.412072273375113,0.00216740747711681,0.0465554237132131,1,0.0115482,0,0.01,0.0215482,0.0399999999999991,0
181,0.0217567795864557,0.921668894928291,0.104965972617769,0.126572525611618,0.0522804796334665,0.00433018165514198,0.00433018165514198,0.174653457158818,0.00116890720380824,0.034189284926834,0.169033946725489,0.411137381814752,0.00216076411860388,0.0464840200348881,1,0.0113879,0,0.01,0.0213879,0.0399999999999991,0
182,0.0147388369202331,1.39433097754664,0.113416932292629,0.0553557466745116,0.0307670994690916,0.00465955700599885,0.00465955700599885,0.132980192525832,0.0011636782263904,0.0341127282167581,0.168202352136911,0.410124800685,0.00215076434267386,0.0463763338640935,1,0.0126302,0,0.01,0.0226302,0.0399999999999991,0
183,0.0156513281353018,0.776413051641508,0.121677832496858,0.283546554211877,0.0183736141958812,0.00716355077116049,0.00716355077116049,0.309790777341416,0.00115865793046695,0.0340390647707447,0.167807641610074,0.409643310222533,0.00214915696388974,0.0463590008939984,1,0.0113207,0,0.01,0.0213207,0.0399999999999991,0
184,0.0238908604487947,1.88223980287663,0.109372440336251,0.468875929147088,0.042818218193422,0.00903376504674647,0.00903376504674647,0.485067363756362,0.00115546290482845,0.0339921006239458,0.168174395445789,0.41009071611753,0.00215782262708842,0.0464523694453622,1,0.010985,0,0.01,0.020985,0.0399999999999991,0
185,0.0327245202621529,3.10588690376252,0.0830276643544218,0.245630898044694,0.0607163702862682,0.0115295129162902,0.0115295129162902,0.273722496520977,0.00115500577683688,0.0339853759260786,0.167670339281766,0.40947568826704,0.00215271096296698,0.0463973163336736,1,0.0103679,0,0.01,0.0203679,0.0399999999999991,0
186,0.039517028175491,2.16058548479195,0.0675722298473645,0.100663147164762,0.0343965325412011,0.0151192226380683,0.0151192226380683,0.137352779424449,0.00115719174317552,0.0340175211203803,0.166870314801841,0.408497631329535,0.00214907986444636,0.0463581693388162,1,0.0104418,0,0.01,0.0204418,0.0399999999999991,0
187,0.0438016518243191,1.98608514891163,0.0585750014178927,0.495354099740082,0.0381832735172735,0.0172582998797939,0.0172582998797939,0.503373455632512,0.00116126336327906,0.0340773144962901,0.167332959299347,0.409063514994123,0.00216072811102213,0.0464836327218746,1,0.0114636,0,0.01,0.0214636,0.0399999999999991,0
188,0.0456536139913912,2.03382759015188,0.0321608767144389,0.358175523039105,0.0652982464292718,0.0176284040286934,0.0176284040286934,0.370043479742791,0.0011661728798067,0.0341492734887099,0.167171253009989,0.408865812963115,0.0021642311175357,0.046521297461869,1,0.0115443,0,0.01,0.0215443,0.0399999999999991,0
189,0.0455325682072779,1.2353167522535,0.0260906156700622,0.128357733758396,0.0525810409218924,0.0192557144304732,0.0192557144304732,0.149864128911021,0.00117097204323392,0.0342194687748644,0.166405581074139,0.407928401896876,0.0021548014866756,0.0464198393650344,1,0.0106478,0,0.01,0.0206478,0.0399999999999991,0
190,0.0442220533239915,1.9142983272861,0.0306237932640196,0.0681231937829304,0.0192043070918456,0.0236109238805575,0.0236109238805575,0.0949698046357568,0.00117510161142842,0.0342797551249775,0.165577232035815,0.406911823416099,0.00214991795255035,0.0463672077286346,1,0.0106651,0,0.01,0.0206651,0.0399999999999991,0
191,0.0410271672940779,1.59483383829177,0.043221827539974,0.375665629926069,0.0349012541958609,0.0253663685723886,0.0253663685723886,0.382973772939876,0.00117776196140093,0.0343185367025012,0.165478235589343,0.406790161618178,0.0021793277627814,0.0466832706949866,1,0.0116137,0,0.01,0.0216137,0.0399999999999991,0
192,0.0370726536561241,1.95643868337074,0.0434404705716074,0.743588591460518,0.0875763037906113,0.0255942111387064,0.0255942111387064,0.751678806434341,0.00117878602227439,0.0343334533986081,0.167559187633371,0.40933994140979,0.0022413796200715,0.0473432109184781,1,0.0113545,0,0.01,0.0213545,0.0399999999999991,0
193,0.0314406288791224,3.05629919437128,0.0870050408433846,0.607489168590841,0.1177392094459,0.0257061112694394,0.0257061112694394,0.627940620009408,0.00117780015244041,0.0343190931179774,0.168734059315362,0.410772515287187,0.00224731903616717,0.0474058966392069,1,0.0111669,0,0.01,0.0211669,0.0399999999999991,0
194,0.0232931098413959,1.46726122116128,0.099170055507931,0.282233970212694,0.0574309542040141,0.021533768393784,0.021533768393784,0.306573636510403,0.00117452576488186,0.0342713548737406,0.168348767229217,0.410303262513494,0.00224276947220694,0.0473578871172156,1,0.0109391,0,0.01,0.0209391,0.0399999999999991,0
195,0.0169220055975141,1.73609381610475,0.0777606114177235,0.185403761769695,0.0367344872484753,0.0169303935326273,0.0169303935326273,0.207304529420778,0.00116997103928474,0.0342048394132283,0.16770582569429,0.409519017500152,0.00223564600878126,0.0472826184636729,1,0.0111342,0,0.01,0.0211342,0.0399999999999991,0
196,0.0131115493116731,1.36728489549044,0.0584397289681473,0.316207640399082,0.0290438511309991,0.0144243818844192,0.0144243818844192,0.324017598745184,0.00116487890502998,0.0341303223692654,0.167385833748383,0.409128138543884,0.00223381380765305,0.0472632394959661,1,0.0114887,0,0.01,0.0214887,0.0399999999999991,0
197,0.011271881833645,0.731795467692836,0.0623254261814471,0.330177325490073,0.0430522286458082,0.0119926429413617,0.0119926429413617,0.339183143525433,0.00115961076500481,0.034053058085946,0.167120145276827,0.408803308788991,0.00222712717910945,0.0471924483271365,1,0.0111109,0,0.01,0.0211109,0.0399999999999991,0
198,0.0116714502853357,1.97046338891309,0.0524392278472982,0.418981039835593,0.0301433011147923,0.00843644424506707,0.00843644424506707,0.424879479003889,0.00115444213867531,0.0339770825509682,0.167187834299058,0.408886089637515,0.00224612966085633,0.0473933503864871,1,0.0112886,0,0.01,0.0212886,0.0399999999999991,0
199,0.0129174530226593,1.59969335353047,0.0181818687696445,0.633322166474924,0.076981654216813,0.00625647627318671,0.00625647627318671,0.638983649470591,0.00114947941733821,0.0339039734741845,0.168399453746253,0.410365025003658,0.00225563206153027,0.0474934949390995,1,0.0112172,0,0.01,0.0212172,0.0399999999999991,0
200,0.01348825913495,1.06976489926114,0.0161396782594062,0.0386855768090012,0.0636552727938168,0.00462028588348851,0.00462028588348851,0.0796215624017113,0.00114464168592398,0.0338325536417808,0.167589154443518,0.409376543592226,0.00225011618051069,0.0474353895368289,1,0.0114135,0,0.01,0.0214135,0.0399999999999991,0
201,0.0149435724145049,1.10889775481799,0.0251126752686264,0.295774348898637,0.0336230697357135,0.00241461574505664,0.00241461574505664,0.299735728933819,0.00114005794796668,0.0337647441566893,0.167202350228373,0.408903839830801,0.00224105990179889,0.0473398341969941,1,0.0103717,0,0.01,0.0203717,0.0399999999999991,0
202,0.0171418443523131,2.65309304929848,0.0481859519335205,0.221417043397879,0.0205075030597105,0.000942735293113728,0.000942735293113728,0.232821747196317,0.00113586876420347,0.0337026521835222,0.166642962187478,0.408219257492194,0.00223385042294687,0.0472636268492682,1,0.0113536,0,0.01,0.0213536,0.0399999999999991,0
203,0.0205052915070359,2.90453856680929,0.0907008250075435,0.323624262882431,0.0279391932781958,-0.000451272741857522,-0.000451272741857522,0.341658054365662,0.00113234461748222,0.033650328638547,0.166397086640313,0.407917990091529,0.0022305305598659,0.0472284930933213,1,0.0115995,0,0.01,0.0215995,0.0399999999999991,0
204,0.0263943808308825,1.8578234237685,0.122481788508513,0.381131160901884,0.0392798025672344,0.000484442936494744,0.000484442936494744,0.40441773697348,0.00113020892494282,0.0336185800554221,0.166383148499815,0.407900905245153,0.00222278914618096,0.0471464648322752,1,0.0111699,0,0.01,0.0211699,0.0399999999999991,0
205,0.0351077065007644,0.416204300720967,0.129449867877502,0.188887397348733,0.0252534522501318,0.00169062937944275,0.00169062937944275,0.233149678833594,0.00113070815484917,0.0336260041463325,0.165836688130256,0.407230509822454,0.00221636849964108,0.0470783230334417,1,0.0109931,0,0.01,0.0209931,0.0399999999999991,0
206,0.0450538606805323,1.78560753237474,0.114962552367132,0.445809886412049,0.0299697480845322,0.000389707913564408,0.000389707913564408,0.464609642457628,0.00113507292284612,0.033690843308622,0.166079530031879,0.407528563455225,0.00221453378097084,0.0470588331875201,1,0.0110821,0,0.01,0.0210821,0.0399999999999991,0
207,0.0527176832703084,3.55798297925369,0.0755630416818047,0.187202258646973,0.0425600954424715,-0.00191194676489914,-0.00191194676489914,0.221813436624012,0.00114301534413376,0.0338085099366086,0.165514900421421,0.406835225148242,0.00220778721215659,0.0469870962303119,0,0.0112198,0,0.01,0.0212198,0.0399999999999991,0
208,0.0552204516622076,3.01631475318046,0.0429858204703486,0.305835165084034,0.0284788351627796,-0.00400789785491185,-0.00400789785491185,0.319397444736272,0.00115218016594936,0.0339437794882857,0.16520961112951,0.406459851805206,0.002201947716695,0.0469249157345541,0,0.0117599,0,0.01,0.0217599,0.0399999999999991,0
209,0.0533355238248348,1.98548417781083,0.0473945280972945,0.0752611633383871,0.0312972087688757,-0.00682650358900716,-0.00682650358900716,0.113734445769989,0.00116027824219683,0.0340628572230344,0.164481026981305,0.405562605501672,0.00220939163117464,0.0470041661044491,0,0.0112892,0,0.01,0.0212892,0.0399999999999991,0
210,0.0487397158113503,0.71689656085807,0.0645375851750692,0.73691856520627,0.0609156798594504,-0.00874830863994802,-0.00874830863994802,0.743946844122319,0.00116606529769766,0.0341476982781806,0.166333293076059,0.407839788490601,0.00222533490701167,0.04717345553393,1,0.0116443,0,0.01,0.0216443,0.0399999999999991,0
211,0.0446143908513045,2.70104767483134,0.0373320266519154,0.241547640015271,0.0739152488928852,-0.0111007210348379,-0.0111007210348379,0.263467711838543,0.00116997230515422,0.0342048579174687,0.165873965787458,0.407276276976033,0.0022165255658191,0.0470799911408137,1,0.0108544,0,0.01,0.0208544,0.0399999999999991,0
212,0.0444117123435672,1.99346501691314,0.0289140205094514,0.188554614757191,0.0188375776128165,-0.0104421736106524,-0.0104421736106524,0.199816510482129,0.0011737573423624,0.0342601421824604,0.165279874617995,0.406546276108877,0.00220881427121036,0.0469980241202793,1,0.0104663,0,0.01,0.0204663,0.0399999999999991,0
213,0.0473306902899915,2.06666819395282,0.0527100063149243,0.150471659926994,0.0240048926442676,-0.00960695117271726,-0.00960695117271726,0.171864921058276,0.00117876408837632,0.0343331339725391,0.16464258671411,0.405761736384925,0.00221764964765426,0.0470919276272936,1,0.0121355,0,0.01,0.0221355,0.0399999999999991,0
214,0.0530447949861987,1.18348092046337,0.0846999675932224,0.633400897817125,0.0635984566941391,-0.00916590051901878,-0.00916590051901878,0.64471385222035,0.00118640421074432,0.0344442188290621,0.165815546361449,0.407204551007782,0.0022182736426988,0.047098552448019,0,0.01171,0,0.01,0.02171,0.0399999999999991,0
215,0.060099951086835,2.42829161295705,0.0706751568716271,0.392842556120424,0.0480501979264503,-0.00585621857604401,-0.00585621857604401,0.408701950649832,0.00119768607079034,0.0346076013440739,0.165821228864256,0.407211528402938,0.00222772425321373,0.0471987738528633,0,0.0121638,0,0.01,0.0221638,0.0399999999999991,0
216,0.0641820700050725,2.05449559170104,0.0246537140818698,0.572806087333304,0.0649762524334618,-0.0014094402832221,-0.0014094402832221,0.581671424726503,0.00121121223763917,0.0348024745907409,0.166619934500734,0.408191051470673,0.00226402797641291,0.0475818029966594,0,0.0113777,0,0.01,0.0213777,0.0399999999999991,0
217,0.0654770853424106,1.17383126666786,0.0123504648296655,0.588463194988251,0.0995635302235741,0.00193007182373783,0.00193007182373783,0.600883796831998,0.0012253875208986,0.0350055355750859,0.167515977831584,0.409287158156207,0.00226937900424631,0.0476379995827523,0,0.0121023,0,0.01,0.0221023,0.0399999999999991,0
218,0.0643337881574523,4.10727093265949,0.0440652568878015,0.141657749041671,0.057800866376131,0.0103051468666262,0.0103051468666262,0.186083953912847,0.00123875196483342,0.0351959083535774,0.166906396455769,0.408541792789635,0.00226496872896322,0.047591687603648,0,0.0108376,0,0.01,0.0208376,0.0399999999999991,0
219,0.0572317489704954,3.59341115184336,0.110466150210523,0.368281724206019,0.0360423594743102,0.0165514708811454,0.0165514708811454,0.395401223464088,0.00124805206129638,0.0353277803052552,0.166858157784815,0.408482750902428,0.00226847054456681,0.0476284635965386,0,0.0120448,0,0.01,0.0220448,0.0399999999999991,0
220,0.0449286074834108,1.55929758916556,0.14983915830869,0.853341485719635,0.0548600480031732,0.0174631283498581,0.0174631283498581,0.869719678274286,0.00125155445997411,0.0353773156128912,0.169537949425691,0.411749862690555,0.0022718105362954,0.0476635136797047,1,0.0121937,0,0.01,0.0221937,0.0399999999999991,0
221,0.0324888493388648,3.51704793387181,0.122602568508572,0.300168320527383,0.0542885552950617,0.0172077728470317,0.0172077728470317,0.336010694216554,0.00125066745034239,0.035364776972892,0.169281683530678,0.41143855377283,0.00226776555753887,0.0476210621210707,1,0.0113342,0,0.01,0.0213342,0.0399999999999991,0
222,0.0251062273064566,3.41643608026626,0.0710769754326865,0.329546932471016,0.0371106904066631,0.0178785098575549,0.0178785098575549,0.345276915626467,0.00124787310439294,0.0353252474073847,0.169056163102452,0.41116439911847,0.00225885059102979,0.0475273667588453,1,0.011354,0,0.01,0.021354,0.0399999999999991,0
223,0.0223600123292639,1.29433351665558,0.0548015675621135,0.438895988200529,0.0169350894929542,0.0168477395152546,0.0168477395152546,0.443767949506159,0.00124451927949147,0.0352777448186738,0.169181157855396,0.411316371975875,0.00225180115207538,0.0474531469143552,1,0.0107127,0,0.01,0.0207127,0.0399999999999991,0
224,0.0216900510119482,1.74894893622038,0.0616182659870454,0.409900522236709,0.02604276269022,0.0153185771473794,0.0153185771473794,0.417008037351868,0.00124106365017633,0.0352287333036022,0.169202204932899,0.411341956202986,0.0022627869931609,0.0475687606855686,1,0.0122617,0,0.01,0.0222617,0.0399999999999991,0
225,0.0220246701348567,2.2187664142045,0.0937342178387203,0.502022092723838,0.0682437842420986,0.0144254211301806,0.0144254211301806,0.517159737303347,0.0012377037499291,0.035181014054872,0.169638880439365,0.411872407960723,0.00227076865774427,0.0476525829073752,1,0.0110185,0,0.01,0.0210185,0.0399999999999991,0
226,0.0246393121245145,2.79198639230896,0.109501853227013,0.273816228510481,0.0631040480764806,0.012205221883546,0.012205221883546,0.306479606990897,0.00123491344883193,0.0351413353308028,0.169303884284771,0.411465532316829,0.00227583443058425,0.0477057064782008,1,0.012391,0,0.01,0.022391,0.0399999999999991,0
227,0.0293536561100703,2.80186715728988,0.139214848507659,0.42579423216136,0.0579698497157784,0.0105540514452453,0.0105540514452454,0.455296639046963,0.00123326905974909,0.0351179307441241,0.169471246158087,0.411668854977016,0.00226800665347605,0.0476235934540439,1,0.0178632,0,0.01,0.0278632,0.0399999999999991,0
228,0.0376879756630668,2.53588050976848,0.148845943751057,0.49927393417198,0.0221042983964516,0.00648562514889228,0.00648562514889228,0.524687964427333,0.00123408973716063,0.0351296133932703,0.169935396218863,0.412232211525085,0.00226626688253386,0.0476053240986117,1,0.0112857,0,0.01,0.0212857,0.0399999999999991,0
229,0.0460392408306015,3.65112501466515,0.13049968887012,0.157038605098983,0.0430488414064705,0.00339722926369745,0.00339722926369745,0.222990749568567,0.00123795664527896,0.0351846080734028,0.169410459442331,0.411595018728763,0.00226143351524538,0.0475545320158382,1,0.0115898,0,0.01,0.0215898,0.0399999999999991,0
230,0.0515556832098396,3.39585090667866,0.111266042074846,0.534848238372125,0.0338337745402813,0.00236755530371902,0.00236755530371902,0.552954131163576,0.00124413069669616,0.0352722369108646,0.170003276015064,0.412314535294433,0.00226119332333538,0.0475520065121902,0,0.0113504,0,0.01,0.0213504,0.0399999999999991,0
231,0.053490665540103,4.08726919714799,0.0836646186001118,0.101039926106923,0.0466247296386484,-0.000275361310823286,-0.000275361310823286,0.16532640498292,0.00125113121878805,0.0353713332910713,0.169385654994153,0.41156488552129,0.00225480828909398,0.0474848216706557,0,0.0114239,0,0.01,0.0214239,0.0399999999999991,0
232,0.0505267773024188,2.45739048831684,0.0883631742874924,0.470920621587105,0.0279771654105969,-0.00127610643200349,-0.00127610643200349,0.484509518323071,0.00125674252915779,0.0354505645816507,0.169667395590495,0.411907022992441,0.00224851794158927,0.0474185400617656,0,0.0110806,0,0.01,0.0210806,0.0399999999999991,0
233,0.0446672996303272,1.39062388739347,0.0905025873663845,0.215323285299909,0.0279615496633188,-0.000247091976595115,-0.000247091976595115,0.240667677917299,0.0012599117357119,0.0354952353945132,0.169187797030854,0.411324442540015,0.00224389620496338,0.0473697815591689,1,0.0103902,0,0.01,0.0203902,0.0399999999999991,0
234,0.0385834464025916,1.8320559090088,0.0761917205941057,0.114946283721594,0.0340134614490798,0.00160543195534757,0.00160543195534757,0.150618229380335,0.00126088938785117,0.0355090043207518,0.168561720338507,0.410562687465029,0.00223492855254027,0.0472750309628695,1,0.0109457,0,0.01,0.0209457,0.0399999999999991,0
235,0.032680819960644,1.99090865993364,0.0617920246877597,0.131740076969284,0.0118444091146084,0.00519153064898603,0.00519153064898603,0.153588559306263,0.0012600687351084,0.0354974468815491,0.167944817041534,0.409810708793138,0.00223524175950588,0.0472783434513719,1,0.0113606,0,0.01,0.0213606,0.0399999999999991,0
236,0.0272029347357747,1.3787977788247,0.0516812981693988,0.520313622767602,0.047791381423541,0.00637317394632397,0.00637317394632397,0.526308219115769,0.00125786505257929,0.0354663932840555,0.16840691672148,0.410374117996591,0.00223788118244909,0.0473062488731572,1,0.011399,0,0.01,0.021399,0.0399999999999991,0
237,0.0230974730718054,1.46112872353483,0.0326727667434935,0.072143682591585,0.0530213059168903,0.00410479358544613,0.00410479358544613,0.101327684412182,0.00125480863152327,0.0354232781024466,0.167739660953155,0.409560326390575,0.00222968524450236,0.0472195430357215,1,0.0111983,0,0.01,0.0211983,0.0399999999999991,0
238,0.0208872874744962,0.612626513505666,0.0166661741305752,0.142131834301875,0.0169505729236829,0.00303376826134816,0.00303376826134816,0.146003927090108,0.00125136943045823,0.0353747004292365,0.16712444030514,0.408808561927389,0.00222105092430005,0.0471280269510622,1,0.0114278,0,0.01,0.0214278,0.0399999999999991,0
239,0.0196917272262869,0.413864523390794,0.0153199028950746,0.202155333590222,0.0131006553361954,0.00278531598890552,0.00278531598890552,0.204237718498828,0.00124775601912223,0.0353235901222148,0.166599706436322,0.408166273026474,0.00221979476062753,0.0471146979256742,1,0.0110995,0,0.01,0.0210995,0.0399999999999991,0
240,0.0182677569248697,0.431412332122515,0.0228295955562875,0.309965682956851,0.0435616585762069,0.00242069786941812,0.00242069786941812,0.31446452652678,0.001243947497972,0.0352696398900243,0.166317574069686,0.407820516979818,0.00221716259562814,0.0470867560533548,1,0.0119103,0,0.01,0.0219103,0.0399999999999991,0
241,0.016397028676788,1.21532707439428,0.0175806840286348,0.284012961731539,0.0396006714334034,0.00518677812459956,0.00518677812459956,0.288547127173478,0.00123990150233488,0.0352122351226797,0.165972934528318,0.407397759601496,0.00221282335199284,0.0470406563728956,1,0.011504,0,0.01,0.021504,0.0399999999999991,0
242,0.0158291283129761,2.22806772298622,0.0136774955566725,0.220697941221941,0.0339531566990234,0.0113333247896943,0.0113333247896943,0.22761863109624,0.00123581331969362,0.0351541365943414,0.165501187861764,0.406818372079929,0.00221940550741714,0.0471105668339613,1,0.0120896,0,0.01,0.0220896,0.0399999999999991,0
243,0.0181799020086463,1.70061335237642,0.0490512523722861,0.579214634809374,0.0613334899667082,0.0179248833115899,0.0179248833115899,0.585550086731741,0.00123208778684321,0.0351011080571996,0.166231096158924,0.407714478721229,0.00221428103636553,0.047056147700014,1,0.012202,0,0.01,0.022202,0.0399999999999991,0
244,0.022326687416348,2.45677808616989,0.0417871321030841,0.472071302710894,0.0308347253866788,0.0242782483791366,0.0242782483791366,0.477373373486258,0.00122908120153232,0.0350582543993896,0.166483777476771,0.40802423638403,0.00221496046672512,0.0470633665043749,1,0.0123554,0,0.01,0.0223554,0.0399999999999991,0
245,0.0237825446019388,3.73926611155131,0.00968647780115707,0.191514253312112,0.0485264601758981,0.0296454176660692,0.0296454176660692,0.209645315785899,0.00122637315347604,0.0350196109840763,0.165983644337808,0.407410903557831,0.00221062131900181,0.0470172449107964,1,0.0117024,0,0.01,0.0217024,0.0399999999999991,0
246,0.0203733962566731,2.72100918902361,0.0591433710230928,0.468091492286868,0.0338199420815347,0.0317630428414812,0.0317630428414812,0.475837999133749,0.00122307519462057,0.0349724919704126,0.166229327903182,0.407712310217856,0.00220529644368114,0.0469605839367564,1,0.0114911,0,0.01,0.0214911,0.0399999999999991,0
247,0.0140656506260325,1.8827729853115,0.0722625921210933,0.238461036510975,0.0297633685367818,0.0324443613138037,0.0324443613138037,0.253473996712844,0.00121892445507771,0.0349130986175348,0.165816452353005,0.407205663458903,0.00220270079342928,0.0469329393222849,1,0.0114155,0,0.01,0.0214155,0.0399999999999991,0
248,0.00862821885419105,1.85633429660113,0.0615640188096196,0.154481300614406,0.0394571444105125,0.0293687868631274,0.0293687868631274,0.174171230936223,0.00121430962324512,0.0348469456802906,0.165270158664831,0.406534326551684,0.00219523413441445,0.0468533257561771,1,0.0114777,0,0.01,0.0214777,0.0399999999999991,0
249,0.00571904955676366,1.53696337971408,0.0533440115834453,0.151005201256168,0.0186703239312535,0.0226034778265785,0.0226034778265785,0.163551298865279,0.00120956423330371,0.0347787899919435,0.164713848900557,0.405849539731853,0.00218896530529836,0.0467863794848283,1,0.011004,0,0.01,0.021004,0.0399999999999991,0
250,0.00636334947813897,0.907231187768483,0.0582703734226636,0.310065139697132,0.0251352733460895,0.0144607322902086,0.0144607322902086,0.316952397747431,0.00120488794523682,0.0347114958657332,0.164456828794706,0.405532771542209,0.00218957604154898,0.0467929058891301,1,0.0112748,0,0.01,0.0212748,0.0399999999999991,0
251,0.011017998350472,1.78808192941038,0.0690865182536771,0.415639357460176,0.0481191951072079,0.00357153137382937,0.00357153137382937,0.425370203212389,0.0012005712454058,0.0346492603875724,0.164522498041663,0.405613730095103,0.00219448411466885,0.0468453211609105,1,0.0109282,0,0.01,0.0209282,0.0399999999999991,0
252,0.019498321123846,3.98869223369714,0.114985285604265,0.512489334160667,0.0583593563727252,-0.0145165894503947,-0.0145165894503947,0.533384752184328,0.00119731574255359,0.0346022505417435,0.164998596437778,0.406200192562458,0.00220669113114203,0.0469754311437589,1,0.0116959,0,0.01,0.0216959,0.0399999999999991,0
253,0.0345984173365097,5.03199606752971,0.190262576372753,0.507119398522397,0.0723917420734307,-0.0424964843402549,-0.0424964843402549,0.554545543729206,0.00119731469409366,0.0346022353915705,0.165561925147787,0.406893014375753,0.00220669113114203,0.0469754311437589,1,NaN,NaN,NaN,NaN,NaN,NaN
