state_1_error,state_2_error,state_3_error,state_4_error,state_5_error,state_6_error,state_7_error,state_8_error,state_9_error,state_10_error,state_11_error,state_12_error,state_13_error,state_14_error,state_15_error,state_16_error
0.2,0.2,0,0.498665500569808,0.498665500569808,0,0,0,45,0.0280961676660155,0.0468269461100259,0,0,0,0,0
0.150154095382986,0.249783952580017,0.00154946408731882,0.498046361506238,0.496188823245139,0.0362721677388433,0.161025136767022,0.267317639323089,44.9248832861837,0.0279637357025268,0.0465169665985081,0.0305354978564058,0.0221369617625974,0.0424495755764013,0.0221166794776515,0.0424193718018649
0.100601963610801,0.298704263077387,0.00539960424687691,0.48862620547276,0.472240276500622,0.0336930078423862,3.80795756254265,2.17229876645415,43.6235028795618,1.46009112779287,0.697738737067668,0.50409445027082,0.136770923393362,0.0702645710251009,0.192063181158903,0.221706681398012
0.0541954671195064,0.340176747670537,0.00840736769650596,0.42975124385707,0.335992496132477,0.0254711066917183,10.8670724084853,6.58108748890904,40.1079568249641,0.705433179350606,0.564589862545753,0.864238445286518,0.112525033782572,0.137432901304732,0.0492805470043512,0.0410618346830558
0.0161141597856084,0.363346422544925,0.0103193474374268,0.328243347958471,0.122494839513122,0.0125926323546994,11.8076661054354,9.03616365129771,34.9244113719978,0.120056238360982,0.0544238876880563,1.03041032138708,0.0274033563243804,0.0880083427933703,0.0246805563792565,0.00488820554352531
0.0115324116601246,0.364914033737585,0.0109060686020808,0.227523540087369,0.0855053401692433,0.00023936392581958,9.22185071510114,8.58984876179468,28.6572260299014,0.490472142618014,0.348521129135713,1.05909554814411,0.00476585403363761,0.0236102452791251,0.00674448931959404,0.00634371962792246
0.0300952853180853,0.347897275616558,0.0105413381397739,0.147267260286215,0.245007132854493,0.00638666320863701,5.57516490866865,6.94667961159119,22.4629646204132,0.570073581522285,0.381166006503233,0.998214213747007,0.0244364798201424,0.0162999409253224,0.0231496510925214,0.0183787966557084
0.0415890754474978,0.317934052979244,0.00979302823641159,0.0851519681443764,0.344361736266884,0.0079626659437036,2.23850843944462,5.03741724758834,16.9288714765178,0.486391012831118,0.335577787600823,0.885582926788997,0.0369961356061222,0.0362962293584564,0.0311159786980322,0.0270197384857176
0.0475555255152312,0.280829372044604,0.00902858459822053,0.0361046612391474,0.38972143207231,0.00717742607134841,0.205958279390206,3.22433564919639,12.2427407911921,0.341654948068529,0.278325753063117,0.748800037886304,0.0424351382987649,0.0435329378419985,0.0353933262017504,0.0312046267671552
0.0491735441786326,0.241352248162436,0.00837091943280632,0.00194612034250713,0.394184723097203,0.00605766439459848,1.69685289741609,1.67867000582316,8.42190994956623,0.200888965991018,0.220207173041655,0.606943535839858,0.042331401287091,0.0434279860474283,0.037052885224876,0.0317786953475357
0.0475225581934195,0.20289680158519,0.0078011532556419,0.0292965272661582,0.371449522105855,0.00547100559803509,2.42884825949553,0.495603184626851,5.40874849552876,0.0918483618520906,0.162397479311968,0.472365834188567,0.0389073672524409,0.0394222111042627,0.0362101786686633,0.0299172642989499
0.0436566928744987,0.16757915103052,0.00725684480318256,0.0463892544712235,0.333142354176048,0.00551376347045235,2.65785290398763,0.296461166830928,3.11272806823526,0.0186724462310168,0.108816170149961,0.352321988413999,0.0339397852581522,0.0335894400834686,0.0332488774576108,0.0266120811769565
0.0385426212565052,0.136491663227594,0.00668560483915126,0.0545574773922077,0.288079401160551,0.00595146632783139,2.60104969647148,0.730101694905639,1.43115715882371,0.0249729520542416,0.0644329026235522,0.250337450661329,0.0285267712364182,0.0271970573040931,0.028873681207319,0.0225858478953508
0.0329747371402054,0.109984567036545,0.00606289148629324,0.0558398868952283,0.242336146787532,0.00649310767602407,2.40618121429025,0.877505423373962,0.25910046981074,0.0478654226782179,0.0322068375346823,0.167321947790174,0.0232531587197089,0.0210091686139661,0.0238583676834266,0.0183473953920916
0.0275289914293431,0.0879216210123479,0.00539032533019768,0.0524821054296521,0.199649782738327,0.00691721946582968,2.15725795420845,0.825003729957878,0.50484960427537,0.0575440953410599,0.0122068974407136,0.102457669395993,0.0184038336935488,0.0154501907865265,0.0188476466063173,0.0142523652459955
0.0225649766701823,0.0698877792887486,0.00468652009998238,0.0465102154599089,0.161952643482325,0.00710490124640761,1.89351277293858,0.654336062769367,0.954040981180257,0.0592723798782664,0.00235860610018327,0.0538881973900747,0.0141081614766412,0.010717153171599,0.0142782180871712,0.0105369620194935
0.018261003770463,0.0553422112319469,0.00397731334374674,0.0395023721063333,0.12991491506122,0.00702545508280467,1.6291909203108,0.433328559640569,1.17031797047432,0.0563015092251185,0.000367291027805661,0.0192329154389752,0.0104167853076198,0.00686492405354699,0.010384024798598,0.00733560936958255
0.0146627032973377,0.0437201010659883,0.00328844190835043,0.0325365413495199,0.103416572667416,0.00670587850537022,1.36910685193459,0.213110521730419,1.22220787786181,0.0505657100299951,0.00100580146247328,0.00404719709257129,0.00733830792842982,0.00386529177641526,0.00723960792375833,0.00469831613345695
0.0117309368003483,0.0344925154724564,0.0026412944714771,0.0262445231234249,0.0819112063736518,0.00620164563576509,1.11830897536915,0.0277431836589706,1.16490632961306,0.0433196367159256,0.00402400128698526,0.0184054820555697,0.00485618084445794,0.00164200777113399,0.00481190096034612,0.00261394534570736
0.00938164729851332,0.0271955206093252,0.00205119361542072,0.0209109990950556,0.0646787490850158,0.00557576572793708,0.885289901527009,0.105688044842693,1.04158116140413,0.0355182702872982,0.007024762452447,0.0260590151453715,0.00293416749787501,8.93612813677169e-05,0.00300691931150976,0.00103523454008214
0.00751514931501807,0.0214389916335859,0.00152733393921312,0.016581565127783,0.0509822465315739,0.0048862802649989,0.679767553922663,0.185426194227202,0.885062076775911,0.0279429565081454,0.00912692270869713,0.0289116364474058,0.001518509504566,0.000914351696383542,0.00170919878946318,0.000100151616542865
0.00603496705590267,0.0169036479027565,0.00107360974108495,0.0131615403897246,0.0401505013867144,0.00418060738425672,0.50852709298798,0.220454016966643,0.71924538873809,0.0211761073854983,0.0100755525510529,0.0285263629342651,0.000537856788577207,0.0014942038022242,0.000807517897638887,0.000859330641801881
0.00485771497945309,0.0133325538146296,0.000689772229038987,0.0104949358217941,0.0316100324977697,0.00349417338416849,0.373112278051797,0.224235464069065,0.560286314308032,0.0155507715869408,0.0100152399275034,0.0261328282418563,9.07251699664435e-05,0.00176516770900292,0.00020790121127845,0.00131057765276477
0.00391632970644906,0.0105210372273255,0.000372596419615845,0.00841804554991707,0.024888018168323,0.00285130823144589,0.270429433651918,0.209594200721727,0.417913343106119,0.0111515153152596,0.00926526865625328,0.0226569937102927,0.000451920569354947,0.00182332038911803,0.000164839778945436,0.00152161107899784
0.00315921027541577,0.00830706508940121,0.000116903566211413,0.00678832363094273,0.0196022847492592,0.00226707154684577,0.194863572266663,0.186205070828638,0.29691152146631,0.00787653714027834,0.0081539549879792,0.0187630941083643,0.000622666754498402,0.00174330721484073,0.000370656488382304,0.00155667836058138
0.00254747705498459,0.00656286119475341,8.3612868814531e-05,0.00549437460927613,0.0154474814038276,0.00174927352712292,0.140275556640355,0.16026236380265,0.198571929200932,0.00552601915808743,0.00693397070906486,0.014900236759944,0.000666500517543689,0.00158045380908112,0.000457992392598583,0.00147288783768318
0.00205185691957332,0.00518791576725403,0.000235757765550959,0.00445467544845332,0.0121814444457316,0.00130034917376465,0.101193335423423,0.135200675408645,0.121923426071126,0.00387809978476515,0.00576327505013693,0.0113482622529286,0.000632172206160742,0.00137460051265714,0.000465931132645592,0.00131745828504626
0.00164998222506207,0.00410328675801236,0.000346378903864575,0.00361146234290773,0.00961310154686196,0.000918951901545645,0.0732572683912954,0.112625236083749,0.0646817485970735,0.00273499840742405,0.00472101282434483,0.00825951147821147,0.00055501373541178,0.00115374632585452,0.000425213057127394,0.00112675706380916
0.00132436310724648,0.00324701946869951,0.00042205519394789,0.00292385789589822,0.00759220632370994,0.0006012323935361,0.0532186804959773,0.0930740867217039,0.0239332839772529,0.0019414296334073,0.0038334175033632,0.0056947484478852,0.000459388905314828,0.000936900824669573,0.000358971597769764,0.000926899462760922
0.0010609975025625,0.00257050336561615,0.000468897750690811,0.00236216835186714,0.00600083593428979,0.000341821702857514,0.0387495246346203,0.0765309909853705,0.00339905698328067,0.00138524629863215,0.00309712988735034,0.00365264265095144,0.000361210955997837,0.000736244041746992,0.000283644117959225,0.00073523254528518
0.000848467721326851,0.00203559723493081,0.000492436244763583,0.00190386152637319,0.00474649956277684,0.000134561190904658,0.0282150397442108,0.0627280228701938,0.0202579426515214,0.000989663272456743,0.00249597035969397,0.00209296391394609,0.000270136208807781,0.00055880306648548,0.000210081545507057,0.000562128472192835
0.000677362334554621,0.00161236948717198,0.000497567437837243,0.0015310184160539,0.00375669559504055,2.69765439565584e-05,0.020476967250213,0.0513055273029738,0.0292783262165992,0.000703526215738919,0.00201032686839033,0.00095408145614978,0.000191363479342233,0.000407752485876656,0.00014470300957703,0.000412786960731215
0.000539896719701227,0.00127731962726847,0.000488547142909468,0.00122883762104027,0.00297468227686098,0.000149133553765446,0.0147442608689829,0.0418922344527921,0.0327033631539007,0.000493181755305455,0.00162058646247152,0.000165566777472259,0.000127028580059751,0.000283462812182722,9.06106065884371e-05,0.00028883373338584
0.00042964658616107,0.00101197532694047,0.000469011038721989,0.0009848168835506,0.0023561406564851,0.000237937769655416,0.0104653548798921,0.0341463765513307,0.0323615764520971,0.000336675067015397,0.00130829338442449,0.000343235778416551,7.72226315172153e-05,0.000184432849005489,4.86236486666458e-05,0.000189545202164854
0.000341341514097926,0.000801790044822878,0.00044201377891917,0.000788331543623372,0.0018664690036771,0.000298960738555454,0.00725212319630271,0.0277739985831674,0.0296837855595436,0.000219615899608529,0.00105730530918163,0.000637811766980967,4.07526959443905e-05,0.000108068654767646,1.81321673060619e-05,0.000112735143718012
0.000270689526243317,0.00063528474053684,0.0004100790503756,0.000630407911908479,0.00147859690131652,0.000337237783323119,0.00482793295953117,0.0225309963725068,0.0257436531794568,0.000132249396671039,0.00085458359203406,0.000775472837861502,1.57329991167243e-05,5.12437047666126e-05,2.28502126364827e-06,5.54361147334648e-05
0.000214220189308723,0.00050338405151476,0.000375255089977822,0.000503563958300188,0.00117127378344112,0.000357236724770782,0.00299335913531689,0.0182165800841201,0.0213099802811595,6.75738177755691e-05,0.000690087220689972,0.000804084389157689,1.64426889881497e-08,1.06791731466771e-05,1.44304190673461e-05,1.44134421454778e-05
0.000169143049504439,0.000398902583390259,0.000339171640704627,0.000401656032104264,0.000927763726061792,0.000362857885596951,0.00160374909248756,0.0146650730289925,0.0169024121766058,2.02925115765657e-05,0.000556121569242243,0.000761972127200305,8.52331783540716e-06,1.68008898120409e-05,2.01865470437212e-05,1.34960226024772e-05
0.000133221939212946,0.000316145247395427,0.000303095773291684,0.000319714067652466,0.000734854008889896,0.000357455533954443,0.000554170397741477,0.0117392015996664,0.0128451064058152,1.37002087570726e-05,0.000446667433028812,0.000678576750631654,1.18264726666206e-05,3.40980915163325e-05,2.13173085731322e-05,3.11818456516511e-05
0.000104666218165961,0.000250594666989901,0.000267984832217349,0.000253769140320159,0.000582092808741386,0.000343872976213716,0.000231079913276878,0.00932524183179041,0.0093151122157076,3.75652806475935e-05,0.000356914276379371,0.000575527273171894,1.15607582574784e-05,4.37435868604341e-05,1.93536308655817e-05,4.1160116672212e-05
8.20392136149373e-05,0.000198666011593518,0.000234535448890627,0.000200683633391596,0.000461194664742814,0.000324485453200921,0.000805973654311043,0.00732955138540009,0.00638382870038978,5.3665804597881e-05,0.000282990275229468,0.000467891624536865,9.08836141255698e-06,4.78585246290741e-05,1.55434669634191e-05,4.55381854269632e-05
6.41831293572981e-05,0.000157514639518241,0.00020322802810413,0.000157992825914222,0.000365573489877646,0.000301247227160968,0.00120820429736363,0.00567615731658704,0.00405102751860478,6.36995261419308e-05,0.00022181816086651,0.000365441827498536,5.46803786716232e-06,4.81558543345972e-05,1.08457977420207e-05,4.60220020626068e-05
5.01590130087548e-05,0.00012488519311904,0.000174366445835794,0.000123762555509777,0.00028997700501085,0.000275739863380081,0.00146346245590407,0.0043052991699561,0.00227164208584764,6.88532206339423e-05,0.000171033474758421,0.000273838946097671,1.4798895935364e-06,4.5969650324551e-05,5.95345463394459e-06,4.39507673516415e-05
3.92000993202357e-05,9.89929418097057e-05,0.000148112969776903,9.64640387708382e-05,0.000230204866402045,0.000249219215425693,0.00158962431125507,0.00317266635487497,0.000975941469159749,6.99848775156647e-05,0.000128912958722721,0.000195704915810779,2.33575100916372e-06,4.23035320719078e-05,1.33546648217742e-06,4.03489871206864e-05
3.06768100116761e-05,7.84297045541282e-05,0.000124518600094214,7.4866085384484e-05,0.000182896780049346,0.000222659690445812,0.00160188908228965,0.00224829446648543,8.39227968200203e-05,6.78097579384189e-05,9.42685569907467e-05,0.000131598360918028,5.63764429672986e-06,3.78833138114931e-05,2.71422763375995e-06,3.59780260138498e-05
2.40715697127358e-05,6.2088032000307e-05,0.000103549142759674,5.79472988222474e-05,0.000145376659390281,0.000196795429859509,0.00151861926542111,0.00151321289610388,0.000485103573729339,6.30430482064957e-05,6.62860884969481e-05,8.09023381951324e-05,8.23794725335336e-06,3.32222862732268e-05,6.02309383157529e-06,3.13921659397254e-05
1.89611817239532e-05,4.90988807252402e-05,8.51073686631842e-05,4.48336271791638e-05,0.000115535441083232,0.000172157364644793,0.00136518614248575,0.00095276959483822,0.000806626197611723,5.64597901916166e-05,4.43282941017583e-05,4.2464592214575e-05,1.00713562519728e-05,2.86678912233551e-05,8.50946356267812e-06,2.69695864528741e-05
1.50040241687632e-05,3.87798703246345e-05,6.90515980743545e-05,3.47643757407368e-05,9.17336489850359e-05,0.000149107785824193,0.00117245159616126,0.000549021927145936,0.00094754740689878,4.88675793845665e-05,2.77581093293747e-05,1.48687197631947e-05,1.11732428190736e-05,2.44315008719465e-05,1.01748630211285e-05,2.2928562004032e-05
1.19293912342888e-05,3.05928966186642e-05,5.52109617311114e-05,2.7081673689644e-05,7.27104055605818e-05,0.000127872146569008,0.000970305898762014,0.000277026554829278,0.000964377854064039,4.1023440313071e-05,1.58403740411553e-05,3.56559028658054e-06,1.1648262674524e-05,2.06170344991818e-05,1.10950395773024e-05,1.93548902905905e-05
9.52720816260744e-06,2.41106478707231e-05,4.33976438471984e-05,2.12312652388413e-05,5.74970335472658e-05,0.000108567486924782,0.000781120951261487,0.000107032089392898,0.000902477424619971,3.35428583537866e-05,7.74287585778542e-06,1.47244662622725e-05,1.16262961978864e-05,1.7259514732193e-05,1.1391557348972e-05,1.6252450663945e-05
7.63760892708021e-06,1.89912783207791e-05,3.34164301598605e-05,1.67629337060049e-05,4.53416263792583e-05,9.122788426702e-05,0.000617253380354274,9.65036315429176e-06,0.000796301899184085,2.6843740086234e-05,2.60401116200515e-06,2.0476488357235e-05,1.12307261138644e-05,1.43533552808828e-05,1.12004697777612e-05,1.35863409197468e-05
6.14075634630673e-06,1.49598127734407e-05,2.50719670551458e-05,1.33248279644005e-05,3.56504407890701e-05,7.58242399236941e-05,0.000482548360431208,3.99530809395182e-05,0.000670601807817347,2.11400765010687e-05,3.85355121479414e-07,2.2455837066615e-05,1.05651152528807e-05,1.18749688906572e-05,1.06497925981275e-05,1.13137733460666e-05
4.94756306523847e-06,1.17945089899152e-05,1.81741502087718e-05,1.06513991479096e-05,2.7947069341977e-05,6.22830709332001e-05,0.000375475198665343,6.03935623311494e-05,0.0005421568019622,1.64751462614562e-05,1.9179020329177e-06,2.19709503739285e-05,9.71514250214245e-06,9.78702399256903e-06,9.85209538939547e-06,9.38957568763499e-06
3.99183101346123e-06,9.31656669334036e-06,1.25418850391856e-05,8.5476558991382e-06,2.18454676310098e-05,5.04991868432447e-05,0.000291989399324582,6.4381422460767e-05,0.000421566486747619,1.27747480493691e-05,2.5361730321069e-06,2.00094359401604e-05,8.75294659175019e-06,8.04428395406731e-06,8.90305674638991e-06,7.76947321168286e-06
3.22401896213353e-06,7.38204147804344e-06,8.00570152803548e-06,6.8728289547848e-06,1.70320662116752e-05,4.03465358442268e-05,0.000227430179216095,5.99508407382547e-05,0.000314837545026158,9.90231389903784e-06,2.62962569136035e-06,1.72852194454398e-05,7.7389979346032e-06,6.59832264449101e-06,7.88090682968257e-06,6.41110289512081e-06
2.6065684924359e-06,5.87527026818524e-06,4.40939815693486e-06,5.52584064900108e-06,1.32528922048847e-05,3.16868226739042e-05,0.000177510728244837,5.18389453595201e-05,0.000224691168928303,7.70264241338817e-06,2.45465616183216e-06,1.42933086521579e-05,6.72260230372146e-06,5.40212594657419e-06,6.84681533058562e-06,5.27533098448885e-06
2.11053897364311e-06,4.70344156183744e-06,1.61091484696119e-06,4.43375911490795e-06,1.03032647363888e-05,2.43761231553119e-05,0.000138696324558617,4.26524495330408e-05,0.000151601580581948,6.0290728481488e-06,2.16500402972636e-06,1.13589863014463e-05,5.74085928883861e-06,4.41298989362071e-06,5.84499083333689e-06,4.32700552355225e-06
1.71323799774692e-06,3.79212014778307e-06,5.17381451681231e-07,3.54339827551842e-06,8.01889765933428e-06,1.82704877096374e-05,0.000108250597037462,3.37278039939079e-05,9.46024998676507e-05,4.75534378481524e-06,1.8412701960277e-06,8.68030451545154e-06,4.82221011788297e-06,3.59430684138129e-06,4.90782182693827e-06,3.53576210887496e-06
1.39654927799882e-06,3.08161982656707e-06,2.08886802977037e-06,2.81568305637858e-06,6.26773234330136e-06,1.32290214836517e-05,8.4146395067509e-05,2.57239544816827e-05,5.18950515191172e-05,3.77563278760457e-06,1.51225533349258e-06,6.36082359831147e-06,3.98426862568968e-06,2.91548624387072e-06,4.05527269231598e-06,2.87575985336019e-06
1.14571043721701e-06,2.52417838680907e-06,3.2031612857697e-06,2.22218772505389e-06,4.94193472883042e-06,9.1177616541871e-06,6.49624832366802e-05,1.90351159849979e-05,2.1291728064527e-05,2.99608286411304e-06,1.16564837718269e-06,4.43904247393601e-06,3.23648470568205e-06,2.35161317574395e-06,3.29891971695417e-06,2.32554036827537e-06
9.48350108470608e-07,2.0819715826903e-06,3.94687984939246e-06,1.74332165764346e-06,3.94891039640077e-06,5.8105725488089e-06,4.98317639108027e-05,1.41026497462774e-05,5.2283558309013e-07,2.32269239068897e-06,7.52818615966377e-07,2.90867934468753e-06,2.58149820420162e-06,1.8826850768372e-06,2.64386822745877e-06,1.86740789143158e-06
7.93651099215142e-07,1.7261126951662e-06,4.39448589628633e-06,1.36747465440124e-06,3.200577433915e-06,3.19046854935223e-06,3.84331624244894e-05,1.16166108565061e-05,1.25551428907705e-05,1.66180964255441e-06,2.12774794054738e-07,1.73531458393106e-06,2.01934956534089e-06,1.49350005107518e-06,2.09066625156407e-06,1.48684245815378e-06
6.71601174326297e-07,1.43674839035712e-06,4.60924351186609e-06,1.08979344737303e-06,2.60308257049591e-06,1.15039326912397e-06,3.08640087662558e-05,1.23666095268192e-05,1.98279966742396e-05,9.69866003799891e-07,4.31484292712225e-07,8.67545108897139e-07,1.55045237504314e-06,1.17216850525903e-06,1.6300269300995e-06,1.16942002348353e-06
5.72493968490317e-07,1.20376087972228e-06,4.64431617308581e-06,9.07837198527162e-07,2.05758671911749e-06,4.04564615165553e-07,2.70599659684267e-05,1.6296959433862e-05,2.28507441149612e-05,3.66201443040975e-07,8.98700975596189e-07,2.45847470669103e-07,1.18093357670546e-06,9.09371311363927e-07,1.23982008393142e-06,8.99425972145096e-07
4.87155679254614e-07,1.02609372997636e-06,4.54405965721882e-06,8.11194676042515e-07,1.48930369531231e-06,1.55570768376606e-06,2.57387322069e-05,2.09615513062891e-05,2.28393251348772e-05,1.63847631160646e-07,6.53509598796953e-07,1.88932428264732e-07,9.1178109162815e-07,6.9505455513319e-07,8.94884121027673e-07,6.63946340351274e-07
4.08420378017471e-07,9.06710710485426e-07,4.3453460656373e-06,7.68453048582973e-07,9.01081897153322e-07,2.3716342105462e-06,2.40180722788815e-05,2.15088805587498e-05,2.07318575429482e-05,5.59451172155861e-07,5.19601775127165e-07,4.85403401626061e-07,7.12364593979942e-07,5.14992963385197e-07,6.01888651474702e-07,4.64715667058968e-07
3.33423404774713e-07,8.43186437671228e-07,4.07865946394637e-06,7.26948464868649e-07,3.94831135508422e-07,2.91211424466309e-06,1.91188873628072e-05,1.4322074294585e-05,1.72660796486486e-05,1.25091026971502e-06,1.91110156667895e-06,6.78772792042648e-07,5.26797518274336e-07,3.53474426950662e-07,3.99673315665261e-07,3.1402969480343e-07
2.64667577798416e-07,8.20424115477447e-07,3.76885373642999e-06,6.3774515896009e-07,1.04495294472873e-07,3.23067271698618e-06,1.08886919275694e-05,1.32593997949166e-06,1.29897426353321e-05,1.62940266315234e-06,2.40310108325786e-06,7.95522971136498e-07,3.34759107656346e-07,2.0868152794673e-07,2.98796987041605e-07,2.10873515871235e-07
2.0792495636357e-07,8.13038159130919e-07,3.4357680273045e-06,4.88512226670679e-07,8.6307557212173e-08,3.37434817102022e-06,2.02330611014269e-06,1.09639897461405e-05,8.23881915522108e-06,1.38203563658512e-06,1.67467870096361e-06,8.57358521150209e-07,1.73239929623925e-07,9.49448591969215e-08,2.50643276467066e-07,1.31725308105679e-07
1.67982919352383e-07,7.96108006517748e-07,3.09486241190093e-06,3.0911068782391e-07,2.76431982526582e-07,3.3839793560364e-06,4.2860823869186e-06,1.70461218619611e-05,3.18867774178666e-06,6.93203042526763e-07,3.80376570290053e-07,8.79560332789353e-07,7.68440688858618e-08,1.99685925572624e-08,2.02405782800952e-07,5.71038744068275e-08
1.45566457221413e-07,7.55154202780606e-07,2.7577958724434e-06,1.45256825234696e-07,5.43333843416871e-07,3.29488343608908e-06,6.47526421185665e-06,1.60184833129205e-05,2.0286479763682e-06,5.35618237887392e-08,6.72028356719923e-07,8.68131077247369e-07,4.04017813648849e-08,2.52894355456945e-08,1.42538505998324e-07,1.22701870886033e-08
1.37335606720246e-07,6.8887786608407e-07,2.43296473845245e-06,2.88006546389497e-08,7.66187435774501e-07,3.13698703025e-06,4.9100353925335e-06,1.05572229133438e-05,7.23029717305356e-06,5.77196726532503e-07,1.1267756214739e-06,8.19748931235598e-07,3.60565433066284e-08,5.582356088496e-08,8.4272393952034e-08,6.70306163907952e-08
1.37994957960519e-07,6.0553079861414e-07,2.12607535521325e-06,3.30659837843861e-08,8.78137465798456e-07,2.93418810926038e-06,1.05845308789318e-06,4.10777674895682e-06,1.21452353443117e-05,7.86715070224403e-07,1.06636514507485e-06,7.23152850268249e-07,3.98607457041678e-08,8.01957458218538e-08,3.98036149595882e-08,1.02119265155132e-07
1.42529249014256e-07,5.17181664605459e-07,1.84073390174788e-06,5.12683108744305e-08,8.67484865219037e-07,2.70482133829519e-06,3.43113726266517e-06,9.53992872580496e-07,1.64094651055111e-05,7.29235726658339e-07,7.42421146514988e-07,5.62870126730175e-07,3.98777357801805e-08,9.91638611225198e-08,1.15642516673731e-08,1.18612722199707e-07
1.4742818987834e-07,4.35104812845921e-07,1.57896593511175e-06,4.31587357518914e-08,7.5801421176025e-07,2.46233830047959e-06,7.28007948964824e-06,3.71064913079832e-06,1.9575751029896e-05,5.08150757697751e-07,3.7626707400859e-07,3.24458104272729e-07,3.23172939520333e-08,1.09732330111356e-07,5.18617504496888e-09,1.19781578766798e-07
1.50863365688814e-07,3.67332776307627e-07,1.3416488604534e-06,2.4047469293631e-08,5.87707368299162e-07,2.21647944542713e-06,9.7475248637092e-06,4.3156648128798e-06,2.11450445466168e-05,2.25011660644203e-07,9.35812394867175e-08,4.65847560526811e-09,1.53168445704566e-08,1.08205898574631e-07,1.87796598272172e-08,1.07686914718741e-07
1.52272627951255e-07,3.18031167845234e-07,1.12883201808245e-06,3.72218666999657e-09,3.94177614410074e-07,1.97422632952637e-06,1.05746825537564e-05,3.46645371625017e-06,2.06569371347604e-05,4.63576031624335e-08,6.30572839360743e-08,3.71940802712523e-07,1.33704134430701e-08,9.08679335109852e-08,3.77616053981455e-08,8.18020002846254e-08
1.51784559032642e-07,2.87944539378859e-07,9.39960857593292e-07,1.36213897938831e-08,2.07599415977255e-07,1.74081748666177e-06,9.85252461798124e-06,2.00865453653301e-06,1.78734184985152e-05,2.65249150047109e-07,1.02539747845465e-07,7.33822818288488e-07,5.89686396379463e-08,5.2564854358117e-08,7.19096833190491e-08,3.80731818294677e-08
1.49724346254487e-07,2.75257771187309e-07,7.74041788886848e-07,2.79547796022683e-08,4.9045511610335e-08,1.51971054299094e-06,7.89399640882511e-06,7.00698400176213e-07,1.30473957612655e-05,4.17858420794469e-07,5.55600371508758e-08,9.55891136467102e-07,1.28749789385374e-07,1.25657382277211e-08,1.30979949219956e-07,2.95005400108295e-08
1.46281662116721e-07,2.76456063597053e-07,6.29781632843773e-07,4.17776885308641e-08,6.82891032176974e-08,1.31316052920383e-06,5.17016225517726e-06,1.02196999393002e-07,7.21393258310649e-06,4.94534338443472e-07,4.82323784731231e-08,8.72871159796063e-07,2.21144632051029e-07,1.02980763028171e-07,2.13255305303583e-07,1.19217845484521e-07
1.4131785441851e-07,2.87035475554642e-07,5.0568282161656e-07,5.89825683294798e-08,1.3759141954256e-07,1.12314322456286e-06,2.27274714275964e-06,4.85802946627388e-07,2.24086908804479e-06,4.94075267775274e-07,1.6861915508315e-07,3.92862652853765e-07,3.2581433384582e-07,2.06508231626046e-07,3.10403879044685e-07,2.18258764062007e-07
1.3428975387253e-07,3.02076985592148e-07,4.00092291075183e-07,8.35087546335878e-08,1.57211872228724e-07,9.50733702737017e-07,2.31617341939798e-07,1.74691654950346e-06,1.62063891572101e-07,4.28385379126414e-07,2.59827635625681e-07,3.49117674991462e-07,4.17660403373432e-07,2.98548823107758e-07,3.9921680328181e-07,3.02694042719764e-07
1.24330144846141e-07,3.16716915249593e-07,3.11267914998581e-07,1.17635962637586e-07,1.29898656858751e-07,7.96405082673091e-07,1.96641909296323e-06,3.46558968731206e-06,1.91927022753891e-06,3.19216016978971e-07,2.82075240559329e-07,9.92347822581507e-07,4.63866948630098e-07,3.45124999912017e-07,4.4766489437631e-07,3.40219608818693e-07
1.10488172611056e-07,3.26586680865493e-07,2.37433474437054e-07,1.60587868780482e-07,6.28806174074459e-08,6.60209619675334e-07,2.82614083009577e-06,5.08538134585555e-06,6.50869050970156e-06,2.00676084008769e-07,2.15224549890425e-07,1.19328512382388e-06,4.45126587367284e-07,3.25155860014803e-07,4.35952540733808e-07,3.1279514189908e-07
9.20709037899314e-08,3.28267781457559e-07,1.76819942243611e-07,2.07968017890137e-07,3.21063860497794e-08,5.41715164767335e-07,2.9612716697277e-06,6.0976536623778e-06,1.14993975339144e-05,1.0689887654583e-07,6.84567819340953e-08,8.8950468479787e-07,3.66764375092643e-07,2.41333384276565e-07,3.66680356300719e-07,2.25391439845346e-07
6.89878345561112e-08,3.19706311646684e-07,1.27708165376106e-07,2.522923552295e-07,1.39783921382364e-07,4.40143003641036e-07,2.70155666247682e-06,6.18012211304076e-06,1.45354583439772e-05,6.59857456262319e-08,1.16628230711902e-07,2.8415173014551e-07,2.57675371817534e-07,1.20624717103723e-07,2.6544061004774e-07,1.06483506900901e-07
4.19951553531916e-08,3.00442350165131e-07,8.84572430859265e-08,2.84414605727923e-07,2.44165930418649e-07,3.54480561029491e-07,2.46536436655301e-06,5.32550003752755e-06,1.44539770875924e-05,8.67314346817555e-08,2.70994148454662e-07,3.51289197286775e-07,1.49766373302995e-07,5.99583260818548e-09,1.60515090108504e-07,1.32371085204142e-08
1.27569486085832e-08,2.71458557299376e-07,5.75241854150477e-08,2.95783959242124e-07,3.33291360288257e-07,2.8360258849669e-07,2.61005043012665e-06,3.96295211616953e-06,1.14122247894271e-05,1.50807447245327e-07,3.06743901307138e-07,8.31843030346668e-07,6.27973647526758e-08,1.1859030824013e-07,6.87407099020376e-08,1.15052669502624e-07
1.6366890176478e-08,2.34470760529515e-07,3.34415750646855e-08,2.81674206487059e-07,4.05630798117063e-07,2.2700014948307e-07,3.25038243081833e-06,3.0487862532747e-06,6.36542638068506e-06,2.11629932148072e-07,1.24120324435095e-07,1.09259119629446e-06,7.10931968850304e-09,2.04323470587298e-07,1.83550685761702e-09,1.87673750207118e-07
4.29086399744705e-08,1.90513214481935e-07,1.47682406304028e-08,2.45387814928888e-07,4.77454279501632e-07,1.84378789847006e-07,4.08009321492429e-06,3.98705478136673e-06,4.84457509081782e-07,1.94768481509566e-07,3.30691289900098e-07,1.14777524706788e-06,2.02977581409414e-08,2.61262835032916e-07,5.21308644030327e-08,2.3455695019603e-07
6.5290571837906e-08,1.37926207344208e-07,9.99613725127801e-11,2.01666173829662e-07,5.85799495023132e-07,1.55062556100871e-07,4.32263029144208e-06,7.89260107304799e-06,5.20812714690507e-06,3.74447796571559e-08,8.88579217296626e-07,1.04578923065812e-06,3.27844043024328e-08,2.86990620379513e-07,7.83021374406445e-08,2.67189288472025e-07
8.3909011294736e-08,7.08387819514655e-08,1.18132901238965e-08,1.73870272276999e-07,7.7284101346331e-07,1.36202786049644e-07,3.16471069186296e-06,1.38533296062457e-05,1.0008533849417e-05,2.01276562025038e-07,1.00423721399734e-06,8.38570003214301e-07,5.17585339032678e-08,2.83261551548009e-07,6.83353408303944e-08,3.01394823765122e-07
1.0136626460433e-07,1.93261467246186e-08,2.18044644562099e-08,1.79608057412906e-07,1.04164750380775e-06,1.22116256107141e-07,7.56738507007699e-07,1.76160259768205e-05,1.35333778374283e-05,2.93890910875623e-07,1.11339732905558e-07,5.63036965384178e-07,8.59512366835347e-08,2.68881209075644e-07,2.36246116003258e-08,3.40197654935537e-07
1.20936719083531e-07,1.37482222842267e-07,3.013133587082e-08,2.12560289147845e-07,1.31217138349404e-06,1.07135727178687e-07,1.24128990606368e-06,1.3813888285629e-05,1.56199141862762e-05,5.68241276142564e-08,1.52227712618691e-06,2.59547266123761e-07,1.01961357579228e-07,2.68582312945576e-07,2.362252971011e-08,3.53864436641871e-07
1.43911478733827e-07,2.76880420646552e-07,3.66529000483951e-08,2.41361795360814e-07,1.44197782270261e-06,8.91625770993443e-08,8.05210171087575e-07,1.34759946833871e-06,1.62285674321705e-05,3.71881272875733e-07,2.72400685669139e-06,3.28897845069953e-08,6.75147445727831e-08,2.93135185125415e-07,2.93882349566843e-08,3.25190917305207e-07
1.68068017392109e-07,4.17237383903285e-07,4.11478661144216e-08,2.31667602884275e-07,1.32054828611006e-06,6.84873234790828e-08,2.51386604990068e-06,1.44828886359989e-05,1.53603251755064e-05,6.46571561044133e-07,2.62599471278352e-06,2.9050506444861e-07,1.74046665968319e-09,3.20719042434803e-07,3.38348049577775e-09,2.79126083801984e-07
1.88623163754897e-07,5.32406382092177e-07,4.34622620115732e-08,1.69147396568425e-07,9.47726329858511e-07,4.608262710315e-08,7.16621978565747e-06,2.63907855058338e-05,1.30729457676882e-05,5.66495342866789e-07,1.47182043815086e-06,5.01482339321235e-07,4.89994338437327e-08,3.2326670640348e-07,3.49726506643222e-08,2.48662842095015e-07
2.00626051771735e-07,6.01659025614709e-07,4.35376426022316e-08,6.39302942181952e-08,4.23309065189503e-07,2.28170207172695e-08,1.09508025064661e-05,3.05647612349142e-05,9.54759675848232e-06,2.02777310661945e-07,1.09588519849046e-07,6.58742240866594e-07,6.24888681910463e-08,2.9876785434535e-07,4.1707467479668e-08,2.41022359293019e-07
2.00954874740589e-07,6.1637305950879e-07,4.14123939584954e-08,5.97753375963794e-08,1.23087259329413e-07,2.59444077332915e-10,1.24507157923871e-05,2.78085371755134e-05,5.10133058358864e-06,2.36516757659913e-07,8.26682565124859e-07,7.54876623987322e-07,4.77304759050057e-08,2.63352663232297e-07,2.88313670715468e-08,2.42634862090974e-07
1.89068760647615e-07,5.79682148033056e-07,3.72634857415122e-08,1.7638460582392e-07,5.92930682552506e-07,2.13914711222341e-08,1.14791018231076e-05,2.12738021016231e-05,1.56426740065769e-07,5.75756278970926e-07,1.18555424651751e-06,7.78952866653526e-07,2.30539266565799e-08,2.29820656283408e-07,1.15163482083958e-08,2.38765380133898e-07
1.66694513525911e-07,5.01998140611803e-07,3.14400828704819e-08,2.66985334201886e-07,9.39462949545167e-07,3.89693065316887e-08,8.70575506827533e-06,1.40196108798302e-05,4.78560284891368e-06,7.43562407420212e-07,1.12425060031646e-06,7.17288157758844e-07,1.43422063114684e-09,2.01520699905089e-07,5.83979531398882e-10,2.23589505132793e-07
1.36990370158685e-07,3.96148698234011e-07,2.44139516381026e-08,3.21921123952462e-07,1.15812598588949e-06,5.20646160628857e-08,5.06552661001002e-06,7.90018014103886e-06,9.15639462660508e-06,7.56624661563121e-07,8.70808646712129e-07,5.56555995956387e-07,1.15926396260235e-08,1.74851040535273e-07,6.03370875484899e-09,1.96992715362221e-07
1.03654718586199e-07,2.74117135046215e-07,1.67023100905439e-08,3.39678232041951e-07,1.26712603065737e-06,6.05251959662212e-08,1.34120174052914e-06,3.56248139134212e-06,1.23378551300419e-05,6.72389997574338e-07,5.94903191618312e-07,2.91274009356357e-07,1.43971597976744e-08,1.43966208288049e-07,8.82061557128111e-09,1.5998885638524e-07
7.02392392026852e-08,1.45636398662941e-07,8.79819861410169e-09,3.24238526638876e-07,1.2911043247299e-06,6.47712155160685e-08,1.99555799792912e-06,8.92619045321614e-07,1.3723663604911e-05,5.49748142586806e-07,3.80554703902081e-07,6.2106198184253e-08,5.66095204046491e-09,1.02866696827242e-07,1.55309196614439e-08,1.11802287761087e-07
3.97340520486011e-08,1.80683353279143e-08,1.12939624319353e-09,2.82482651797755e-07,1.25187984523212e-06,6.5432660303899e-08,4.7624310601117e-06,5.30257420360329e-07,1.28685868154342e-05,4.28958352321346e-07,2.46949247606487e-07,4.45353961264772e-07,1.76205984248057e-08,4.5717025165537e-08,3.38838385127715e-08,4.90869301872365e-08
1.43754607107027e-08,1.03115704808143e-07,5.95717286611119e-09,2.22395968668687e-07,1.1653283352453e-06,6.33040789025937e-08,6.96419790478466e-06,1.13257023984e-06,9.75092406601981e-06,3.27207384208383e-07,1.78955382637569e-07,7.39931385052017e-07,6.00977774212197e-08,3.29776027596651e-08,7.15399562922769e-08,3.32462019025925e-08
4.41244896176585e-09,2.13753354849633e-07,1.22086492027051e-08,1.52157752841831e-07,1.0420959286328e-06,5.91262546492666e-08,8.67577859703354e-06,1.20419827488364e-06,5.0945976355779e-06,2.43377938006009e-07,1.51345753485188e-07,7.80517241283363e-07,1.24620170960377e-07,1.34608950652648e-07,1.32677516417878e-07,1.37271643940728e-07
1.60150188666108e-08,3.10581921181274e-07,1.74659193774573e-08,7.97401222274452e-08,8.89996321973285e-07,5.3915592823639e-08,9.94287156001634e-06,8.82361765121028e-07,5.02349356859121e-07,1.66932346844922e-07,1.43424830591904e-07,4.38939022684437e-07,2.08733882067769e-07,2.56167867696e-07,2.14745564774965e-07,2.60818909358917e-07
2.05904279182434e-08,3.91086641682303e-07,2.16786619766651e-08,1.25629084357648e-08,7.1653520251902e-07,4.86265733512514e-08,1.07291868465067e-05,2.30635159644295e-07,1.97416492836921e-06,8.93756395003997e-08,1.4497955359502e-07,2.26484358600842e-07,2.92107349864068e-07,3.75452569922885e-07,2.96484033102118e-07,3.81942665272916e-07
1.89866962152507e-08,4.53553871737622e-07,2.49019240783355e-08,4.3114219860918e-08,5.30328874870367e-07,4.41017254104725e-08,1.09523583077868e-05,6.39568723625407e-07,9.61057270170281e-07,1.28732156462474e-08,1.53119690742692e-07,9.03682448205601e-07,3.4366013035303e-07,4.60707914595737e-07,3.45956893799126e-07,4.68247631002505e-07
1.25862572586399e-08,4.97182397751761e-07,2.72766392805934e-08,8.30041386734592e-08,3.40849483342759e-07,4.09738635243073e-08,1.05993854186445e-05,1.5184594735862e-06,3.12657993937692e-06,5.17514015248126e-08,1.62050299411937e-07,1.2107684317364e-06,3.34993918049697e-07,4.83709083565209e-07,3.35105314719364e-07,4.90540735142986e-07
3.11915382411598e-09,5.21953886056803e-07,2.73012120688421e-08,1.03730399825253e-07,1.4864181153984e-07,5.01454044954386e-10,1.17931912005931e-05,2.14271960151253e-06,8.8124260312886e-06,7.19251204435608e-07,2.35140897881375e-07,1.25941813644559e-06,1.67275493567764e-07,4.13301048607373e-07,1.03962201847274e-07,3.61394875914023e-07
7.1173522631085e-09,5.25195791079014e-07,2.26815182191586e-08,9.80216400825462e-08,9.66547340358614e-08,3.69361844998473e-08,1.49847187189767e-05,3.25574566043206e-06,1.47333216175996e-05,3.64754110463404e-07,3.18992874354801e-08,1.00400602343065e-06,3.93179344637673e-09,2.67920941876554e-07,5.56607929746988e-08,2.83354060881535e-07
1.61350929284154e-08,5.01737228097987e-07,1.48697998358926e-08,8.45101675306381e-08,3.76337135593596e-07,5.82250265779294e-08,1.46830790385637e-05,5.40505434273271e-06,1.92350724671337e-05,2.70215458562581e-07,6.3361057685285e-08,5.69274382078433e-07,8.08786421169216e-08,1.62776369938555e-07,4.77596886483411e-08,2.04714976970166e-07
2.4350748972779e-08,4.50998437262484e-07,5.39616951122923e-09,8.3831228403497e-08,6.34149512901416e-07,6.53251154836276e-08,1.14147898773576e-05,6.63077204276176e-06,2.15750829400293e-05,6.17175032179354e-07,8.64316806459264e-08,1.1893651785666e-07,1.31464341968091e-07,1.01498094928765e-07,1.28804646393199e-07,1.31149310300671e-07
3.33393779250457e-08,3.77211098079311e-07,4.31613389473284e-09,9.95708259732275e-08,8.33483867090923e-07,5.9704014676587e-08,7.06216690298892e-06,6.35109625639415e-06,2.17574825221793e-05,7.01706317452963e-07,2.49990751335916e-07,2.46419183835833e-07,1.67198762945908e-07,6.3879380229892e-08,1.7834129895089e-07,7.75964168475696e-08
4.4523296827137e-08,2.87065050674773e-07,1.30370869655394e-08,1.2649556674349e-07,9.60453404419415e-07,4.39143083008631e-08,2.86965111253829e-06,4.8339192331456e-06,2.0231207473761e-05,6.43223004409901e-07,3.60989341828544e-07,4.89985990004271e-07,1.90061621108129e-07,4.09199333306631e-08,2.04093863809263e-07,4.28934984197937e-08
5.85789927676217e-08,1.88123670807894e-07,1.9683692231709e-08,1.5399556324569e-07,1.00357910748361e-06,1.75731079132824e-08,2.18369662979881e-06,7.07749048228111e-07,1.6892000847121e-05,1.1966027615197e-06,1.15578702971839e-06,9.25902481407892e-07,9.20788988389987e-08,7.67927998968077e-08,1.11214155884554e-07,1.74221807203168e-07
7.44702059463087e-08,9.15373370991013e-08,2.35252679559039e-08,1.60533876358837e-07,9.07199593835895e-07,9.29558741091796e-09,7.80864141316029e-06,5.81619325524891e-06,1.14168940090883e-05,6.8916925329357e-07,8.10136857945509e-07,1.14738136414161e-06,1.64272021097034e-07,1.02248095434909e-07,1.76589378231284e-07,1.80918348080539e-08
8.98944899629939e-08,1.03233296355754e-08,2.47380003148834e-08,1.46365463027376e-07,7.1024723852231e-07,3.1536929456788e-08,9.54261461458157e-06,9.11810871692123e-06,5.18268798281302e-06,1.05538970139596e-07,1.86696963500044e-07,1.13951572944249e-06,2.09540025997157e-07,5.62486541788587e-08,2.0525215593814e-07,1.3295427536697e-08
1.0341169998096e-07,4.95570872116602e-08,2.38658106610501e-08,1.2437379015573e-07,4.9092008386209e-07,4.64048898751734e-08,8.77211354730233e-06,9.38248364249996e-06,7.25772960984781e-07,1.8585084086975e-07,1.88900590246399e-07,9.9520276730658e-07,2.21696099922397e-07,1.78007631967958e-08,2.158307722544e-07,1.59099211582969e-08
1.14757652436293e-07,8.84561993375055e-08,2.15922237867261e-08,1.03777946791617e-07,2.95037179909308e-07,5.39602766080893e-08,7.04217987028175e-06,8.08148664466726e-06,5.67659462088129e-06,2.8338808777742e-07,3.27191223725709e-07,7.84859750357914e-07,2.12516266140383e-07,2.69222799609281e-09,2.09423613894977e-07,1.32624906612477e-08
1.24258310835179e-07,1.09741629450433e-07,1.85601858326834e-08,8.73427120073877e-08,1.3920303243431e-07,5.47007338314032e-08,5.19349760718429e-06,6.36881288383596e-06,9.40079188332779e-06,2.77230211027241e-07,3.04381390051067e-07,5.56663897033349e-07,1.90341643224734e-07,1.15855328663983e-08,1.90691443524571e-07,8.31421331781712e-09
1.32257561874516e-07,1.17449346692666e-07,1.53611690034694e-08,7.29390527420826e-08,2.14582475677183e-08,4.93554979386079e-08,3.7094863391895e-06,5.11147354034147e-06,1.18730026236277e-05,1.88179318960646e-07,1.42585479270818e-07,3.4210923541278e-07,1.60223831535689e-07,1.61232435180736e-08,1.64020309223467e-07,7.631162368682e-11
1.38694471657486e-07,1.14659126873584e-07,1.25383405880086e-08,5.47431180386582e-08,7.53868545921854e-08,3.82213219823901e-08,3.08587711346841e-06,5.18580947866914e-06,1.32238887798443e-05,7.80284853396651e-09,1.80107629810244e-07,1.6067909772155e-07,1.25255811833647e-07,2.05032528732829e-08,1.32427393606527e-07,1.19059386793907e-08
1.42771075947734e-07,1.01897589262212e-07,1.06224735674232e-08,2.40250639382822e-08,1.85343227820933e-07,2.15049472951367e-08,3.90214567993766e-06,7.46282455766209e-06,1.36849708849891e-05,3.031074802054e-07,6.28243588512989e-07,2.4596412261102e-08,8.84622873842389e-08,2.18510172178554e-08,9.69456330768281e-08,2.30596993722187e-08
1.42752774305215e-07,7.55827602929601e-08,1.01033006405515e-08,2.85253475840186e-08,3.5418957017308e-07,1.45302933618789e-10,6.32409742361565e-06,1.19890884518683e-05,1.3555614526456e-05,5.379466329683e-07,9.32030380693116e-07,5.85401726759221e-08,5.24458920736492e-08,8.58137405579384e-09,5.45138809648904e-08,1.86749633535044e-08
1.36205466710893e-07,2.80183455603211e-08,1.12831222143228e-08,1.0603433153733e-07,6.11463537802948e-07,2.25304156095674e-08,9.16019522560116e-06,1.65568882170834e-05,1.3161261196417e-05,3.9068639107534e-07,5.85855038710836e-07,8.60321026641131e-08,1.86706292648608e-08,2.79664970070925e-08,2.54089038698169e-09,1.55648651745111e-08
1.21127065891291e-07,4.86237699826031e-08,1.40725737729497e-08,1.95186424245541e-07,9.22891874532983e-07,4.18758996645341e-08,9.72287536798195e-06,1.66797021959067e-05,1.27684820119454e-05,2.91565235552294e-07,6.22743963903105e-07,7.00290771066259e-08,1.43974543398429e-08,6.39545918446061e-08,5.00422602245365e-08,6.50337689256375e-08
9.78697684561602e-08,1.54514660122285e-07,1.79651078457965e-08,2.63221992036211e-07,1.17255382042769e-06,5.42785641988175e-08,5.72105616250248e-06,9.05508567137557e-06,1.25272347129681e-05,1.15889891205007e-06,2.00803975224789e-06,2.27724240159377e-08,5.83867776349223e-08,5.74671908948332e-08,8.79343934334642e-08,7.88545098107107e-08
7.03655901601596e-08,2.7639118538314e-07,2.22070788424844e-08,2.75778924307968e-07,1.22335211089064e-06,5.84172513973247e-08,2.36139790830168e-06,4.31385461330263e-06,1.25477315876962e-05,1.60813790316128e-06,2.51553744247401e-06,4.65972052055008e-08,1.1155729373602e-07,1.35674871337699e-09,1.07404324545257e-07,3.96781225653342e-08
4.48990778445513e-08,3.90361917873561e-07,2.59929457957497e-08,2.23781238706255e-07,1.01340623520629e-06,5.44073883446128e-08,1.13619142081443e-05,1.71274400753603e-05,1.29729410308107e-05,1.37863162001303e-06,1.85268310076703e-06,1.29777438101497e-07,1.57335023009963e-07,6.0271802437839e-08,1.24071679374893e-07,1.14903884185225e-08
2.69746367465018e-08,4.72016932151487e-07,2.85927097554151e-08,1.3071611998372e-07,5.92689948508696e-07,4.34010706262811e-08,1.792223593779e-05,2.4060448407181e-05,1.39511960531297e-05,6.98074048607888e-07,6.28645404288086e-07,2.16887391601972e-07,1.84717758644481e-07,8.77886214833978e-08,1.5066002623243e-07,3.27200782024306e-08
1.88226898512056e-08,5.0584103472584e-07,2.94735715833383e-08,3.4363143719407e-08,7.73984026314345e-08,2.78356884209074e-08,2.04642081544257e-05,2.40563604243462e-05,1.55455370231891e-05,4.46295094005955e-08,4.0875178920069e-07,2.94271745526764e-07,1.97396789358706e-07,8.08802084195648e-08,1.8360070319634e-07,2.05049578427818e-08
1.91849385267062e-08,4.88304358836622e-07,2.84090666546888e-08,3.63520035739917e-08,4.18922785516695e-07,1.1132829380589e-08,1.92953398921298e-05,1.93913641972253e-05,1.76706120386124e-05,5.86258486815622e-07,9.21792162458107e-07,3.43731968832639e-07,2.04970514339209e-07,6.0148939273752e-08,2.12410394273554e-07,6.53675646944407e-09
2.48341586184253e-08,4.2528042698553e-07,2.5508961165599e-08,7.13015010922469e-08,8.24992216208464e-07,3.77303083221037e-09,1.57085254067892e-05,1.31314335200709e-05,2.00830962557433e-05,8.51675446226358e-07,9.68630387773728e-07,3.43888114484603e-07,2.11548417672347e-07,4.26226890448689e-08,2.29675067187074e-07,3.20905263473392e-08
3.2354589840633e-08,3.27394758137256e-07,2.11263242455573e-08,7.55478595793058e-08,1.11547469411333e-06,1.51788244751039e-08,1.11063603052767e-05,7.47356975065481e-06,2.23975863808886e-05,8.89033668271741e-07,7.61184390962732e-07,2.7170882443972e-07,2.15589238128366e-07,3.56545535318276e-08,2.33824590245568e-07,5.07844983843597e-08
3.92415487882047e-08,2.06095269239537e-07,1.57191910599153e-08,6.0838711457567e-08,1.29621829875193e-06,2.26299211036896e-08,6.53812491244909e-06,3.39044594022659e-06,2.4101520060746e-05,7.88462197061704e-07,4.8703591954205e-07,1.05111994441742e-07,2.12516794273476e-07,4.08170653942719e-08,2.25171775003474e-07,6.54998609794788e-08
4.42000065437043e-08,7.14078209895774e-08,9.7468395576783e-09,3.87379091026929e-08,1.38723995007917e-06,2.64983426312426e-08,2.58539013895076e-06,9.47682200851277e-07,2.45958803890368e-05,6.36803054916008e-07,2.6021943873647e-07,1.61499278061861e-07,1.987126685421e-07,5.64861630802937e-08,2.0442942216814e-07,7.96253158963367e-08
4.69164815886103e-08,6.88102902990373e-08,3.61348939659223e-09,1.69627872304012e-08,1.41033759867848e-06,2.74889547235979e-08,5.70135853651655e-07,2.45744030995816e-07,2.33090744041956e-05,4.90951375546611e-07,1.1577105883849e-07,5.03761643400047e-07,1.69243340897296e-07,8.29900204113443e-08,1.6966215587999e-07,1.00076015030481e-07
4.7618405218941e-08,2.08696453452006e-07,2.34619956795967e-09,1.32309713185563e-09,1.38307400536497e-06,2.61617844610207e-08,2.99300518055693e-06,6.54128696465126e-07,1.98907208892793e-05,3.76668455565488e-07,4.47819836196101e-08,8.47041089935274e-07,1.19187448577307e-07,1.232342285995e-07,1.16546587158872e-07,1.33644626032492e-07
4.66536953513952e-08,3.43865783736241e-07,7.85387432866713e-09,1.66737351703361e-08,1.3174991544615e-06,2.3141517091485e-08,4.8563007868974e-06,6.23419568748475e-07,1.45140499437461e-05,2.96602757152511e-07,2.16247917610851e-08,1.05349374535102e-06,4.37976289680009e-08,1.81139289678889e-07,3.99986372912053e-08,1.86277000047141e-07
4.41862834099638e-08,4.70911452610245e-07,1.27031036800673e-08,3.19256593384054e-08,1.22152402011119e-06,1.88699587067021e-08,6.31643792258749e-06,3.0087763740195e-07,8.15738412104233e-06,2.33659724568902e-07,1.51450230828631e-08,9.64204706299654e-07,5.99401760448259e-08,2.62370659864786e-07,6.38524156881815e-08,2.65094665774512e-07
4.00620658869144e-08,5.87112245153953e-07,1.67589475630336e-08,5.03085144099025e-08,1.10125885461471e-06,1.43742362734844e-08,7.45635493443272e-06,3.32131024816249e-07,2.60200379535194e-06,1.8805983268734e-07,1.2295846459065e-08,4.88296004741429e-07,1.78689409380262e-07,3.53542571440713e-07,1.81474618443644e-07,3.54094587207143e-07
3.38409696931663e-08,6.90301252714853e-07,1.99712999471302e-08,7.41770066481351e-08,9.61659578718743e-07,1.01924742812454e-08,8.30650387108325e-06,1.34816932489195e-06,1.4362803218038e-07,1.53983017373363e-07,6.86566359320295e-10,2.53949341555426e-07,2.83057465244596e-07,4.25640015344619e-07,2.83915759458075e-07,4.25773958756537e-07
2.4936498865813e-08,7.78746746643577e-07,2.23610037153321e-08,1.03930388350992e-07,8.06468941794147e-07,7.03731216356029e-09,8.80141496966714e-06,2.80053796563726e-06,9.60742255312411e-07,1.2169568742483e-07,3.40951512509124e-08,9.17422735557949e-07,3.39517963965363e-07,4.46447865676269e-07,3.38445878766969e-07,4.47990343377391e-07
1.28604883409267e-08,8.51022182946082e-07,2.40234975246167e-08,1.37114132936489e-07,6.38011813741679e-07,5.41807072124145e-09,8.83689582274428e-06,4.64315545095571e-06,5.10801243280786e-06,8.14968010263983e-08,8.89343873197723e-08,1.17089373752322e-06,3.28882739264458e-07,3.98168255144604e-07,3.26839509456889e-07,4.02263435339556e-07
2.48210862974219e-09,9.05851390564649e-07,2.51066446521619e-08,1.68388965049449e-07,4.5706422133196e-07,5.6515429356762e-09,8.33192111399729e-06,6.71902566705141e-06,1.00733732478198e-05,2.0566044043116e-08,1.47567720227421e-07,9.42058089759001e-07,2.61353909403184e-07,2.9312575955398e-07,2.60884162828212e-07,2.99522558089294e-07
2.05466368363716e-08,9.4200034750358e-07,2.57858415730894e-08,1.90514618969573e-07,2.64043760189736e-07,7.70165717312032e-09,7.23900699800711e-06,8.77416040499588e-06,1.36029030070989e-05,6.39439238381972e-08,1.78504609659597e-07,4.17264682806007e-07,1.65100720650457e-07,1.60761638778872e-07,1.68515605358799e-07,1.67234154857532e-07
4.00403619149614e-08,9.5835103813835e-07,2.62298438524766e-08,1.96079428832485e-07,6.13540657723455e-08,1.12600882923308e-08,5.55312576684298e-06,1.04526257602432e-05,1.45130852155147e-05,1.6600431096761e-07,1.41102112671126e-07,1.50185513803081e-07,7.11115258900108e-08,3.27437448266465e-08,8.03676696303768e-08,3.58373024589298e-08
5.90053409466051e-08,9.54263277175293e-07,2.65675370592078e-08,1.79569181524286e-07,1.43128503937717e-07,1.56479577073654e-08,3.33136542230186e-06,1.12112607958287e-05,1.28326208168463e-05,2.67100443950008e-07,2.25850549234741e-08,5.89219930846596e-07,3.69165986668918e-09,7.32129760150357e-08,1.34115303307425e-08,7.89207936779945e-08
7.51404598542393e-08,9.30363819318103e-07,2.68294870764407e-08,1.40222057187778e-07,3.30902819090095e-07,1.9248054455856e-08,7.98842029518247e-07,1.01647729818806e-05,9.33719972035998e-06,3.24677610123725e-07,3.92472672833266e-07,8.36371523704749e-07,5.16285851848153e-08,1.48687073875386e-07,2.51952767538199e-08,1.71491432610082e-07
8.64815927759111e-08,8.89929468783635e-07,2.68565446548408e-08,8.63297594244639e-08,4.6649556278977e-07,1.96489391146581e-08,1.46201637616408e-06,6.08553873578105e-06,5.0267030154314e-06,2.63351826583838e-07,1.009354351586e-06,9.0362847959824e-07,7.15039346621538e-08,1.96262559981619e-07,3.96185024786888e-08,2.43172935121549e-07
9.25264853623986e-08,8.40743969471314e-07,2.62616094426349e-08,3.91045677228252e-08,4.96222293422388e-07,1.46091191366438e-08,2.43555235682419e-06,1.85863232427787e-06,7.8032686538096e-07,2.27251346759591e-08,1.67753707024793e-06,8.33627139318338e-07,6.30038895499396e-08,2.30238585752218e-07,4.41370099357741e-08,2.89728695812563e-07
9.54421028875885e-08,7.96175619016681e-07,2.4560809386287e-08,2.89204244163788e-08,3.68038641340718e-07,4.56323567821215e-09,1.1942180301399e-06,1.22467749158958e-05,2.80299509361476e-06,3.02882406718642e-07,1.79577158081201e-06,6.72382024613505e-07,2.93691712061062e-08,2.72515189858602e-07,5.55054427975321e-08,2.95471404010428e-07
1.00162024230244e-07,7.726813138903e-07,2.14985715896177e-08,7.65894309848192e-08,8.2070497842146e-08,6.37116498447554e-09,1.87602034684862e-06,2.00372091618828e-05,5.4366971365886e-06,4.08398903071951e-07,7.57186460476067e-07,4.6057354108342e-07,1.08363423789726e-08,3.27658003285158e-07,7.21978624662611e-08,2.56721788605141e-07
1.12172873656391e-07,7.81974082000869e-07,1.72753844562834e-08,1.69515106028528e-07,2.6372540157249e-07,1.36649793702759e-08,4.48307208601292e-06,1.9130696102275e-05,7.061723703826e-06,6.96779196092314e-08,1.11021457391974e-06,2.33846063402154e-07,2.62379591386974e-08,3.60018146516872e-07,6.7392143865419e-08,2.13857183850585e-07
1.33853813588658e-07,8.219468267609e-07,1.24027307313312e-08,2.60915862432959e-07,5.04009474711076e-07,1.61137386767152e-08,4.01772904583081e-06,8.31302206581799e-06,7.68806976474677e-06,5.09004842993836e-07,2.49533856726963e-06,2.0292584279602e-08,6.3988161436157e-09,3.32683634862718e-07,2.67886235416626e-08,2.17590437556758e-07
1.62411918691596e-07,8.75035236918426e-07,7.37082372914699e-09,3.00457897371015e-07,5.14594664435819e-07,1.54121403417307e-08,1.9113976907615e-08,6.54635983633427e-06,7.29875488496198e-06,8.67320516996072e-07,2.45350400013972e-06,1.63596109603592e-07,2.10334981654015e-08,2.65506523100534e-07,2.2716328595962e-08,2.62250511084972e-07
1.91269449278941e-07,9.17124104077294e-07,2.50792764333596e-09,2.66395988386681e-07,2.94673165701642e-07,1.28632014484431e-08,5.42427560432178e-06,1.75221455057732e-05,5.89802121197244e-06,7.55095773112384e-07,1.28183744784599e-06,3.0890951741025e-07,2.63831652080881e-08,2.09355253688592e-07,4.65429467189082e-08,2.99027263395146e-07
2.13481395117121e-07,9.29752074524393e-07,1.94663618557911e-09,1.71948416012591e-07,5.25877627555182e-08,8.98065077858945e-09,9.5306244180087e-06,2.06688305977444e-05,3.6125711159018e-06,2.88162915158992e-07,7.22492119117901e-08,4.07788945944176e-07,9.41246058872025e-09,1.88610950191404e-07,4.01406439198837e-08,2.99093561029196e-07
2.24578910246187e-07,9.06656924870575e-07,5.83483572569321e-09,5.01006387904068e-08,4.0032950116009e-07,4.93686008740113e-09,1.06853901924867e-05,1.71315629208514e-05,7.26192768758297e-07,2.45662384105311e-07,9.26203785008017e-07,4.50112156769045e-07,1.19691958566648e-08,1.93009269677802e-07,2.09174694232317e-08,2.69149794895895e-07
2.23572667823468e-07,8.52610730212033e-07,9.13445052930228e-09,6.52494211023091e-08,6.61590753125996e-07,1.97599356321909e-09,8.92731021778427e-06,1.04989099785588e-05,2.34597892688033e-06,6.16731613953606e-07,1.14427683964996e-06,4.21292491004088e-07,2.40671710338702e-08,2.00814175066455e-07,4.53144466394662e-09,2.26982893924976e-07
2.12385537490256e-07,7.7820306326748e-07,1.19409644394608e-08,1.50923324726548e-07,8.065267728119e-07,1.00094185717658e-09,5.36592339167433e-06,4.06906590981249e-06,5.08604086845728e-06,7.4290859206419e-07,9.26768484385554e-07,3.03778625920792e-07,2.49574358957005e-08,1.97988955230599e-07,3.22369908545284e-09,1.8512839539131e-07
1.94571814771116e-07,6.94685231006353e-07,1.44126666157263e-08,1.97377972049884e-07,8.48112548745839e-07,2.21684692824908e-09,1.36880960280469e-06,3.33553509609344e-07,6.89042427023649e-06,6.59560267993534e-07,5.39739175658971e-07,8.09220199737837e-08,1.99590043381548e-08,1.79148847645472e-07,2.71493649783849e-09,1.46207072559967e-07
1.74057077639844e-07,6.10819422042219e-07,1.66950049340642e-08,2.06029239252503e-07,8.19602036017386e-07,5.06608793804375e-09,1.97575589310732e-06,2.30090704794771e-06,7.09379326212364e-06,4.52577413908098e-07,1.75066809979252e-07,2.55107866165005e-07,1.62179693008468e-08,1.44145972824639e-07,4.89155416172338e-09,1.07143381167241e-07
1.54267064012004e-07,5.31795074310004e-07,1.88641755549668e-08,1.84687349163992e-07,7.56946093027899e-07,8.60460463991686e-09,4.04751728608179e-06,2.3136376999143e-06,5.04235879968437e-06,2.07117034375578e-07,7.4189223549237e-08,6.8781630924164e-07,2.00888362611451e-08,9.39206302730256e-08,2.01249238385159e-08,6.26955364291248e-08
1.37698870195102e-07,4.59499312710498e-07,2.09073829360307e-08,1.43558700205215e-07,6.8925974516798e-07,1.18565767065482e-08,4.66605198779688e-06,1.22791025952892e-06,2.67101379149747e-07,1.57975703716368e-08,1.87775745005142e-07,1.15337035366814e-06,3.68822572482941e-08,2.82235345094861e-08,4.55746853589289e-08,7.1865122741599e-09
1.25817197438316e-07,3.93400857445769e-07,2.27313643463845e-08,9.28090964913419e-08,6.35650463237658e-07,1.40107006921806e-08,3.98796664003279e-06,7.37430014333229e-08,7.21259565602947e-06,1.82523730350367e-07,1.85167015678833e-07,1.51943738924132e-06,7.05400985401283e-08,5.3933431276576e-08,8.44636414143451e-08,6.39050258266494e-08
1.19114656471631e-07,3.31542999942869e-07,2.41939817069436e-08,4.16555431814736e-08,6.05798346542397e-07,1.46522947386263e-08,2.40290345731077e-06,8.92736751587443e-07,1.65057476456059e-05,2.80771464262336e-07,1.02171872830292e-07,1.59232385188446e-06,1.2019750628145e-07,1.49330098508926e-07,1.36056163113629e-07,1.49308030605866e-07
1.17210066763462e-07,2.71378988725424e-07,2.51448968313639e-08,1.60793517389735e-09,6.02255716769529e-07,1.3857369932091e-08,4.30383822324461e-07,8.4247063664569e-07,2.56306596407521e-05,3.11533702369859e-07,2.11006101081407e-08,1.19696509548461e-06,1.78226990277253e-07,2.49670638829969e-07,1.92947070876137e-07,2.41706845316436e-07
1.18931673953604e-07,2.1034887859317e-07,2.54570649005359e-08,2.94821754232011e-08,6.23122678497512e-07,1.17602844684761e-08,1.40654530455729e-06,9.76602059525374e-08,3.18925955174899e-05,2.82424391001394e-07,1.44644154429982e-07,3.42951684384474e-07,2.23531414378364e-07,3.32616514775452e-07,2.34134621912574e-07,3.19476386567707e-07
1.22414448688879e-07,1.46207471740656e-07,2.5039952555872e-08,3.57806514417192e-08,6.64224877079678e-07,8.73267430590019e-09,2.71086448299694e-06,1.63140364377997e-06,3.30634107728331e-05,2.04003205330709e-07,2.2883129928257e-07,6.91488229120907e-07,2.30606566065106e-07,3.71556102551907e-07,2.34366830942356e-07,3.56838741000232e-07
1.25301062747774e-07,7.71921147557642e-08,2.385152386708e-08,1.71814392158076e-08,7.20095755383718e-07,5.12953454712139e-09,3.27989278640436e-06,3.27656525848985e-06,2.86917602199333e-05,9.26453189661631e-08,2.38165969931869e-07,1.49704734453415e-06,1.89340085166023e-07,3.56127846878884e-07,1.84744754938571e-07,3.44159441389991e-07
1.25130830697096e-07,2.15385298485415e-09,2.18904021576094e-08,2.47540847819749e-08,7.83835012382883e-07,1.21386836693382e-09,3.10440457700943e-06,4.51037862174281e-06,2.04103939450719e-05,2.4501636754215e-08,1.56252610482299e-07,1.81742988081268e-06,1.1322881632303e-07,3.01308484940144e-07,1.0152503848726e-07,2.95856220300372e-07
1.19893165728691e-07,7.92804821792004e-08,1.92005427113173e-08,8.25851948493828e-08,8.46825662342843e-07,2.52711046533349e-09,2.34460763231969e-06,4.90750287865137e-06,1.08847596163871e-05,1.15613821871988e-07,2.9493414169246e-09,1.67639234982531e-06,2.59407417768642e-08,2.32568076019568e-07,1.13314467808934e-08,2.34666996168365e-07
1.08571214907371e-07,1.66557239056342e-07,1.58735191657655e-08,1.44297147397499e-07,8.99335386217448e-07,5.86528736690184e-09,1.27526574531485e-06,4.27481735840339e-06,2.41450829032461e-06,1.62180514812899e-07,1.70612146688232e-07,1.26424012114601e-06,5.29279502448077e-08,1.72011018539919e-07,6.5578226071672e-08,1.79177456760549e-07
9.14414720609713e-08,2.58160641808391e-07,1.20535952330414e-08,1.9669130646438e-07,9.3215394855739e-07,7.77846709265617e-09,1.74728275489197e-07,2.71069648053269e-06,3.76320344511556e-06,1.69044470943805e-07,3.11387029168497e-07,7.76477377950613e-07,1.14648951332619e-07,1.26916364973084e-07,1.22546662040257e-07,1.35006237300672e-07
7.00032152245456e-08,3.5174520740533e-07,7.95587196122938e-09,2.29043248534122e-07,9.38072940576129e-07,8.36099300904891e-09,7.83636135520105e-07,5.27800139517419e-07,7.40090713872144e-06,1.56161643810604e-07,3.90299735347072e-07,3.40001247711719e-07,1.58165628039164e-07,9.66435632632212e-08,1.61236864193448e-07,1.0239980674509e-07
4.65997916365701e-08,4.44381309083752e-07,3.77370146242839e-09,2.35422489169856e-07,9.12652693529914e-07,7.93196075488112e-09,1.56386139589513e-06,1.89964648862122e-06,8.85290103545678e-06,1.43065329950842e-07,4.06633748815249e-07,1.0383178872253e-08,1.85506573546768e-07,7.71965213974823e-08,1.8523461209341e-07,7.93928304210212e-08
2.39051443085003e-08,5.32828566657262e-07,3.41218053812042e-10,2.15072667397731e-07,8.54036268205238e-07,7.01029712057988e-09,2.22531473207818e-06,4.26060028951284e-06,8.71115745330017e-06,1.39989767732746e-07,3.76676466084386e-07,2.04023228811412e-07,1.9941826689962e-07,6.47707633083527e-08,1.97476998531343e-07,6.383306294655e-08
4.44982772851432e-09,6.13763383894295e-07,4.29455682127156e-09,1.71379144042749e-07,7.62306102297661e-07,6.24443774466243e-09,2.85835220236919e-06,6.35711347762502e-06,7.57676654627998e-06,1.47852234174545e-07,3.20375562787301e-07,3.185249662363e-07,2.02336431387451e-07,5.65781512751329e-08,1.99874958362045e-07,5.36475979195927e-08
9.7154334577354e-09,6.83938695844599e-07,8.05971311912401e-09,1.1029408863994e-07,6.38839798672297e-07,6.15230699718694e-09,3.53755102217275e-06,8.09265631100903e-06,5.95286028490136e-06,1.62214830869839e-07,2.52741017461866e-07,3.57038683285182e-07,1.97384523503707e-07,5.08618880346035e-08,1.94872652015121e-07,4.7028323235665e-08
1.72021877853368e-08,7.40291413114935e-07,1.1666271948485e-08,3.89195172201262e-08,4.85931819615981e-07,7.38488231677437e-09,4.2997380046171e-06,9.42697561507198e-06,4.21148786969412e-06,1.76284088344164e-07,1.79465830051073e-07,3.43110577838424e-07,1.85460048873765e-07,4.62318894278724e-08,1.82648126401119e-07,4.21218945279023e-08
1.73512897660988e-08,7.80038310055353e-07,1.51783343671497e-08,3.53370069317016e-08,3.0701383174625e-07,9.78426467623805e-09,5.13055143057628e-06,1.03109355503784e-05,2.59933141697527e-06,1.8001156405073e-07,9.30064575077605e-08,2.97808844890168e-07,1.68569982195166e-07,4.1766565095358e-08,1.64183422635134e-07,3.73945182596813e-08
1.02503034671297e-08,8.00840465331465e-07,1.86506717847479e-08,1.04903824293956e-07,1.07917488167963e-07,1.33443161520752e-08,5.9322242007736e-06,1.05939473189724e-05,1.25761958982068e-06,1.54171492038058e-07,3.37318476831272e-08,2.36846707107885e-07,1.48662714027914e-07,3.67900456765824e-08,1.39588700820426e-07,3.1544758138935e-08
3.22687948584033e-09,8.01190170734989e-07,2.21090511454136e-08,1.61477358595619e-07,9.97435730676344e-08,1.71199592002846e-08,6.44826283499233e-06,9.89575423575523e-06,2.48031104057378e-07,6.18571587979178e-08,2.53170609365583e-07,1.72290310726519e-07,1.27891082724041e-07,3.08179241015338e-08,1.08331739689937e-07,2.36692772048741e-08
2.13001917909184e-08,7.8127669114747e-07,2.5449007567957e-08,1.9508943754909e-07,2.92395505807619e-07,1.93202209647358e-08,6.16697472064747e-06,7.50433891561494e-06,4.32562942788087e-07,1.47473991664315e-07,6.2519013774992e-07,1.13388273131898e-07,1.05955106022293e-07,2.27857581691637e-08,6.9182497397513e-08,1.32671903463333e-08
4.10933246597356e-08,7.44541575087299e-07,2.83596429673239e-08,1.93936986692123e-07,4.27828525384477e-07,1.7458458866082e-08,4.36868640778064e-06,2.57543509950652e-06,8.46910874359869e-07,4.85174749844525e-07,1.12399940410679e-06,6.87382718522755e-08,7.85386794488474e-08,1.17013670974941e-08,2.7064248619979e-08,2.7037018179854e-09
5.8569220486076e-08,6.99520912359877e-07,3.03477398766461e-08,1.47615694168213e-07,4.4878602573073e-07,1.04043571110151e-08,6.4651254276986e-07,4.89924461675128e-06,1.11874858287463e-06,8.08031369172596e-07,1.46537967445765e-06,4.71327411510734e-08,3.31726700553148e-08,3.35131355999607e-09,2.65484256800619e-09,1.99228222808046e-09
6.90917459772455e-08,6.60065111436625e-07,3.09590509894875e-08,5.66140382907143e-08,3.14147030167078e-07,3.33718330747246e-11,4.07988349113644e-06,1.25373661126785e-05,1.41597317352358e-06,7.85432280984988e-07,1.11140552195438e-06,5.57758559130428e-08,3.89315917281863e-08,2.05269767850069e-08,2.96088886742041e-09,4.25748758470235e-09
6.91565927302129e-08,6.41004488974306e-07,3.00623620441698e-08,5.53597306884868e-08,5.41313582291814e-08,9.2428475706452e-09,7.21223452929104e-06,1.55479448184774e-05,1.8955196517328e-06,2.07834369707338e-07,1.55488405491344e-07,9.44246165285323e-08,1.15628340568996e-07,3.22781934514182e-08,1.07228361745371e-08,1.32986315293238e-08
5.88778802379508e-08,6.49305071986905e-07,2.79577578865542e-08,1.41675981835121e-07,2.07045889988322e-07,1.37446144188313e-08,6.19749090423855e-06,1.03708990286481e-05,2.65131206180086e-06,6.32125546389667e-07,1.62740302794145e-06,1.55019401579248e-07,1.49628459289453e-07,2.84285840423948e-08,9.23984289080693e-09,7.48053297083828e-09
4.31995507144123e-08,6.77244112318176e-07,2.52136095335587e-08,1.58179647324896e-07,3.17265995697369e-07,1.2392014830942e-08,1.06559736282777e-06,1.01563195929252e-06,3.73949882196349e-06,1.13260231762377e-06,2.1877918272295e-06,2.27511540773495e-07,1.28911871066784e-07,1.18440119933894e-08,8.18515213385496e-08,1.67364716530116e-08
2.99061790054456e-08,7.05168045928017e-07,2.24359456568735e-08,9.6376871816517e-08,2.05526443641801e-07,5.68906641240652e-09,5.33892580021673e-06,1.20459617595068e-05,5.23965397535186e-06,9.85905294036138e-07,1.516895220606e-06,3.04033676734594e-07,9.82031755913937e-08,8.95421625735082e-10,1.66330008433135e-07,3.97798632922886e-08
2.54514913589077e-08,7.12557080895238e-07,2.01368154373327e-08,1.07518627889824e-08,7.62754922001285e-08,4.78627629196815e-09,9.70301945826326e-06,1.71714256835498e-05,7.24244829138081e-06,3.80373652235366e-07,2.70312377079196e-07,3.76876135688153e-07,9.91149439188987e-08,6.83241885290897e-09,2.16947169562332e-07,4.56492529332664e-08
3.19438065998767e-08,6.88260225312209e-07,1.8624455200289e-08,1.1492543250391e-07,4.06180886591834e-07,1.64941494906756e-08,1.03624757490099e-05,1.54461389166866e-05,9.76796926286317e-06,2.97402020586757e-07,7.43187116528099e-07,4.34904614543541e-07,1.32684142339912e-07,2.37629999011446e-08,2.2841290925335e-07,3.81697354834287e-08
4.7192743990454e-08,6.33450999265595e-07,1.79317584114713e-08,1.82166461693001e-07,6.70967033211678e-07,2.65660834997128e-08,7.60126755328958e-06,9.505660943042e-06,1.2702442342178e-05,7.63935543469929e-07,1.16689958658961e-06,4.62619650420937e-07,1.76444875932269e-07,3.9512929816965e-08,2.19384860722371e-07,2.949538446817e-08
6.68580040774636e-08,5.58177840781493e-07,1.78534694805776e-08,2.03508362495164e-07,8.09740331286779e-07,3.31670095277126e-08,2.82091192902238e-06,2.75831772909455e-06,1.57865031674936e-05,9.26281750163183e-07,1.08243168860447e-06,4.40609648710844e-07,2.11051377374538e-07,4.80518298484611e-08,2.06689401593962e-07,2.71927049766418e-08
8.6716935965292e-08,4.75779834974155e-07,1.80705000962789e-08,1.88391663435983e-07,8.15406979048916e-07,3.570454415458e-08,2.38386892370163e-06,2.45357966919624e-06,1.86308035013678e-05,8.29958279473936e-07,7.40572073512635e-07,3.48391051896435e-07,2.28435405147387e-07,5.08912108010406e-08,1.96651181116891e-07,3.24372489979297e-08
1.03915889226869e-07,3.98398612044826e-07,1.82687154293149e-08,1.5292682226109e-07,7.15245981247614e-07,3.47683488111095e-08,6.77711759135329e-06,5.24263070975253e-06,2.07413257743461e-05,5.77047998533836e-07,3.61871162982835e-07,1.68857936633238e-07,2.28012349889894e-07,5.30510079199686e-08,1.87757293379498e-07,4.39686894670999e-08
1.17169474900258e-07,3.34631123477536e-07,1.82297343886972e-08,1.11388079371277e-07,5.49833734653227e-07,3.15201587608449e-08,9.65146685964295e-06,5.78902465103146e-06,2.15622185918564e-05,2.68047376676683e-07,7.12939031317916e-08,1.02237684429518e-07,2.10540308742679e-07,6.00190517285881e-08,1.74317049128625e-07,6.15052753172307e-08
1.26364035568649e-07,2.88985312957291e-07,1.7862650913969e-08,7.27038567682747e-08,3.5865775560584e-07,2.72455060179588e-08,1.07738738437344e-05,4.81395027066046e-06,2.05741955390553e-05,2.40445710737724e-08,8.92507548526378e-08,4.40172346238832e-07,1.75887380438056e-07,7.7084085225998e-08,1.49918758074463e-07,8.71312958450332e-08
1.3199854220769e-07,2.62390234317955e-07,1.7187379519612e-08,4.03634091150629e-08,1.73197613126397e-07,2.27849061840146e-08,1.025468140315e-05,3.1844667484153e-06,1.7483499491452e-05,2.59139081216012e-07,1.29311483590411e-07,7.7259699859944e-07,1.20514860979526e-07,1.10763149097082e-07,1.06485435802384e-07,1.26246529230656e-07
1.34704699394916e-07,2.53107874825798e-07,1.6300657268431e-08,1.38209250155619e-08,1.53878675981933e-08,1.89644812631506e-08,8.42125530023259e-06,1.67883526449116e-06,1.24935553169184e-05,4.23885782688781e-07,8.02675573733508e-08,9.73207576526747e-07,3.84776894790662e-08,1.68085670937401e-07,3.55963108988888e-08,1.85998910828822e-07
1.34927058526024e-07,2.57632105926664e-07,1.53533388225213e-08,9.88502307786021e-09,1.01053630600575e-07,1.63591794555273e-08,5.75593443921918e-06,8.75602572266375e-07,6.59782194153946e-06,5.08991311074219e-07,2.7485132803387e-08,8.75374962294728e-07,6.76224247708745e-08,2.48491277554663e-07,6.00007502571387e-08,2.6565004562773e-07
1.32740438529844e-07,2.71428647835581e-07,1.45152105890389e-08,3.50170321627985e-08,1.69042972258948e-07,1.46637678111183e-08,2.86093466944679e-06,1.06546609338467e-06,1.63086880090959e-06,5.13608757029757e-07,1.52919945799884e-07,3.85851882667154e-07,1.86654136258291e-07,3.4061866382995e-07,1.7119403061816e-07,3.53177896816881e-07
1.27781735193011e-07,2.89530550423578e-07,1.39207445570833e-08,6.58163447631033e-08,1.86838039498149e-07,1.3565392559256e-08,3.14993116791778e-07,2.15952249945122e-06,3.98892344152679e-07,4.50084034447733e-07,2.4944480026684e-07,3.61588718744699e-07,2.92922281985852e-07,4.20519461030722e-07,2.74196486294009e-07,4.25306357798583e-07
1.19336032944339e-07,3.07023252155147e-07,1.36555331486932e-08,1.04819666002509e-07,1.57210679585518e-07,1.26569333208648e-08,1.49065749152286e-06,3.74835471075993e-06,1.43142349394413e-06,3.40743753707642e-07,2.76544245851953e-07,1.00731245589181e-06,3.53176468848027e-07,4.54723098286536e-07,3.36557798963355e-07,4.50258841877549e-07
1.06580530068179e-07,3.19493346168098e-07,1.3750700356141e-08,1.51480824772676e-07,8.74796636518571e-08,1.14330704487076e-08,2.43468970412203e-06,5.27849213120555e-06,6.10425506940559e-06,2.20382447509854e-07,2.13545725040454e-07,1.20868579034372e-06,3.47809689826839e-07,4.22531935995174e-07,3.38180203174332e-07,4.10410988971321e-07
8.89282667504432e-08,3.23488274167616e-07,1.41797655839326e-08,2.01615302425351e-07,1.04990043048314e-08,9.49999634881077e-09,2.65385457972017e-06,6.23686427364632e-06,1.11788646681156e-05,1.23841570956462e-07,6.93692756743858e-08,9.04012660063458e-07,2.81956564984753e-07,3.26921040350037e-07,2.8145291897097e-07,3.11048023449167e-07
6.63744085249718e-08,3.16932624144783e-07,1.48701482238778e-08,2.47932486846514e-07,1.21319194690273e-07,6.55650047448608e-09,2.46870188081287e-06,6.29216592684568e-06,1.42927578241215e-05,7.9841471854053e-08,1.14371037158306e-07,2.9699838899333e-07,1.84404617131761e-07,1.95062087371412e-07,1.91829228946006e-07,1.80867663623907e-07
3.97425742315605e-08,2.99357573674275e-07,1.57110500165203e-08,2.81456556699977e-07,2.28872296559324e-07,2.37663783098085e-09,2.29336421263698e-06,5.42706061786802e-06,1.42792014095138e-05,9.76248172128436e-08,2.68422081152464e-07,3.40461286940652e-07,8.70118082030302e-08,5.80710494135772e-08,9.75119006652037e-08,5.07053024012549e-08
1.07485421674269e-08,2.71748586577747e-07,1.65611331315318e-08,2.93780419963197e-07,3.21086858878772e-07,3.23619117614804e-09,2.4847404714589e-06,4.06215355784412e-06,1.12937898895314e-05,1.59120073152386e-07,3.04575381353256e-07,8.23105343217279e-07,9.52929013475767e-09,6.40247417305062e-08,1.53081385345644e-08,6.06408044889761e-08
1.82090950096025e-08,2.35834552830827e-07,1.72208611814995e-08,2.80294216781218e-07,3.9633945903006e-07,1.11201093888624e-08,3.15929367052183e-06,3.14770334183126e-06,6.29162355580116e-06,2.17842627076026e-07,1.22761485990552e-07,1.08583012103924e-06,3.76833384496678e-08,1.58344805711863e-07,4.6726501889971e-08,1.4184877050738e-07
4.46342757198792e-08,1.92671262333466e-07,1.73829222127608e-08,2.44391640646935e-07,4.70825176068779e-07,2.23090886042332e-08,4.01329370905322e-06,4.08418774751516e-06,4.44445507800253e-07,1.99359196328269e-07,3.31094116880204e-07,1.14276939733315e-06,5.75880529929407e-08,2.22948165706782e-07,8.94733940270953e-08,1.96378328709557e-07
6.69289511590065e-08,1.40627017392037e-07,1.66464602102678e-08,2.00883915821293e-07,5.81527330401066e-07,3.74051322971081e-08,4.27277415795015e-06,7.98485019153081e-06,5.22377943254789e-06,4.08361136659124e-08,8.88070448540335e-07,1.04226630215365e-06,6.3493262869585e-08,2.55436948815024e-07,1.09035024120629e-07,2.35745023169365e-07
8.54752101320244e-08,7.38632550401075e-08,1.46405267908989e-08,1.73184468821308e-07,7.70587321674565e-07,5.47648885129703e-08,3.12669770358848e-06,1.3937382915777e-05,1.00076302411097e-05,1.98741326184332e-07,1.00298572968532e-06,8.36246532465168e-07,7.67448422589467e-08,2.57606629361362e-07,9.33318753393308e-08,2.75819812101119e-07
1.02865659767915e-07,1.61624490457868e-08,1.12949969377496e-08,1.78940184766829e-07,1.04106146897598e-06,6.98234304818968e-08,7.27200112645517e-07,1.76892043686716e-05,1.35220945652514e-05,2.91961139481725e-07,1.09572611324549e-07,5.6164382866708e-07,1.06006040168083e-07,2.48317502671291e-07,4.36862472863453e-08,3.1968680158645e-07
1.22368376764825e-07,1.34328805148631e-07,7.00781344065149e-09,2.11861302279459e-07,1.31290845506449e-06,7.7936556264202e-08,1.2645573098932e-06,1.38744892341246e-05,1.56029314746102e-05,5.53398427933366e-08,1.5243410596763e-06,2.58844915834722e-07,1.17805226684808e-07,2.52365881303618e-07,7.76973319016605e-09,3.37680195028334e-07
1.45270791729324e-07,2.73853228035387e-07,2.47831111188646e-09,2.40606445307476e-07,1.44371369431573e-06,7.79300448616738e-08,8.23714167701021e-07,1.39484861472641e-06,1.6209271464918e-05,3.73019986143509e-07,2.72619511775679e-06,3.31044372470224e-08,7.97975114874561e-08,2.80592255763601e-07,1.70935209320433e-08,3.12665746293739e-07
1.69348894130117e-07,4.14421296678763e-07,1.60140745109061e-09,2.30850748021011e-07,1.32298741367665e-06,7.09205310589489e-08,2.49908646850673e-06,1.44490190736903e-05,1.53410328340861e-05,6.47450195136591e-07,2.62817088308304e-06,2.90396979352181e-07,1.10415465659486e-08,3.11248781081908e-07,1.26984810444597e-08,2.69661385665643e-07
1.89819830298532e-07,5.29858366363212e-07,4.68438599021681e-09,1.68279438189645e-07,9.50606999117198e-07,5.86115179168623e-08,7.15458649164885e-06,2.63696708454819e-05,1.30551235676972e-05,5.67207438718041e-07,1.47386179777387e-06,5.01180079659491e-07,4.21689824170457e-08,3.16338941264149e-07,4.18182138917089e-08,2.41728305927502e-07
2.01734274063448e-07,5.99411718593679e-07,6.38771668892701e-09,6.30301715612291e-08,4.26407206821633e-07,4.25117652746998e-08,1.0942225055602e-05,3.05551666996148e-05,9.53206099564081e-06,2.03413157566154e-07,1.11392234221352e-07,6.58341758441594e-07,5.7682382759161e-08,2.93918010596528e-07,4.65297371743389e-08,2.36155064614607e-07
2.01972396918215e-07,6.14438666973749e-07,6.48507791911612e-09,6.06884487108772e-08,1.19955891941803e-07,2.42268948236202e-08,1.24455107756891e-05,2.78087568940949e-05,5.08842370185798e-06,2.35892598739185e-07,8.25175709436021e-07,7.54445957373839e-07,4.45608453469859e-08,2.6017697940528e-07,3.20167041767405e-08,2.39435643090147e-07
1.89994961319329e-07,5.78056401218108e-07,4.94035090614631e-09,1.77298169770634e-07,5.89911746062821e-07,5.98985980260203e-09,1.14778059110723e-05,2.12819051785212e-05,1.46167479274146e-07,5.75118115616301e-07,1.18435169880332e-06,7.78536905832183e-07,2.11889251700015e-08,2.27972263622256e-07,1.33964871418257e-08,2.36892836458225e-07
1.67529546568623e-07,5.00663936808809e-07,1.93380322865977e-09,2.67896634764675e-07,9.36668404727392e-07,1.01825208820294e-08,8.70889590041302e-06,1.40336659849372e-05,4.79339691266057e-06,7.42926700630919e-07,1.12332592531322e-06,7.16912981313378e-07,5.91776516678522e-10,2.00705151831571e-07,2.73834843689258e-10,2.22753426037947e-07
1.37734213701002e-07,3.950791577223e-07,2.19419382663233e-09,3.22835824961842e-07,1.15564030861437e-06,2.30180971783067e-08,5.07337514751451e-06,7.91834112298009e-06,9.16201235128342e-06,7.56054394463954e-07,8.70132984914784e-07,5.56232665260836e-07,1.16492016033476e-08,1.74820991794e-07,5.95861027186118e-09,1.96948439445954e-07
1.04306598358583e-07,2.73278132900678e-07,7.02628610849132e-09,3.40604461246397e-07,1.26500977681854e-06,3.20769492634376e-08,1.35347546168554e-06,3.58292513232005e-06,1.23416230313953e-05,6.72003353770559e-07,5.94469203710202e-07,2.91001919783263e-07,1.38643280189754e-08,1.44515625799535e-07,9.32711596846048e-09,1.60532626747312e-07
7.07978319303137e-08,1.44989034389642e-07,1.21430386856858e-08,3.25177409832289e-07,1.28939136373463e-06,3.75410555281119e-08,1.98004880583899e-06,9.13458455452088e-07,1.37258986697412e-05,5.49718881489789e-07,3.8037397303084e-07,6.23358977769328e-08,4.70086347625909e-09,1.03825719910411e-07,1.64530885582437e-08,1.12767444049311e-07
4.01987315656882e-08,1.75720576423011e-08,1.71686966865536e-08,2.8341744415239e-07,1.25056713901062e-06,3.98463001621829e-08,4.74606411257847e-06,5.10872798724142e-07,1.28695657710818e-05,4.29475856753014e-07,2.4701583466874e-07,4.4555367728627e-07,1.88736771766784e-08,4.69491556742696e-08,3.5089440353353e-08,5.03404009588593e-08
1.47485302859351e-08,1.03498718040385e-07,2.17909867927801e-08,2.23284135764112e-07,1.16436237865281e-06,3.9633499229729e-08,6.9503728676848e-06,1.11598981715407e-06,9.75086810097964e-06,3.28356622959422e-07,1.79189586963641e-07,7.40109013186441e-07,6.1530910255847e-08,3.15744282941566e-08,7.29300265733812e-08,3.18076750494001e-08
4.12314737907593e-09,2.1405276345865e-07,2.57783446810933e-08,1.52932569608133e-07,1.04136803616428e-06,3.7530272764541e-08,8.66769067110525e-06,1.19051903639823e-06,5.09369829557506e-06,2.44914369472438e-07,1.51557209910474e-07,7.80659753729651e-07,1.26137584155472e-07,1.33094836596293e-07,1.3418615019134e-07,1.35723888128325e-07
1.57943756962098e-08,3.10814639858936e-07,2.89838916200935e-08,8.03268306870386e-08,8.89368778539401e-07,3.44859168027734e-08,9.94071253787532e-06,8.69869226126106e-07,5.00919535321514e-07,1.68023383831373e-07,1.43323002001206e-07,4.38982600270421e-07,2.10258136124075e-07,2.54550000522435e-07,2.16336848213317e-07,2.59206250574628e-07
2.04162016181897e-08,3.91257566290104e-07,3.13689775266468e-08,1.28919693254126e-08,7.1592900571793e-07,3.15239881421014e-08,1.07252765521178e-05,2.14066739551749e-07,1.97501530373273e-06,8.82011530062288e-08,1.43383930197721e-07,2.26849852236199e-07,2.93567882669876e-07,3.73576194978575e-07,2.9820891245258e-07,3.80126025323335e-07
1.88308560966632e-08,4.53669984634697e-07,3.29696173695382e-08,4.30447914534504e-08,5.29841328013314e-07,2.86471699140201e-08,1.09449539578026e-05,6.44989473172983e-07,9.60846717450369e-07,1.43044129935141e-08,1.59734597828323e-07,9.03313711386744e-07,3.45447578209424e-07,4.59711698597154e-07,3.46885981938883e-07,4.67630557166032e-07
1.38039305668247e-05,1.17184898515421e-05,8.70140826469967e-06,0.000605804157766954,0.000548975599902987,0.000184607648769597,0.111601061950634,0.108793841121508,0.00544966535215919,0.0480508668911309,0.0418598708871557,6.06422051396827e-06,0.000270784156496617,0.00306614956033235,0.000122850273226227,0.0034645941055812
0.000244102922320355,0.000241215766770997,1.33007416761588e-05,0.00456566702810901,0.00471372849418138,0.00019208918960617,0.298210369874299,0.333548809632944,0.0165014618125648,0.0138253396999566,0.0155702785509342,8.67522070602256e-05,0.000657790522562207,0.00275358649146573,0.000477950542235206,0.00305943660840591
0.000975423779567608,0.00100971423682428,3.47954722245136e-05,0.0100122008625527,0.0105822094969613,0.000762892405052507,0.236399231756612,0.347856353803014,0.0166766966803057,0.0165968616673555,0.0217750822418206,0.000224622638205663,0.000318541502808856,0.00164908056691992,0.000474659131891042,0.00196091923847896
0.00219219530355574,0.00229294789126666,0.000132318508131557,0.0139181939633382,0.0146101768000036,0.00114656512004047,0.0911572764753098,0.189657798566838,0.0101957966286751,0.0207700417326228,0.0364694391857378,0.000374374216915441,0.00040104912413419,0.000137730759876331,0.000464755322472699,0.000365618477704666
0.00366892549753473,0.00383017018494219,0.000253019208344085,0.0151695355199445,0.0156418251790293,0.00122231408264761,0.0191345280494279,0.0117694121719081,0.00452146437848742,0.0138448309272356,0.0329544199021933,0.00051747690966597,0.000202013802596213,0.000503892417286989,0.000103989273637972,0.000448838809875118
0.00514588442211417,0.00533629514928763,0.000366268136693826,0.0140259559681746,0.0141298726600741,0.00100602062906507,0.0699500491234559,0.176484314740518,0.00247110163268439,0.00650092719082612,0.0227509862364335,0.000641680347896023,8.74577462426362e-05,0.00048095254827385,0.000210802400693599,0.000648913175609112
0.0064183299729984,0.00660209065314388,0.000445613712727333,0.0111971464103778,0.0109789169140878,0.000553231287422684,0.0795907369795004,0.28742699840581,0.00365056024606751,0.00241940353685541,0.0147067221709828,0.000737043540270155,0.000162519854592369,0.000130818947347899,0.00034634218731322,0.000542635365993749
0.00734832388669504,0.00749993168734331,0.00046970878535868,0.0072354648393213,0.00683656531660431,9.430340010258e-05,0.0725525907987735,0.370212234311187,0.006493493514571,0.0014844000082896,0.013687962193959,0.000790720659111344,0.000397090569032921,0.000321738392093152,0.000319489250330429,0.000345733380308855
0.00783131525504993,0.00794009988500177,0.000419953163908859,0.00222283994366107,0.00178595893702205,0.000923652755002558,0.065007102572872,0.471320528465563,0.00930920437411958,0.00237526248806274,0.0216406926642333,0.000782676898813561,0.000726860905522542,0.000775182748310788,0.000189818574957812,0.000163674769642186
0.00774178558651356,0.007809139888317,0.000277785238138373,0.00435198057338049,0.00473295544448177,0.00194471854571426,0.0630564696598013,0.643940638140316,0.0106712143962802,0.00381204329324047,0.0389172600563404,0.000685730734426349,0.00109932929836898,0.00120203693695387,1.07716206465547e-05,3.24671664931886e-05
0.00687233186452735,0.00690604805153344,2.32256016037269e-05,0.0136134120022842,0.013903776702786,0.0031716599810645,0.0656378855052963,0.940665037107008,0.00949270103858322,0.00492112238924198,0.0650430896425706,0.000465386954140223,0.00147827231208653,0.00160409254162097,0.000175963913761623,3.61770787784543e-05
0.00487377162692557,0.00488261554553449,0.000364162121224254,0.0272619936106071,0.0274739551402282,0.00459295970312684,0.0680370739848862,1.40863907337197,0.00496258457137925,0.00522361097238722,0.0986253363829811,8.09671779860299e-05,0.00182803976835022,0.00197774911528148,0.000319711254012756,1.72012677561728e-05
0.00120188223770645,0.00119191743304445,0.000900760065600803,0.0474724859467331,0.0476441522724996,0.0061308201421163,0.0647765369708019,2.08163781878808,0.0035478270163444,0.0045460091941492,0.136289689774969,0.000511764684313493,0.00208848895934477,0.00228689961973083,0.000327772093966061,0.000161351276813826
0.00491981070862171,0.00494663790509575,0.00159015995687528,0.0766574911009064,0.0768287634970151,0.00760080669739965,0.0518795254901352,2.96291663622415,0.0165430407982787,0.00295223904061209,0.170480063843233,0.00135595529876326,0.00214435491294229,0.00243338873321175,2.40120616966655e-05,0.000656318870057793
0.0145013306690653,0.0145458574576375,0.00241182095109083,0.116955899536543,0.117135076552071,0.00871068205395482,0.0284448045388756,3.99188071106794,0.034408081518893,0.000618345181451992,0.186002012914129,0.00248621592108986,0.00179445610769335,0.00221906459715182,0.000890578667247732,0.00175281497317914
0.0287141405978331,0.0287737065804613,0.00331486306268758,0.169239702853932,0.16932811232911,0.00918454406670939,0.00414466288248957,4.98961523470753,0.0574816037177796,0.00274882122509332,0.156258594826912,0.00391810092339057,0.000760864558937757,0.00131775188432726,0.00281712368552256,0.00387728849027991
0.0486880996855306,0.048736342732182,0.00423612249935457,0.231491158763981,0.231043454274052,0.00914290434257678,0.052554074409391,5.59943974049765,0.0867206325868455,0.0103814855339387,0.04630355576598,0.00565914705675099,0.00101454570967818,0.000550362053159503,0.00592329124345936,0.00741354972436004
0.0253736434431142,0.0253580115355769,0.00414964539333851,0.198800269182843,0.199384002319518,0.00657024646811856,0.010021458844932,5.66416102093084,0.0771582650078214,0.00289693805691299,0.0769867997066821,0.00544617314994088,0.00639706781902905,0.0104137730338966,0.003304027149163,0.0012064738471923
0.00878433483289162,0.00873333050990788,0.00334102507273593,0.134473715542182,0.134606871175914,0.00843916057484931,0.0122454508269969,4.89660761228489,0.0445322142626757,0.00145724162598436,0.179678945003901,0.0050819754910408,0.000129065379257054,0.000691241140601928,0.00482402672700055,0.00585445677452878
0.0019210365162476,0.00196979439568768,0.00250416325836866,0.081896456168253,0.0817563604252962,0.00816137370338214,0.00549794325792081,3.77345231368495,0.0198529664298587,0.0012832163291668,0.203391126776242,0.00359943335166223,0.00145104500574167,0.00226183120263879,0.00207033902118026,0.00281791126630349
0.00805717032547279,0.00808640908200703,0.00172508922586401,0.0430777580875246,0.0428510989822974,0.00732303108649511,0.00083293247521649,2.65663425642875,0.0028046455900766,0.000681579551770418,0.181873672232029,0.00239568114879427,0.00216286175690616,0.00282273622615337,0.000505934963270005,0.00109893602903521
0.0109543687883062,0.0109610788176562,0.00104837024450299,0.0167536708625837,0.016540268410011,0.0061667688654163,0.00140946425271594,1.72126003872151,0.00816179851020335,0.000278206501865894,0.143151539010659,0.0014585177322328,0.00226039362439145,0.00276375300958509,0.000147356055903769,0.000315834406648841
0.0117391101382427,0.0117269249536794,0.000492702350242569,0.000365263168296025,0.000203846463797971,0.00493934526858442,0.00217396480881839,1.01589677518696,0.0144613263929094,6.29116904988311e-05,0.103222159120608,0.000759466116762066,0.0020421125848975,0.00240940713463533,0.00029800490455667,4.8521101959742e-05
0.0112675140332191,0.0112421462826686,5.66069993568341e-05,0.00880435223153784,0.00890702620156358,0.00379469339653976,0.00216984752947273,0.524301184920037,0.0173421964659517,3.84590442437461e-05,0.0692029035496225,0.00026268918739568,0.00170454096328509,0.00195995611248956,0.000230240147789718,1.55952304644602e-05
0.0101399401742119,0.0101069630147065,0.000272202872355853,0.0131025923394988,0.0131539345314716,0.00280084135412719,0.00181562124638567,0.205245425361111,0.0178530103165378,7.73716261801029e-05,0.043142911477785,6.95631395343177e-05,0.00135356594656455,0.00152024447978139,9.94349360934343e-05,6.38043905786256e-05
0.00874828155967898,0.00871223358558689,0.000509890067480478,0.0143433296429889,0.0143555465293544,0.00197311024959936,0.0013467540046617,0.0136121558971147,0.016834321126668,8.34904731032608e-05,0.0246309813139593,0.000273392035174848,0.00103863981468333,0.00113742314909115,2.2547325859823e-05,0.000121152341750586
0.00732945132296197,0.00729361452752266,0.000672704384590883,0.0138234406397221,0.013808956919086,0.00130162985218533,0.000890442400578997,0.0901664846284796,0.0149304875802689,7.36935289553954e-05,0.0122971934208947,0.000381144265331592,0.000777267188501574,0.000826174923871381,0.000110019187988808,0.000160323665804873
0.00601293339676161,0.00597942731959471,0.00077536106162257,0.0124119774534776,0.0123814201527028,0.00076744642898588,0.000507680599162835,0.137062973848257,0.0126131881683521,5.77148939618352e-05,0.0045892821964765,0.000420374757847294,0.000570379898456652,0.000584400765255677,0.000159878094024624,0.000175867410888597
0.00485829723566064,0.00482829981883631,0.000830567909058999,0.0106553531802245,0.0106168892923456,0.00035013614993637,0.000218762448247457,0.149540791327941,0.0102098744959512,4.10312313660515e-05,0.000122825983511586,0.00041355589229818,0.000411464235798298,0.00040259225175765,0.000178380929683253,0.000171476941623783
0.00388255984376232,0.00385655563816363,0.000849050514275085,0.00887261083722147,0.00883198245306017,3.07237849020288e-05,2.05098849361353e-05,0.142924657610088,0.00793276081744763,2.64260517699016e-05,0.0021998274000066,0.000378277061296498,0.000291642578017726,0.000269102341522554,0.000174382610311441,0.000153523790480836
0.00307894251997184,0.00305694879573132,0.000839747012814085,0.00723161772428882,0.00719250230941824,0.00020752683695552,0.000101785407205516,0.127089776620838,0.00590575758082,1.49804121717361e-05,0.0031847637446087,0.000327737003685879,0.000202235638309234,0.000172826430023809,0.000156242164575326,0.000128126100191417
0.0024290159750579,0.00241076600448925,0.000810035111573404,0.00580536778321033,0.00576984772253627,0.000379113757023527,0.000166543794401882,0.108021345517289,0.00418801261516902,6.77265323398951e-06,0.00338972406618803,0.000271382933378471,0.000135840959320288,0.000104334578261089,0.000130668697049141,0.000100073277160106
0.00191010217680679,0.00189518139897665,0.000765945486813857,0.00461114252226302,0.00458016386940487,0.000496514775705455,0.00019135219161018,0.0890783026574153,0.00279354092605715,1.36936303950042e-06,0.00318059809298886,0.000215593948034965,8.66056429071893e-05,5.61479210212656e-05,0.00010251764951974,7.26478774598638e-05
0.00149945926947067,0.00148739874394843,0.000712351790543631,0.00363633267935218,0.00361009468777219,0.000570422807416665,0.000190800185139431,0.0719378548926732,0.00170693192817242,1.8512826467948e-06,0.00278475516883569,0.000164340919575443,5.0112248908718e-05,2.25962243984856e-05,7.5000433306438e-05,4.78257502899426e-05
0.00117639682954796,0.00116673212719905,0.000653138562304756,0.00285457415253364,0.00283283002068448,0.000609951356483627,0.000175864337323488,0.057260069752828,0.00089542336411915,3.51052023805575e-06,0.00233486343619653,0.000119782108413931,2.31184366414894e-05,4.88744896776083e-07,5.00310281246197e-05,2.65918683085564e-05
0.000923132515093806,0.000915436915792574,0.000591350140577651,0.00223522865618111,0.00221750028895874,0.000622811076494753,0.000154154654762293,0.0451319304979256,0.00031779224879958,4.13670341183945e-06,0.00190200553135378,8.27736990213953e-05,3.27573388148039e-06,1.61078910775325e-05,2.85774236874481e-05,9.24926634571221e-06
0.000724934456353301,0.000718834425944282,0.000529322975751922,0.0017485144020265,0.00173423477797165,0.000615466950446146,0.00013054050773774,0.0353495677725738,6.9419118444837e-05,4.13528130842732e-06,0.0015192256140407,5.32885588356441e-05,1.1116416968604e-05,2.63945052312309e-05,1.0962906908385e-05,4.32654974014124e-06
0.000569896999918762,0.000565076345427653,0.000468802896798515,0.00136793488487591,0.00135653496215003,0.00059328299441655,0.000107858788184669,0.0275881426594056,0.00030781880788649,3.79345903104634e-06,0.00119744166993404,3.07458738931688e-05,2.13035006608742e-05,3.28569656227184e-05,2.89850484758158e-06,1.44983583717506e-05
0.000448560197209946,0.000444757624729728,0.000411048398795799,0.00107112509787702,0.00106208133680278,0.000560657466408168,8.75504681086093e-05,0.0214974426299752,0.000434733974064297,3.30042430896725e-06,0.000935697617681685,1.42600195111615e-05,2.82167276363099e-05,3.65632807229899e-05,1.33296380673276e-05,2.17370161611496e-05
0.000353492283223606,0.000350495604466976,0.000356920855484111,0.000839840053727535,0.000832695869736422,0.000521149172884914,7.01657764214816e-05,0.0167506612090371,0.000482001772259815,2.77159532892374e-06,0.000727447383121589,2.81997107184387e-06,3.25706242815249e-05,3.82754064909285e-05,2.07705561710014e-05,2.65383030179089e-05
0.000278896673401922,0.000276535738236493,0.000306962563555002,0.000659532479128898,0.000653903682691404,0.000477594434232233,5.57316874058294e-05,0.0130651919599175,0.000475619906896009,2.2709030821178e-06,0.000564188029426157,4.5884279377507e-06,3.49280403331154e-05,3.85439094646722e-05,2.5699891890385e-05,2.93742513455264e-05
0.000220270308897041,0.00021840988935531,0.000261463583025812,0.000518779871394556,0.000514351154662583,0.000432214101159029,4.40007756128602e-05,0.0102077563986747,0.000435964271658904,1.82869056193953e-06,0.000437401702625275,8.90530974086441e-06,3.57422320751422e-05,3.77731041937279e-05,2.85861834201651e-05,3.0668101114073e-05
0.000174120613784218,0.000172653885485937,0.000220518390105173,0.000408701385756631,0.000405218492800248,0.00038671022989781,3.46086187307511e-05,0.00799155700091836,0.000378347105210388,1.45490964014465e-06,0.000339470301832014,1.0953788376642e-05,3.53837064566154e-05,3.62651204682818e-05,2.98602224360067e-05,3.07844343386821e-05
0.000137738254443505,0.000136581152600316,0.000184073382317962,0.000322431869531801,0.000319692289288365,0.000342352349214263,2.71660607229696e-05,0.00627001283492131,0.000313747574063874,1.14814490235212e-06,0.000264001247607882,1.14216799931641e-05,3.4157455349404e-05,3.42494191850617e-05,2.99014921602003e-05,3.0028380616165e-05
0.000109018476459894,0.00010810498594569,0.000151966266882075,0.00025467811655534,0.000252521896824678,0.00030005355515301,2.13082201860496e-05,0.00492960764606686,0.000249596096102892,9.01419442454306e-07,0.000205841214162651,1.08601413973071e-05,3.23144085125904e-05,3.19025166057862e-05,2.90336582798867e-05,2.86497421552179e-05
8.63225445693061e-05,8.56008670274698e-05,0.000123958327407081,0.000201359798172635,0.000199661274612702,0.0002604369063161,1.67164331028323e-05,0.00388312692118389,0.00019053370224142,7.05701093259377e-07,0.000160944210285624,9.69305392383745e-06,3.00595785567292e-05,2.9361258917171e-05,2.75255596171586e-05,2.68493694681737e-05
6.83711772146823e-05,6.78006654409399e-05,9.97605080359509e-05,0.000159326780450343,0.000157987524643987,0.000223892755872534,1.31243981968087e-05,0.00306382582446451,0.000139098791287845,5.51852436295589e-07,0.00012618837163637,8.23246435598687e-06,2.75583815761982e-05,2.67319111002529e-05,2.55952976998541e-05,2.4786189563808e-05
