step,T1,T2,T3,T4,T1_ref,T2_ref,T3_ref,T4_ref
1,0.71208083779457,0.715716698140815,0.711881128683123,0.715959978850358,0.71208083779457,0.715716698140815,0.711881128683123,0.715959978850358
2,0.704454559575005,0.715469772754714,0.711932449406633,0.709022239572371,0.708816017525972,0.718979717093774,0.708658605093727,0.719264777013096
3,0.691241210191588,0.707412976106321,0.705061179952892,0.733312583146013,0.705453223594034,0.722377077332229,0.705333969228661,0.722699988723412
4,0.734053343940586,0.756469940534615,0.709355253304357,0.717562813948808,0.701728596389238,0.726165761483577,0.701647568363847,0.726525604450271
5,0.694335127218466,0.716033892908436,0.702284722008765,0.736213551745782,0.697520077115999,0.730463383112081,0.697478270626204,0.730858748890319
6,0.716735819657249,0.741520145863956,0.646817039197575,0.75844904377137,0.692742306936595,0.735350098625019,0.692741730629794,0.735778391573187
7,0.66233600412689,0.714208255479424,0.724334191601322,0.723674438094187,0.687422254714647,0.740793360107301,0.687466024274694,0.741249787240167
8,0.662073780772319,0.736400129349238,0.679342877814354,0.760309220154261,0.681831491521424,0.746516157938024,0.681923800080209,0.746992299873702
9,0.671695218541678,0.798686697305256,0.660769130468951,0.704973258774942,0.676701211247284,0.751782816185573,0.676846746908972,0.752264660353567
10,0.68029823636531,0.772458291683522,0.671153772192687,0.754360729969139,0.673478058614613,0.755144176670618,0.673680215483438,0.755609899907875
11,0.681384714975228,0.730584664975104,0.688593367424637,0.783653605836722,0.674399878934554,0.754362601569742,0.674657083939285,0.754781302240495
12,0.683121140630682,0.744962328277869,0.692837297226748,0.767502696956795,0.681904336131684,0.747002727933855,0.682204752002468,0.747336587138171
13,0.697621802293575,0.711330513642104,0.711898778350553,0.731957888390193,0.696983843960686,0.732073192983675,0.697301266654802,0.732285637108082
14,0.716546347472374,0.732215091792804,0.696091076591854,0.707369928243742,0.717322125000096,0.711884696720052,0.717618305592648,0.711953339574999
15,0.736701454360768,0.699732647553928,0.752363306195742,0.689690892166272,0.737528711200465,0.691812764501216,0.737764509019898,0.691739360136267
16,0.786719715184467,0.688123963864761,0.6973682196628,0.66637685699543,0.752296431448576,0.677144736969617,0.752445619447003,0.676953799977701
17,0.743855543649436,0.664925119541161,0.777460057582063,0.69391539394387,0.759486479938669,0.670003478908018,0.75954227979486,0.669730791050477
18,0.7264564484423,0.64685048292423,0.786423737722809,0.668877089290724,0.760231714741426,0.669249459581851,0.760203435490009,0.668929774660125
19,0.753801176607698,0.677448669540427,0.758486058793636,0.680646687910857,0.757016122702706,0.672400584564,0.75692136160814,0.672061123822862
20,0.7725505806434,0.709089954978211,0.752379575820579,0.628539901249913,0.752060741203865,0.677242767847086,0.751918809253752,0.676902337766234
21,0.756696152691254,0.662541473264572,0.756348155580442,0.694123205329193,0.746782440218485,0.682368175384827,0.746610822071985,0.682038929318312
22,0.763489343536283,0.671170340866561,0.740846930157688,0.682826088892096,0.741896700032999,0.687070884151936,0.741709861061637,0.686760497877795
23,0.714118577629166,0.702276992998504,0.748874507124542,0.703010628981015,0.737678848259129,0.691085048888334,0.737488252894374,0.690798431012514
24,0.74380320353635,0.677212729048439,0.703640473327138,0.723750785478887,0.734175999347634,0.69437277886496,0.733990570176198,0.694113197961854
25,0.71348194753798,0.732772521429412,0.743437643506333,0.679330373240309,0.731335965158193,0.69699514342712,0.731162607168389,0.6967649040492
26,0.74344533747098,0.683672809104972,0.719643908035313,0.710659901907779,0.729074540382943,0.69904478354433,0.728918590485682,0.698845607129501
27,0.723838389416456,0.698699125580735,0.742254590268918,0.715414880053783,0.727306675690359,0.700614592818289,0.727172246508675,0.700447820696322
28,0.714690183876153,0.739397944837647,0.732431454587914,0.656937593748668,0.725958968021985,0.701785050262047,0.72584919562389,0.701651744594822
29,0.737838044421643,0.686314934876068,0.73704711813184,0.733017936137076,0.724973364617885,0.702620328962142,0.724890580353432,0.702521317609353
30,0.732738389769171,0.696994729173103,0.694478577592637,0.714523504625421,0.72430718941544,0.7031680920341,0.724253035141269,0.703103984431143
31,0.74452790786615,0.695693315112925,0.694096693781467,0.694941958222264,0.723931967950441,0.703460516432681,0.723907469708512,0.703431706187192
32,0.697651954386933,0.70729756487719,0.765435481132383,0.687569955670254,0.723832188326939,0.703515419981189,0.723837798953311,0.703522083103352
33,0.756545682561581,0.697799831832004,0.729832924504659,0.712258096852297,0.724004490088527,0.703337009213102,0.72404010710685,0.703379102710048
34,0.683466937300673,0.703860983468956,0.757399135573573,0.672175095619261,0.724457470552319,0.702916064766127,0.724522432090423,0.702993327493062
35,0.743583391996804,0.709860837265102,0.705008561071692,0.700466281986647,0.725212145473689,0.702229531041492,0.72530520358795,0.702341486373192
36,0.737022236939422,0.672881358561624,0.699444450867098,0.731507988508828,0.7263029789703,0.701239596519095,0.726422246350527,0.701385553922489
37,0.717225187567986,0.697284502489017,0.750409053850778,0.721580562998771,0.727779203667371,0.699892543396699,0.727922065913094,0.700071592658685
38,0.718441257145003,0.733570640146462,0.726761068060329,0.661693599124958,0.72970574597534,0.698118050316224,0.729868727291061,0.698329037082928
39,0.744511306019342,0.699853395390343,0.699116921700325,0.672871832792195,0.732162210342346,0.695830492922677,0.732340775815348,0.696071955906591
40,0.700228108051545,0.680509665240272,0.775758334901645,0.73337463855936,0.735236625867247,0.692935538133632,0.735424899869345,0.693205574601395
41,0.767030685125099,0.666947097693482,0.697042439167188,0.70381913803685,0.739007312119893,0.689348674978911,0.73919769424529,0.689644678781635
42,0.735802583207258,0.692419525878548,0.739262781174296,0.688124325929583,0.743500423690018,0.685038118847658,0.743683102426962,0.685356301335473
43,0.747035259714091,0.699465506465185,0.792181601011148,0.649268096079564,0.748602543650911,0.680112698289768,0.748764969156188,0.680447259759332
44,0.768445775796355,0.675331710117562,0.740392805730319,0.673787101709548,0.753902110545188,0.67498086581102,0.754028638576265,0.675322659967437
45,0.751702495236813,0.647936395232024,0.753359880206568,0.685173021730858,0.758450914577369,0.670589395353595,0.758523132034579,0.670924013058385
46,0.753580468987894,0.694500093668978,0.781316373199888,0.673319504225056,0.760527984379563,0.668659020664964,0.760526651474495,0.668964624598328
47,0.758761305917582,0.694870175328112,0.75823115478897,0.657249925069474,0.757710263014898,0.671612019485491,0.757619986066407,0.671858259051321
48,0.758672113981583,0.649758989688255,0.717994452708892,0.697517174505965,0.747783042192799,0.681658641646499,0.747599696924753,0.681809324728381
49,0.729147283495009,0.697919236026791,0.730511717534091,0.696907121024879,0.730632281031248,0.698901984884486,0.730369940624564,0.698923979565509
50,0.701537376569972,0.736156614568803,0.720138641290583,0.701245852265855,0.709715198839591,0.719868759359949,0.709406194090284,0.719745060070077
51,0.689326971686726,0.718064192487338,0.71786535705328,0.745348552797949,0.690812311477418,0.738764467614845,0.690497177340888,0.738502840408347
52,0.720290742280348,0.730386394626609,0.629736383854632,0.77600695203455,0.678449191083403,0.751059507207056,0.678162606517576,0.750689206280392
53,0.666489555071615,0.777102534295036,0.694204337151103,0.748443907608947,0.673604439939395,0.755782591668414,0.673367076838676,0.755342065815133
54,0.658891329634519,0.783663590744103,0.700793195700754,0.747251560823927,0.674499783199216,0.754725796080046,0.674318983959559,0.754250890151592
55,0.656751131007232,0.751281976500269,0.700635298814553,0.758622592650537,0.678624771574859,0.750414371418374,0.678499675521168,0.74993257229895
56,0.715401279669981,0.747646493609891,0.666843542092039,0.750018912856164,0.684011435284488,0.744829318227164,0.683937853196062,0.744359270636323
57,0.684544959496454,0.723584071850731,0.691124086111117,0.748520916788847,0.689508363861517,0.739132823845829,0.689481697815445,0.738686206398235
58,0.696668431492909,0.748190398303248,0.696365139209339,0.701531576020284,0.694589308326137,0.733860047695889,0.694605794408263,0.733443779507851
59,0.718424635201685,0.721528421062366,0.673313332531896,0.739945819045475,0.699096986154818,0.729175740059221,0.699153987023794,0.728793729782443
60,0.679329997130828,0.717966657614187,0.667249837140895,0.729818372508894,0.703058816900905,0.725058730497367,0.703154703592316,0.724713061680325
61,0.697220602518236,0.701060696606948,0.738474728836411,0.719615112414121,0.706581648255635,0.721407248378149,0.706715557182601,0.72109892515217
62,0.684775877068125,0.718883182598601,0.730809788841057,0.723152855177889,0.709799869262171,0.718090757015691,0.709971455763454,0.717820161323332
63,0.720993186431842,0.742583320129261,0.700084448315966,0.679711408042357,0.712853575259683,0.714971703032135,0.713062801406559,0.714738882008965
64,0.724642027964985,0.683013491402541,0.71208455852186,0.735924378066171,0.715881864617043,0.71191214458404,0.71612882142614,0.71171700936841
65,0.723389868479174,0.694501452495568,0.694543991997279,0.716279639714571,0.719022722887086,0.708773829371389,0.719307469981479,0.708616318964433
66,0.719497995516429,0.757485949168813,0.738529718605943,0.676118302350478,0.722414280856711,0.705416952382902,0.722736675353253,0.705297198397035
67,0.718159296776161,0.690775644579305,0.746640980696854,0.690043577778933,0.726192968676679,0.701702083533345,0.726552441397863,0.701620599778427
68,0.760131092822505,0.697515373372127,0.691992805036004,0.728669334732826,0.730482409676039,0.697501435574332,0.730877625357679,0.697459344335463
69,0.721676342251173,0.68143351915864,0.735431112629104,0.741230832977421,0.735362463487657,0.692730084944044,0.735790769549582,0.692729369361651
70,0.770295687671852,0.693470458341461,0.770239559834678,0.633519889243254,0.740800462701891,0.687415139350883,0.741256992465797,0.687458860032544
71,0.731503886173059,0.690508418224879,0.769226590446106,0.704518433972698,0.746519227896169,0.681828323239095,0.746995505440749,0.681920626622842
72,0.770139167459525,0.662652167933987,0.771111976311003,0.683109742888409,0.751782903429276,0.676700987273525,0.752264882101984,0.676846531435749
73,0.725486435995268,0.688854841399168,0.766417926199143,0.664431398594375,0.755142155898783,0.673479932304715,0.755607996238188,0.673682095707415
74,0.74522668545005,0.687688849822287,0.75328387867162,0.690644205374884,0.754359184719884,0.674403153426287,0.754777979903879,0.67466035694286
75,0.788788713237625,0.657160763733569,0.687958339778798,0.701704498002778,0.746998480612885,0.681908453199139,0.747332412089138,0.682208858838575
76,0.714638880366598,0.726596358334798,0.746257545632192,0.668039386064036,0.732068552474709,0.696988369571923,0.73228104895188,0.697305775026817
77,0.727632998942781,0.708362735013041,0.726875043280752,0.698900685416842,0.71187999011657,0.717326733135985,0.711948668063472,0.717622892045295
78,0.704859511486479,0.745873203696155,0.686547581938288,0.745857177637593,0.691808226146738,0.737533167265225,0.691734842283111,0.737768941561775
79,0.643710092632606,0.735907056896473,0.702096465325127,0.778383034078542,0.677140524789383,0.752300576268769,0.676949596604464,0.752449741208714
80,0.673421755113,0.758746641641502,0.652192283344926,0.772861659287541,0.669999689427329,0.759490215006556,0.669727001931881,0.759545994098979
81,0.673847759025223,0.784424507176593,0.673642413597353,0.753770656249604,0.66924614147172,0.760234989049396,0.668926451852748,0.760206692555863
82,0.675431320096288,0.763873457234298,0.668029321078505,0.749095063305254,0.672397750540872,0.757018921276326,0.672058283112712,0.756924147018215
83,0.661240866923209,0.756190999015065,0.691049330078722,0.755097480815519,0.677240404789949,0.752063075310282,0.676899968361614,0.75192113421617
84,0.697003215695258,0.711446751165241,0.659060526360652,0.753903246918019,0.682366252644796,0.746784339182998,0.682037001954678,0.746612715409649
85,0.687136123285582,0.756745860686217,0.699363001734191,0.708024865232553,0.687069360159635,0.741898204578448,0.686758971474769,0.741711362776087
86,0.695491763605146,0.705601326434985,0.691277713278878,0.747208642413228,0.691083876255075,0.737680005254794,0.69079725800021,0.737489409113665
87,0.68508400358264,0.757021892892732,0.664727830849673,0.704261377008434,0.69437190820914,0.734176857819609,0.694112328395608,0.733991429293102
88,0.689192034255053,0.718031043867018,0.70893395105831,0.756515572408724,0.696994526152046,0.731336573386912,0.69676428864886,0.731163216988316
89,0.70774725285311,0.755416433831569,0.694540008405001,0.725855191840139,0.699044373768737,0.729074943903854,0.698845199396388,0.728918996219811
90,0.667450276709269,0.697951359335715,0.737199237194371,0.742363961503161,0.700614348631058,0.727306916019982,0.700447578268726,0.727172489462189
91,0.729316654306125,0.730842770218749,0.670481774093728,0.700701689577856,0.701784934445146,0.725959081948585,0.70165162999933,0.725849312442243
92,0.745334054478086,0.682742013657658,0.680747787787343,0.741700277323743,0.702620309302771,0.72497338391805,0.702521298552408,0.724890602702772
93,0.690357355545413,0.757332401231419,0.727619541298473,0.716382582298619,0.703168141327995,0.724307140881008,0.70310403375655,0.724252989713308
94,0.703432366680662,0.747057176678605,0.724738121312127,0.718638538549321,0.703460612264391,0.723931873631842,0.703431801604259,0.723907378455444
95,0.666614079264553,0.727963548981661,0.724527378077915,0.736085285679211,0.703515544352919,0.723832065918184,0.703522206769432,0.723837679474124
96,0.732546084119151,0.736293043643412,0.655130172238339,0.711478636862308,0.703337148080826,0.724004353395368,0.703379240732176,0.724039973121831
97,0.684534092672415,0.704202477831903,0.715870495189253,0.751791016989162,0.702916207529826,0.724457329998845,0.702993469396877,0.724522293955012
98,0.657147178488835,0.708191816921028,0.726039360421687,0.714383063848467,0.702229670025649,0.725212008613943,0.702341624573724,0.725305068809814
99,0.74080400050598,0.720522967463841,0.647017658136451,0.723393036077442,0.701239726470004,0.726302850980906,0.701385683220437,0.726422120084536
100,0.693773407463158,0.754559486736496,0.719639830624647,0.696917069512628,0.69989266101493,0.727779087804771,0.700071709777361,0.727921951417678
101,0.705039485248135,0.721693991797411,0.702281189032134,0.735597229240599,0.698118153835694,0.729705643987455,0.698329140254521,0.729868626336343
102,0.718600416886854,0.708061357074622,0.671405846497056,0.780683310977415,0.695830581742277,0.732162122829287,0.696072044511662,0.732340689038671
103,0.632626564533306,0.761127608770351,0.729831201718151,0.720080058554691,0.692935612503127,0.735236552589525,0.693205648862001,0.735424827077627
104,0.729010499331333,0.748483515168038,0.664842099289345,0.726712682611122,0.689348735737732,0.739007252255273,0.689644739506073,0.739197634666267
105,0.701344175192377,0.767836223671072,0.679280307693068,0.731880733798242,0.685038167213101,0.743500376042162,0.685356349710997,0.743683054913119
106,0.674930474669493,0.713201571613275,0.676248814266177,0.798030121967191,0.68011273568981,0.748602506814187,0.680447297188198,0.748764932346192
107,0.675902996377215,0.751326422445084,0.66833849341365,0.756570332525316,0.67498089375633,0.753902083030761,0.675322687941057,0.754028611019168
108,0.626699763654638,0.787525833877596,0.728290512459365,0.725201164646161,0.670589415343141,0.758450894906016,0.670924033064182,0.75852311228211
109,0.692705739032657,0.763599820334972,0.673122028351921,0.771508791680641,0.66865903411984,0.76052797114671,0.668964638053886,0.760526638146503
110,0.707379354032906,0.731371177775072,0.670781407691737,0.761242289760997,0.671612027706004,0.75771025493318,0.671858267260678,0.757619977894056
111,0.683070270752302,0.743921976074426,0.688876149794518,0.763547410983321,0.681658645788021,0.747783038116973,0.681809328855717,0.747599692775705
112,0.711282555037995,0.749088656557881,0.670443831979867,0.693985096082935,0.698901985947909,0.730632279969545,0.698923980622187,0.730369939514127
113,0.723293185813683,0.714898970336191,0.736018672264704,0.703324133330313,0.71986875819278,0.709715199954709,0.719745058911842,0.709406195182347
114,0.707419748126588,0.707747587398445,0.741659434396303,0.692984639965847,0.738764464919144,0.690812314079785,0.738502837740377,0.690497179942063
115,0.74891135088241,0.664184782131012,0.744124698939738,0.715482345233986,0.751059503551079,0.678449194619124,0.750689202668322,0.678162610067086
116,0.765390012415365,0.647545218148683,0.756136534639393,0.695168108785018,0.75578258749994,0.673604443975188,0.755342061700119,0.673367080895581
117,0.767039887130233,0.709735030097575,0.71698420037229,0.637241156089847,0.754725791740518,0.674499787406238,0.754250885867334,0.674318988188385
118,0.72481939156533,0.655494015958684,0.800570301511749,0.707138777774993,0.750414367157536,0.678624775712664,0.749932568088783,0.678499679676826
119,0.758373087807452,0.708620398893443,0.744148569976758,0.630787567957373,0.744829314217833,0.684011439185852,0.744359266669199,0.683937857108877
120,0.739350870681543,0.67419759244651,0.713765353869535,0.715154490241214,0.739132820198232,0.689508367418521,0.738686202783058,0.689481701376956
121,0.738365764368046,0.683798641215619,0.754096234278052,0.687446714907551,0.733860044470958,0.694589311477733,0.733443776306074,0.694605797558265
122,0.732864545668386,0.680242420221339,0.715498946620277,0.733830225251376,0.729175737280398,0.699096988875965,0.728793727019016,0.699153989738887
123,0.723350384059719,0.741740433246606,0.729342432871368,0.668099177497367,0.725058728160686,0.703058819193272,0.72471305935308,0.703154705876084
124,0.696796372081117,0.698548389868079,0.737889767907446,0.712855306557998,0.721407246460581,0.70658165013982,0.721098923239731,0.706715559057428
125,0.736993377236219,0.707403670453903,0.673000542586592,0.715705862988536,0.718090755481858,0.709799870771317,0.717820159791644,0.709971457263891
126,0.720759422125035,0.701185323436388,0.715341334736385,0.701734120689633,0.714971701839569,0.712853576434361,0.714738880816533,0.713062802574106
127,0.682890425350088,0.706830509820112,0.743675912088618,0.714816839414833,0.711912143687195,0.715881865501266,0.711717008470372,0.716128822305276
128,0.712688002313673,0.726489980381765,0.698913761031904,0.741696792729366,0.708773828724604,0.719022723525316,0.708616318315608,0.719307470616735
129,0.713944667748748,0.74944689618787,0.690569040937724,0.680760553974457,0.705416951942493,0.722414281291692,0.705297197954089,0.722736675787171
130,0.70749542435584,0.712027273149584,0.727000662805387,0.732843920226752,0.701702083259006,0.726192968947981,0.701620599501329,0.726552441669649
131,0.732664657196514,0.70787683287518,0.683628478829526,0.735325290362643,0.697501435429969,0.730482409819161,0.697459344188345,0.730877625502407
132,0.680366501118922,0.73646697155436,0.71272064001112,0.727421570689757,0.69273008489819,0.735362463533588,0.692729369313225,0.735790769597825
133,0.665621254478068,0.747370882259649,0.68590519789286,0.764131851150578,0.687415139376779,0.740800462677,0.687458860056187,0.741256992443563
134,0.702709483264346,0.75293017542965,0.671926721095485,0.760244390039577,0.681828323314537,0.746519227822343,0.681920626696436,0.746995505369641
135,0.658260552025295,0.783034088537921,0.688661238291799,0.747509631056509,0.676700987380553,0.751782903324234,0.676846531541366,0.752264881999509
136,0.694658005543914,0.750807231120319,0.65462308086938,0.756586701982574,0.673479932429192,0.755142155776488,0.673682095830897,0.755607996118159
137,0.660325807770582,0.744509363533271,0.699865598623989,0.753040161649346,0.67440315355743,0.754359184591005,0.674660357073356,0.754777979776868
138,0.67714281927346,0.726616296995317,0.678576953926372,0.772545891648635,0.681908453329025,0.746998480485279,0.682208858968066,0.747332411962948
139,0.709193138478059,0.75907200703224,0.686148710978022,0.721975729414095,0.696988369695003,0.732068552353882,0.697305775149651,0.732281048832008
140,0.692223079857525,0.708692600761338,0.74041018424772,0.715816495037615,0.717326733248631,0.711879990006114,0.717622892157752,0.711948667953551
141,0.771078824065917,0.692827555451682,0.725048525059568,0.687207226987252,0.737533167365315,0.691808226048729,0.737768941661677,0.691734842185298
142,0.733183772146704,0.67162193228369,0.773505150722,0.655907653931849,0.752300576355328,0.677140524704738,0.752449741295072,0.676949596519783
143,0.774984299097323,0.672755723425412,0.739245244367854,0.67082276089476,0.759490215079458,0.669999689356119,0.759545994171678,0.669727001860509
144,0.790570312692625,0.678380339610289,0.748253601305644,0.683336493889228,0.760234989109118,0.669246141413427,0.760206692615406,0.668926451794257
145,0.750785459088474,0.676243334768733,0.751461529293599,0.679975674469552,0.757018921323746,0.6723977504946,0.7569241470655,0.672058283066268
146,0.739698170620921,0.679988787752685,0.756276724302107,0.698550972528443,0.752063075346519,0.677240404754589,0.751921134252324,0.676899968326134
147,0.705906959027472,0.697274350885669,0.795020294254753,0.663138742920913,0.746784339209283,0.682366252619144,0.746612715435901,0.682037001928967
148,0.748619030397633,0.697293970751726,0.709861772579945,0.669360390260816,0.741898204596034,0.68706936014248,0.741711362793676,0.686758971457608
149,0.763718356384434,0.641736536283638,0.712192185328734,0.72517576598469,0.737680005264883,0.691083876245257,0.73748940912378,0.690797257990423
150,0.718195345313116,0.717594818067045,0.743609713879246,0.665350705420054,0.734176857823316,0.694371908205588,0.733991429296841,0.694112328392107
151,0.724436822235913,0.673223392318803,0.762817373933897,0.688834660931324,0.731336573385245,0.696994526153786,0.731163216986675,0.696764288650663
152,0.755929767076959,0.702849011545751,0.694607356433442,0.711270765533154,0.729074943897713,0.6990443737749,0.72891899621368,0.698845199402614
153,0.704476191462543,0.720476867689874,0.735447449841877,0.709463593884844,0.727306916010178,0.700614348640857,0.72717248945237,0.700447578278587
154,0.734839526426335,0.698786732856806,0.741823596185327,0.683111849666929,0.725959081935863,0.701784934457855,0.725849312429475,0.7016516300121
155,0.731180883183519,0.693393267527624,0.722107520274708,0.703834248823469,0.724973383903125,0.702620309317686,0.724890602687768,0.702521298567383
156,0.728265513310974,0.669696302148954,0.704902751567529,0.714859161140899,0.724307140864616,0.703168141344392,0.724252989696802,0.703104033773006
157,0.699287524311268,0.733767314109609,0.736490272693563,0.668859017305723,0.723931873614788,0.703460612281473,0.72390737843824,0.703431801621396
158,0.746671021115827,0.683836383949086,0.722227537295373,0.730664491821997,0.7238320659014,0.70351554436976,0.723837679457158,0.703522206786319
159,0.72982118545067,0.710800863706672,0.731527865889839,0.703359633398731,0.724004353379975,0.703337148096311,0.724039973106228,0.703379240747687
160,0.718322531834171,0.735547134696695,0.734951420004965,0.67945168468537,0.724457329986214,0.702916207542585,0.724522293942148,0.70299346940963
161,0.700601673700043,0.713302078096494,0.716195158102759,0.702386785897819,0.725212008605761,0.702229670033999,0.725305068801381,0.702341624582025
162,0.761836687428634,0.65303206653973,0.69467785788808,0.747291468853162,0.72630285097922,0.701239726471886,0.726422120082593,0.701385683222221
163,0.717474580874088,0.708674858505491,0.74397513755912,0.677136462361895,0.727779087812052,0.699892661007865,0.727921951424703,0.700071709770148
164,0.700446397834859,0.684593331765818,0.74598702375324,0.716875973258447,0.729705644006616,0.698118153816742,0.729868626355265,0.698329140235387
165,0.755016962910339,0.718257254643827,0.713291912125556,0.649195423907464,0.732162122863702,0.695830581708027,0.732340689072885,0.696072044477228
166,0.718845612450291,0.694383341464608,0.752438284054103,0.728775666968731,0.735236552643004,0.692935612449714,0.735424827130974,0.693205648808451
167,0.741284235494208,0.729091871613182,0.72813542307209,0.692840768882038,0.739007252332006,0.689348735660897,0.739197634742978,0.689644739429213
168,0.765191326779678,0.667362999965379,0.75083660079716,0.66265199316349,0.74350037614661,0.685038167108307,0.743683055017702,0.685356349606358
169,0.733543005442884,0.647600886846453,0.73949469925955,0.702181478658674,0.748602506950909,0.680112735552436,0.748764932483246,0.680447297051203
170,0.764523725353313,0.662646918252873,0.765216754464237,0.674185520578704,0.753902083204164,0.674980893581935,0.754028611193122,0.675322687767265
171,0.762027795267597,0.665631123334849,0.748860317077065,0.662849558146569,0.75845089512001,0.67058941512784,0.758523112496855,0.670924032849626
172,0.769136639803241,0.674394993114574,0.744556870642781,0.666088537402192,0.760527971404245,0.668659033860787,0.76052663840492,0.66896463779553
173,0.72592671057305,0.716403714116655,0.793026579562668,0.645569013645549,0.757710255235638,0.671612027401995,0.757619978197424,0.671858266957011
174,0.74312159055599,0.672670999518238,0.749989248528626,0.677993235691278,0.747783038463402,0.681658645440222,0.747599693122983,0.681809328507515
175,0.745991072221991,0.672037489324794,0.701388438505671,0.755497030053223,0.73063228035572,0.698901985560732,0.730369939901086,0.698923980233446
176,0.711555178956205,0.73570359216503,0.692850413272633,0.717284149776914,0.70971520037204,0.7198687577749,0.709406195600535,0.719745058490897
177,0.652446498122099,0.744038451285184,0.722248410058328,0.72988525236741,0.69081231451408,0.738764464484699,0.690497180377574,0.738502837301177
178,0.71993398162382,0.75231168796493,0.673917466282565,0.73293874709705,0.67844919504923,0.751059503121041,0.678162610499142,0.750689202231845
179,0.682340658506616,0.753673480976185,0.658259663300219,0.742551000888637,0.673604444371517,0.755782587103641,0.673367081294968,0.755342061295895
180,0.665226951184879,0.757812815334244,0.697538909872752,0.77957422689568,0.674499787729213,0.754725791417263,0.674318988515804,0.754250885535039
181,0.684931854355471,0.742355405070368,0.659832727976762,0.747682616531972,0.678624775911152,0.750414366958221,0.678499679881247,0.749932567879861
182,0.682649393693409,0.745271538677095,0.688139404577712,0.764028590197899,0.684011439195654,0.744829314206456,0.68393785712599,0.744359266648408
183,0.671843569812568,0.708957108271245,0.688401399937895,0.758774043594484,0.689508367161082,0.739132820453182,0.689481701127869,0.738686203029799
184,0.70608941203082,0.779233292696694,0.722663676373733,0.66614476782981,0.69458931085923,0.733860045085919,0.694605796948601,0.733443776915319
185,0.672299740952845,0.728437632144372,0.699799630488987,0.736483609812259,0.699096987787001,0.729175738364673,0.699153988658511,0.728793728101582
186,0.738176727258092,0.738799308993769,0.700029414964934,0.707153363122826,0.703058817509467,0.725058729838669,0.703154704199708,0.724713061034976
187,0.717739090906261,0.672585803209507,0.685949791328954,0.762721224300639,0.706581647723617,0.721407248870077,0.706715556646426,0.721098925660236
188,0.687436707819128,0.726709655720945,0.725657646988893,0.732516581327452,0.709799867475428,0.718090758770835,0.709971453969684,0.717820163099725
189,0.71720051838047,0.738094342870091,0.706514683144459,0.736843246477674,0.712853572107297,0.714971706160908,0.713062798243554,0.71473888516517
190,0.748118661996047,0.73304533317882,0.690193674243482,0.691872653682762,0.71588185999545,0.711912149190893,0.71612881678856,0.711717014008332
191,0.705983425401866,0.702008146122589,0.745312933054407,0.699902883637189,0.719022716708315,0.708773835546849,0.7193074637783,0.708616325176157
192,0.707178910733029,0.702397736992909,0.752137291234881,0.693061543100244,0.722414273061087,0.705416960190968,0.722736667520318,0.705297206240164
193,0.747474831224595,0.679573686112497,0.699091084703554,0.723766383122633,0.726192959250343,0.701702092993796,0.72655243191545,0.701620609266658
194,0.736472975131475,0.707365291290831,0.744380105618221,0.691634118802825,0.730482398673533,0.697501446639478,0.730877614273591,0.697459355414094
195,0.734916076510585,0.714736968537394,0.741883694475909,0.679702803789011,0.735362451059739,0.692730097469598,0.735790757008215,0.692729381879748
196,0.741781185591638,0.686428300850969,0.766418427406076,0.720922683178747,0.740800449128634,0.687415153060801,0.741256978743452,0.687458873709611
197,0.744190969486492,0.702140682600539,0.732928151674175,0.675875721056475,0.746519213625356,0.68182833768456,0.746995490987034,0.681920641009942
198,0.726566544018193,0.650361093716516,0.761303151016126,0.697443874571653,0.751782889120092,0.676701001786675,0.752264867586516,0.676846545871287
199,0.785586372031215,0.680990660838655,0.732291910146065,0.649653302071041,0.755142142470757,0.673479945948228,0.75560798260092,0.673682109268132
200,0.744648844133657,0.656464450713691,0.745464411760063,0.699828623934937,0.754359173406684,0.674403164940662,0.754777968406571,0.674660368391055
201,0.730584055526314,0.729500147178971,0.752500764720075,0.630657119685058,0.746998473019434,0.681908460950266,0.74733240436523,0.682208866567197
202,0.752193277806393,0.659769607297874,0.733281620406195,0.723657854576224,0.732068550633882,0.696988371502296,0.732281047052474,0.697305777005061
203,0.726800708863324,0.715170281239684,0.70973452563837,0.713698040402539,0.711879996539022,0.717326726723365,0.711948674497834,0.717622885768963
204,0.679571572048085,0.738581925620602,0.71072292387128,0.734659946759179,0.691808243855553,0.737533149492917,0.691734860051249,0.737768924015017
205,0.666005176295576,0.746788076593863,0.684085645070064,0.742414598953082,0.677140557331318,0.752300543612888,0.676949629216004,0.75244970884589
206,0.682868436991684,0.749961368345225,0.658869433220746,0.762800278033412,0.669999740853273,0.759490163448573,0.669727053400762,0.759545942856283
207,0.660189835602977,0.736821659039664,0.664903106370801,0.7698162260468,0.66924621627853,0.760234914125917,0.668926526653871,0.76020661790259
208,0.696721747568646,0.806005280791095,0.646851263650761,0.742253487223484,0.672397853564293,0.7570188181804,0.672058386085471,0.756924044058773
209,0.632862431864461,0.74347549714214,0.705772747613194,0.769191900956544,0.677240541035019,0.752062939059199,0.67690010454511,0.751920997856689
210,0.712340270865594,0.737244802798932,0.673611429347849,0.762813304964456,0.682366427037456,0.746784164867714,0.682037176338944,0.746612540605997
211,0.657949594814918,0.761778851641952,0.717025339376942,0.723386710125358,0.68706957720169,0.741897987710566,0.686759188651214,0.741711144881982
212,0.707777049226395,0.726156403023173,0.667289609988734,0.726710825778149,0.69108413956402,0.737679742228143,0.690797521693374,0.73748914434817
213,0.709828850581849,0.749777204049232,0.712045209862167,0.691936814761385,0.694372219924698,0.734176546504197,0.694112640857864,0.73399111534626
214,0.702896273153847,0.69843038185017,0.649940381507176,0.78489984084256,0.696994886192464,0.731336213872624,0.696764649900503,0.731162853782018
215,0.668328696419187,0.721728979393807,0.719723287143261,0.742570198352855,0.69904477892241,0.729074539409261,0.698845606296233,0.72891858683788
216,0.719590137860744,0.733883947203061,0.672338329656393,0.725770779467081,0.700614791473144,0.727306473977575,0.700448023405336,0.727172041258629
217,0.684728180054731,0.751017924332582,0.735915190234779,0.698240012823238,0.701785402075191,0.725958615271107,0.701652100400978,0.725848838329056
218,0.712332806118762,0.736598831589261,0.708016876845096,0.743248865568564,0.702620781908508,0.724972912440695,0.702521774225324,0.724890122608128
219,0.715467056620415,0.725267354102807,0.690169313079562,0.702360359420986,0.70316859059333,0.72430669296026,0.703104486076561,0.72425253218671
220,0.688041389284839,0.695035015512141,0.709068862566276,0.75623217696651,0.703460999657079,0.723931487862707,0.703432191606925,0.723906982378223
221,0.668848159025702,0.750018467171175,0.717434238577716,0.693733804058025,0.703515819350693,0.723831792906624,0.703522483408544,0.723837395810814
222,0.743060129004404,0.706622062564364,0.662156780066214,0.732372396249832,0.703337246425115,0.724004257491057,0.70337933920591,0.72403986661998
223,0.707090115185622,0.70779266090249,0.724913479612435,0.742633054126817,0.702916049634885,0.724457490854398,0.702993309674756,0.724522444667393
224,0.707632088596392,0.736670425814966,0.68106471267243,0.715338301417725,0.702229159719004,0.725212522390727,0.702341110295228,0.725305573273068
225,0.679963260495649,0.740287231172078,0.718332561407583,0.731085804016807,0.701238750297871,0.726303830969003,0.7013847011772,0.726423091941222
226,0.711005231751044,0.715347501576388,0.696545906879806,0.750695711474442,0.699891088412657,0.727780664167702,0.700070130235229,0.727923521213919
227,0.662401886519292,0.732090553480029,0.737261193083422,0.724552434974473,0.69811583853509,0.729707962283454,0.698326818420305,0.729870940164262
228,0.719391089168503,0.761601077135506,0.688471214971972,0.712714041172917,0.695827364858577,0.732165340904131,0.696068823504474,0.732343905622051
229,0.725148168787489,0.74151971208169,0.642518911171263,0.728452487960629,0.692931327804295,0.735240835385164,0.693201364614816,0.735429112822849
230,0.625006502284538,0.705731215885106,0.732186711737769,0.738364294632212,0.689343217634841,0.73901276403788,0.689639228104195,0.7392031561235
231,0.734098306759944,0.73839802295898,0.625701904621857,0.744043796410074,0.685031262009562,0.743507269525802,0.685349457772105,0.743689968023486
232,0.65832231155922,0.746090422601808,0.724709927274404,0.765713428233743,0.68010431658352,0.748610908644605,0.680438895994522,0.748773367802039
233,0.686113618864966,0.761530237149644,0.67471013461534,0.753480272590697,0.674970880016548,0.75391207510019,0.675312692115101,0.754038655052446
234,0.685162728756058,0.773951659862269,0.669660056640383,0.737008839561338,0.670577796030496,0.758462490997706,0.67091242456618,0.758534782237699
235,0.708458236294384,0.752348002999198,0.671724590294484,0.727016048109097,0.668645896760094,0.760541088458757,0.668951496072122,0.760539852312514
236,0.636408122489452,0.715375839636039,0.695157826446527,0.795890791280511,0.671597592512173,0.757724680095011,0.671843804098443,0.757634519278475
237,0.665936164649926,0.757134856163449,0.70021883670246,0.743706108493634,0.681643306224807,0.747798387358964,0.681793931300068,0.747615166884118
238,0.689669582427039,0.769127820805664,0.663348879586992,0.725874301605664,0.698886356230734,0.730647953128836,0.698908255899603,0.730385726732948
239,0.740769168438594,0.703855185153676,0.722915957035345,0.732476768810245,0.719853727223209,0.709730328137599,0.719729884615337,0.709421399039339
240,0.787218120111366,0.66798951141589,0.706190427189602,0.698128180705226,0.738751254256499,0.690825701374336,0.738489415851928,0.690510573110987
241,0.667282894601741,0.704154048121531,0.803401027666079,0.652808274901979,0.751049725176515,0.678459255388605,0.750679118021193,0.67817258049512
242,0.770286233510751,0.683329226263776,0.728153925639457,0.669370032089801,0.755778296093227,0.673609138520005,0.75533734419646,0.673371581287001
243,0.782681298620894,0.64001447328476,0.738599453628541,0.693322137629743,0.754729525796973,0.674496559790351,0.754254073768991,0.67431549351489
244,0.699243171650979,0.700021720836669,0.780713276311305,0.677342755802577,0.750429173191821,0.6786104990546,0.749946767111917,0.678485158586184
245,0.783927211870565,0.708264339541739,0.714413928214156,0.657444011580451,0.744858749233492,0.683982377378014,0.744388195656691,0.683908762451295
246,0.737381803503555,0.673687478048759,0.753180147412705,0.721650789336412,0.739180931772169,0.689460170156585,0.738734209062013,0.689433980551496
247,0.716325128196648,0.680714244443365,0.751803463504047,0.719630690053496,0.733931340177825,0.694517075304016,0.733515788173939,0.694534910651068
248,0.78152101938022,0.679140436602841,0.717984063730712,0.69207402855421,0.729275177696547,0.698995458433226,0.728895070092576,0.699054899842115
249,0.720406021106666,0.751352176771462,0.753129080279842,0.637230023653634,0.725192011866814,0.702922731409277,0.724849143910307,0.70302156263456
250,0.766078594954741,0.656305706475371,0.725143359593054,0.731908265149337,0.721578074911466,0.706409925467498,0.721271122033608,0.706544362258789
251,0.712225228069798,0.72620541733178,0.751138159775089,0.671530353885667,0.71837635604561,0.709528374037206,0.718093797120068,0.709683798869584
252,0.726330418085997,0.684888114337905,0.749054269531954,0.713419249855516,0.713995923258907,0.713817121377666,0.71377518195035,0.7140384840386
253,0.726330418085997,0.684888114337905,0.749054269531954,0.713419249855516,0.713995923258907,0.713817121377666,0.71377518195035,0.7140384840386
