step,position_error_m,attitude_error_deg,velocity_error_ms,rate_error_rads,yaw_error_raw_rad,yaw_error_corrected_rad,fullstate_error,cumulative_mse_pos,cumulative_rmse_pos,cumulative_mse_full,cumulative_rmse_full,cumulative_mse_input,cumulative_rmse_input,in_track,solve_time_s
1,1.01138518873869,90.0118385420014,0.5,0.5024279411079,-1.5707963267949,-1.5707963267949,1.99834534044345,1.0229,1.01138518873869,3.99338409967205,1.99834534044345,7.0288486522962,2.65119758831668,0,0.01939
2,0.999702224943299,90.0029250386071,0.705192401952629,2.1239194717671,-1.5703161635164,-1.5703161635164,2.9112362100913,1.01115226927829,1.00556067409097,6.2343401853094,2.49686607276189,5.6208526364312,2.37083374289114,0,0.0137804
3,0.967044609666673,87.3395317158558,1.00767216734126,2.18598208850692,-1.51975792708701,-1.51975792708701,3.00878328868776,0.985826605213983,0.992888012423346,7.1738190829685,2.67839860419776,4.29228205235295,2.07178233710806,0,0.0187144
4,0.919290430932427,81.5295771204226,1.20528576671654,2.63245733687503,-1.41510820740499,-1.41510820740499,3.35446779854503,0.950643678011469,0.975009578420371,8.19347786509527,2.86242517196437,3.32946329149023,1.82468169593774,0,0.0132495
5,0.862595404388077,72.4826667355442,1.30170868774646,3.67510451706947,-1.25641448096989,-1.25641448096989,4.18870974800254,0.909329108743462,0.953587494015867,10.0638401626785,3.17235561731003,2.66697172602614,1.63308656415578,0,0.0134494
6,0.802035786764272,62.5175677185754,1.3024178495172,3.24664076934452,-1.08240540336991,-1.08240540336991,3.75110793797698,0.864984491161315,0.930045424246211,10.7316685959577,3.27592255646524,2.22614149896494,1.49202597127695,0,0.0158258
7,0.741213446375244,53.7998894298592,1.25358357332295,2.79317220111482,-0.931786836825746,-0.931786836825746,3.28700065620091,0.819900617150766,0.905483637152415,10.7420549842302,3.27750743465675,1.92125792494761,1.38609448629868,0,0.0202544
8,0.682068300404502,46.351608513768,1.18005195176825,2.39337167922313,-0.803707283867472,-0.803707283867472,2.87061485557916,0.775565185809006,0.880661788548252,10.4293518173354,3.22945069900988,1.69974405077318,1.3037423252979,0,0.0130379
9,0.625715853565807,40.0186175784618,1.09560911249426,2.04843781668158,-0.69483357449852,-0.69483357449852,2.50515844248139,0.732893535097292,0.85609201321896,9.96784815117991,3.15718991370173,1.53001904916744,1.23693938783088,0,0.0091829
10,0.572724969996995,34.6381286429081,1.0096970991553,1.74970855206321,-0.602111445812657,-0.602111445812657,2.18505425728631,0.692405570713369,0.832109109860822,9.44850954679042,3.07384279799576,1.39422806566446,1.18077435001971,0,0.008854
11,0.52330985759656,30.0645384879836,0.927026116284128,1.49390425878075,-0.522909564652503,-0.522909564652503,1.90796149887794,0.654355355835584,0.808922342277418,8.92049204991862,2.98671927872685,1.28196222460575,1.1322377067585,0,0.0086536
12,0.477492709688633,26.1701555176409,0.849595016098727,1.27704340830216,-0.45505634563469,-0.45505634563469,1.67011266764071,0.618825683499768,0.786654742247047,8.40955740597656,2.8999236896816,1.18689319783109,1.08944628037875,0,0.0085639
13,0.435189560817667,22.8443173932391,0.777995989190671,1.09405411979661,-0.396747142458337,-0.396747142458337,1.46648922294866,0.585792165833991,0.765370606852648,7.92809842405718,2.81568791311416,1.10497918780796,1.05117990268458,0,0.0086696
14,0.396259444377288,19.9931736359925,0.712109592848247,0.940300630046475,-0.346488499561074,-0.346488499561074,1.29230441432524,0.555165693078578,0.745094418901778,7.48109501514484,2.73515904750434,1.03348209922187,1.01660321621657,0,0.0084536
15,0.360532062739556,17.5379867788607,0.651536179551035,0.811363421080541,-0.303041502812794,-0.303041502812794,1.14301701088637,0.526820204757555,0.725823811098503,7.06945453994689,2.65884458740012,0.970447880863863,0.985113130997584,0,0.008483
16,0.327822355893026,15.4134295655358,0.595818271264507,0.703185718075873,-0.265376070976148,-0.265376070976148,1.01454728071631,0.500610660524161,0.707538451622356,6.69194526775077,2.5868794459253,0.914421724093177,0.9562540060534,0,0.008648
17,0.297938467838852,13.5659283055808,0.544532927843516,0.612167781208868,-0.23263511417203,-0.23263511417203,0.903378613783643,0.476384582294397,0.690206188246959,6.34630689434435,2.51918774495756,0.864284556036671,0.929669057265364,0,0.0084836
18,0.270686498644565,11.9519520215307,0.497318301755756,0.535192345300411,-0.204104782644415,-0.204104782644415,0.806561753333217,0.453989393308511,0.67378735021408,6.02987550365522,2.45558048201545,0.819154203533335,0.905071380352585,0,0.008367
19,0.245873756336831,10.5363383775288,0.453870115275768,0.469629883219107,-0.179189604971583,-0.179189604971583,0.721679389298909,0.433276999137283,0.658237798320093,5.73992527403856,2.39581411508459,0.778322122419466,0.88222566411291,0,0.0084081
20,0.223311310299002,9.2907255071334,0.41392767709721,0.413320354811517,-0.157391534102754,-0.157391534102754,0.646785603979126,0.414106546245792,0.643511108098214,5.47384559121237,2.33962509629478,0.741210721236534,0.860935956524371,0,0.008327
21,0.202816144094144,8.19214614020632,0.377259251966102,0.364533682319528,-0.138292307466799,-0.138292307466799,0.580333520841067,0.396345967296241,0.62956013795049,5.2292237533171,2.28674960442045,0.707343322944055,0.841037052063733,0,0.0086351
22,0.184212972182553,7.22182502777438,0.343650644782845,0.321914934413279,-0.121538751905586,-0.121538751905586,0.521101388602585,0.379872715106427,0.616338149968365,5.00387479440285,2.23693424007118,0.676322327751502,0.822388185561722,0,0.0086358
23,0.167335700404157,6.36419529100109,0.312897817066126,0.284421448024823,-0.106830720200557,-0.106830720200557,0.468123652928119,0.364573955172658,0.603799598519789,4.79584283614319,2.18994128600362,0.647812960303597,0.804868287549955,0,0.0085413
24,0.15202849967698,5.60612715059165,0.284803013617038,0.251259042497647,-0.0939113496155333,-0.0939113496155333,0.420630771019987,0.350346401403549,0.591900668527709,4.6033881448676,2.1455507789068,0.621530962223702,0.788372349986795,0,0.0099969
25,0.138146483466175,4.93634705710592,0.259173437954977,0.221823022963078,-0.0825593194530572,-0.0825593194530572,0.377999400941172,0.33709592338317,0.580599623995029,4.42496796095737,2.10356078137937,0.597233145162788,0.772808608364832,0,0.0088874
26,0.125556008387464,4.34501652448491,0.235821517366268,0.195647508870226,-0.072582773739279,-0.072582773739279,0.339713071058949,0.324737015223901,0.569857012963692,4.25921553825317,2.0637866988265,0.574710054313341,0.758096335773588,0,0.0088025
27,0.114134641940908,3.8234368803876,0.214565981090891,0.172364566687213,-0.0638145772620624,-0.0638145772620624,0.305332477783489,0.313192189344904,0.559635764890794,4.10491970061377,2.02606014239799,0.55378020798694,0.744164100173437,0,0.0084924
28,0.103770857176018,3.36384718868761,0.195233200830681,0.151673104276158,-0.0561085930598093,-0.0561085930598093,0.274474065631847,0.302391339396838,0.549901208761026,3.96100599747416,1.990227624538,0.534285525375899,0.730948373947093,0,0.0086765
29,0.0943635205181837,2.95928648591689,0.177658447164962,0.133316557803491,-0.049336709280738,-0.049336709280738,0.24679536436793,0.292271102659174,0.540621034236714,3.82651985797069,1.95614924225395,0.516087657980833,0.718392412251712,0,0.0087212
30,0.085821237578786,2.60349718361617,0.161686874915634,0.117067936812116,-0.0433864010791596,-0.0433864010791596,0.221985560855117,0.28277424206452,0.531765213289211,3.70061178234594,1.92369742484257,0.499065014707234,0.706445337380915,0,0.0087898
31,0.0780616148890741,2.29085299786342,0.147174162525419,0.102720625368607,-0.0381586798970637,-0.0381586798970637,0.199759883863324,0.273849060569506,0.52330589579089,3.58252443488965,1.89275577793059,0.483110324902247,0.695061382111139,0,0.0087584
32,0.0710104855618241,2.01630092718586,0.133986802259215,0.0900833562873788,-0.0335663433909192,-0.0335663433909192,0.179856543186645,0.265448855209825,0.515217289315707,3.47158143305332,1.86321803153934,0.46812862323518,0.68419925696772,0,0.0087394
33,0.0646011359474061,1.77531158965401,0.122002079411372,0.078977931030943,-0.0295324808155852,-0.0295324808155852,0.162035181286726,0.257531414347882,0.50747553078733,3.36717761386911,1.83498708820229,0.454035569259112,0.6738216153101,0,0.0132586
34,0.0587735598998714,1.56383517801727,0.111107798737631,0.0692385143943142,-0.0259892062602507,-0.0259892062602507,0.146076050637958,0.250058558965394,0.500058555536644,3.26877057265443,1.80797416260699,0.440756035603055,0.663894596756936,0,0.016615
35,0.0534737581951933,1.37826163604514,0.101201822045152,0.0607116447844665,-0.0228765920471958,-0.0228765920471958,0.131779392276556,0.242995727075398,0.492945967703762,3.17587329367084,1.78209800338557,0.428222914170696,0.654387434300733,0,0.0180439
36,0.0486530933256435,1.2153840677523,0.0921914775048731,0.0532564100798774,-0.0201417684617882,-0.0201417684617882,0.118964723424627,0.23631159919803,0.486118914668037,3.0880477189972,1.75728418845592,0.416376101046989,0.645272113954252,1,0.0141088
37,0.0442677043413818,1.07236450889878,0.0839928927953946,0.0467444966629603,-0.017738153051357,-0.017738153051357,0.107469917754466,0.229977762183155,0.479559967244093,3.00489912613841,1.73346448655241,0.405161629198595,0.636523078292213,1,0.0152877
38,0.0402779824207993,0.946701362190395,0.0765302936982046,0.041060001047076,-0.0156247761481363,-0.0156247761481363,0.0971500734970889,0.223968408332753,0.473253006681155,2.92607120536583,1.71057627873353,0.394530924335482,0.628116967081356,1,0.0120249
39,0.0366481051383196,0.836198073290332,0.0697352993699983,0.0360990030074798,-0.013765677180285,-0.013765677180285,0.0878762220256979,0.218260066673202,0.467183118994256,2.85124174446921,1.68856203453388,0.384440164073167,0.620032389535553,1,0.011262
40,0.033345625672995,0.738932923460722,0.0635462364265997,0.0317689452794551,-0.0121293553915987,-0.0121293553915987,0.0795339460322146,0.21283136327516,0.461336496795083,2.78011884207177,1.66736883804147,0.374849724215453,0.612249723736526,1,0.011975
41,0.0303411122117026,0.653230040825943,0.0579074866526793,0.0279878855706114,-0.0106882660467731,-0.0106882660467731,0.0720219756885574,0.207662807660893,0.455700348541554,2.71243758165495,1.64694795960739,0.365723698857734,0.604750939526127,1,0.0125879
42,0.0276078323448432,0.577631854778804,0.052768877554005,0.0246836738862177,-0.00941835811192249,-0.00941835811192249,0.0652508146396932,0.202736602535795,0.450262814960102,2.64795710753962,1.62725446920253,0.35702948329571,0.597519441772157,1,0.0104407
43,0.0251214771737988,0.510873250417709,0.0480851208126583,0.0217931002320013,-0.00829865200063651,-0.00829865200063651,0.0591414340990819,0.198036474305088,0.445012892290873,2.58645805176491,1.60824688769011,0.348737410558408,0.590539931383482,1,0.0119108
44,0.0228599200292445,0.451857644311708,0.0438153006755884,0.0192610431588178,-0.00731085680489363,-0.00731085680489363,0.0536240586213915,0.193547522069603,0.439940361946484,2.52774026739896,1.58988687251608,0.340820433871971,0.583798281833692,1,0.0172354
45,0.0208030050475305,0.399635135417091,0.0399224121160638,0.0170396400827513,-0.0064390263128935,-0.0064390263128935,0.0486370563948343,0.189256083024034,0.435035726146755,2.47162082952909,1.57213893455034,0.333253848577794,0.577281429268078,1,0.01232
46,0.0189323613004751,0.353382807922492,0.0363729470495544,0.0150874917247577,-0.00566925259386153,-0.00566925259386153,0.0441259383057219,0.185149612399695,0.43029014908512,2.4179322701574,1.55497018304448,0.326015048031833,0.570977274531862,1,0.0084401
47,0.0172312386705418,0.312387188756811,0.0331365258193487,0.0133689102577188,-0.00498939531744158,-0.00498939531744158,0.0400424651099999,0.181216576297278,0.425695403190213,2.36652101757984,1.5383500959079,0.319083308844095,0.564874595679515,1,0.0088546
48,0.0156843621703873,0.276028798391578,0.0301855704895408,0.0118532168305439,-0.00438884443988075,-0.00438884443988074,0.0363438579534499,0.177446355941433,0.421243820063194,2.31724601463049,1.52225031273785,0.312439601511269,0.558962969713799,1,0.0085439
49,0.0142778018959288,0.243768684305397,0.0274950161145942,0.0105140927438399,-0.00385831353404287,-0.00385831353404287,0.0329921053815799,0.173829162057464,0.416928245693986,2.26997749349553,1.50664444826758,0.306066423076689,0.553232702464965,1,0.0084164
50,0.0129988562569154,0.215136790778308,0.0250420560315971,0.00932898721265082,-0.00338966084068826,-0.00338966084068826,0.0299533587470278,0.170355958221595,0.412741999585207,2.22459588769962,1.4915079241156,0.299947648940531,0.547674765659813,1,0.0116258
51,0.0118359465372703,0.189721996133827,0.0228059172845127,0.00827858334249961,-0.00297573506341253,-0.00297573506341253,0.0271974073754305,0.167018392170788,0.408678837439361,2.18099086439116,1.47681781692637,0.294068401355314,0.54228074035071,1,0.0151061
52,0.0107785211936017,0.167163637491107,0.0207676624868661,0.00734632259524197,-0.00261024298915924,-0.00261024298915924,0.024697224787033,0.163808734177487,0.404732917091613,2.13906046224733,1.46255272118558,0.288414932490361,0.537042765978987,1,0.0088576
53,0.00981696860297956,0.147144341499398,0.0189100147146484,0.00651798665054441,-0.00228763615925986,-0.00228763615925986,0.0224285775312305,0.160719821700035,0.400898767396502,2.0987103222255,1.44869262517123,0.282974520244352,0.53195349443758,1,0.0154662
54,0.00894253722227396,0.129383985298241,0.0172172023563937,0.00578133427127075,-0.00200301401536462,-0.00200301401536462,0.0203696886625057,0.157745009612478,0.397171259801711,2.05985300004014,1.43521879866456,0.277735375236143,0.52700604857643,1,0.0097422
55,0.00814726232504171,0.113634623021088,0.0156748212021174,0.00512578968187671,-0.00175204117738614,-0.00175204117738614,0.0185009484941826,0.154878125399222,0.393545582365273,2.0224073506775,1.42211369119262,0.272686557617615,0.522193984662419,1,0.0111317
56,0.00742389864346634,0.0996762277099515,0.0142697114043938,0.0045421781157615,-0.00153087675908381,-0.00153087675908381,0.016804665943213,0.152113428771934,0.390017215994286,1.98629797650107,1.40936083970752,0.267817902534523,0.517511258364997,1,0.0133106
57,0.00676585836813976,0.0873131149591181,0.0129898472776769,0.0040225036571633,-0.00133611387746235,-0.00133611387746235,0.0152648544935577,0.149445575229259,0.386581912703192,1.95145473157619,1.39694478472708,0.263119953216882,0.51295219389031,1,0.0152482
58,0.00616715405355413,0.0763709316775752,0.0118242382062685,0.00355976426020041,-0.0011647277544915,-0.0011647277544915,0.0138670475162604,0.146869583135463,0.383235675708125,1.91781227577327,1.38485099406877,0.258583900813595,0.508511455931521,1,0.0229578
59,0.00562234604785719,0.0666941101032107,0.0107628392019555,0.00314779885381881,-0.00101403103700815,-0.00101403103700815,0.0125981383725834,0.144380803942914,0.379974741190667,1.88530967301593,1.37306579340392,0.254201530200206,0.504184024142183,1,0.0172242
60,0.0051264941169638,0.0581437029344224,0.00979646988765215,0.00278116167429086,-0.000881635168413109,-0.000881635168413108,0.0114462413731557,0.141974895226231,0.376795561579793,1.8538900287397,1.36157630294438,0.249965171086704,0.499965169873567,1,0.0109675
61,0.00467511297015775,0.0505955297469574,0.00891674088407891,0.00245501934906524,-0.000765416831627785,-0.000765416831627785,0.010400570260283,0.139647796233691,0.37369479021481,1.8235001622335,1.35037037964904,0.245867653836743,0.495850434946611,1,0.0202162
62,0.00426413142078748,0.0439385774991438,0.00811598674488037,0.00216506673287236,-0.000663488645658905,-0.000663488645658905,0.00945133141607826,0.137395705694709,0.370669267264915,1.79409031006305,1.33943656440425,0.241902269482393,0.491835612255145,1,0.0159176
63,0.0038898549347235,0.0380736088186424,0.00738720472485171,0.00190745801909799,-0.000574173438190329,-0.000574173438190329,0.00858962947230626,0.135215061651482,0.367716006792581,1.76561385723244,1.32876403369162,0.238062733481503,0.487916728019755,1,0.00965
64,0.0035489313334792,0.0329119410959471,0.00672399877993659,0.00167875006939882,-0.000495981537544044,-0.000495981537544044,0.00780738338548098,0.133102523108702,0.364832184858604,1.73802709313873,1.31834255530903,0.234343152819186,0.484090025531601,1,0.0116609
65,0.00323831943017128,0.028374366452854,0.00612052828837927,0.00147585599343055,-0.000427590616598472,-0.000427590616598472,0.0070972515160266,0.131054953317995,0.362015128576135,1.71128898972089,1.30816244775673,0.230737996102237,0.480351950242983,1,0.0204116
66,0.00295526038621261,0.0243901894298649,0.00557146105788413,0.00129600606679047,-0.00036782771192545,-0.00036782771192545,0.00645256423555736,0.129069404533843,0.359262306029791,1.68536099950671,1.29821454294223,0.227242066336414,0.476699136076849,1,0.0231909
67,0.00269725158572161,0.0208963643043275,0.00507193024135337,0.00113671519671079,-0.000315653109282277,-0.000315653109282277,0.00586726320988642,0.127143104095519,0.35657131698374,1.66020687152568,1.28849015189317,0.22385047611229,0.473128392840981,1,0.0224214
68,0.00246202283370004,0.0178367170333665,0.00461749482970617,0.0009957554323011,-0.000270145825616908,-0.000270145825616908,0.00533584645435011,0.125273441705238,0.353939884309805,1.63579248328644,1.27898103320043,0.220558624956703,0.469636694644597,1,0.0202001
69,0.0022475146933552,0.0151612402816028,0.00420410342803425,0.000871132501038761,-0.000230490466844646,-0.000230490466844646,0.00485331846284637,0.123457957786645,0.351365846073071,1.61208568721997,1.26967936394193,0.21736217863414,0.466221169225659,1,0.0183531
70,0.0020518587876293,0.0128254526039292,0.00382806105097104,0.00076106555761997,-0.000195965279392585,-0.000195965279392585,0.00441514483084933,0.121694332820042,0.348847148218303,1.58905617016689,1.26057771286299,0.214257050206387,0.462879088106588,1,0.0208683
71,0.00187335990002168,0.010789814868764,0.00348599869660488,0.000663969721794033,-0.000165931243738981,-0.000165931243738981,0.00401721092440589,0.119980377561694,0.346381837805758,1.56667532464318,1.25166901561203,0.211239382679783,0.459607857504398,1,0.0212106
72,0.00171047971999811,0.0090191999402695,0.0031748454775838,0.000578440338043881,-0.000139822104635812,-0.000139822104635812,0.00365578408860321,0.118314024064183,0.343968056749726,1.54491613075587,1.24294655185003,0.20830553308797,0.456405009928648,1,0.0109694
73,0.00156182208850657,0.00748241654073237,0.00289180310396305,0.000503238014216337,-0.000117135304907201,-0.000117135304907201,0.00332747898683281,0.116693317423416,0.341604036017457,1.52375304776081,1.23440392407057,0.205452057874253,0.453268196407219,1,0.0084243
74,0.00142611960920841,0.00615179548389356,0.00263432252345791,0.000437273513881816,-9.74238697759588e-05,-9.74238697759588e-05,0.00302922573341103,0.115116408185494,0.339288090250002,1.50316191436146,1.22603503798279,0.202675699452143,0.450195179285766,1,0.0083497
75,0.00130222150087403,0.00500286112283646,0.00240008253305311,0.000379590311636879,-8.02894100977447e-05,-8.02894100977447e-05,0.00275824037403571,0.113581545353432,0.337018612770024,1.48311985694184,1.21783408432423,0.199973373835286,0.44718382555196,1,0.0089282
76,0.00118908257602141,0.00401414001294023,0.00218697018122277,0.000329342368810592,-6.53765648928051e-05,-6.53765648928051e-05,0.00251199736067236,0.112087069939799,0.334794070944811,1.46360520501011,1.209795521983,0.197342159239283,0.444232100640288,1,0.0085834
77,0.00108575324054885,0.00316721815638,0.00199306278520495,0.000285763654493776,-5.23693375340528e-05,-5.23693375340528e-05,0.00228820364723169,0.110631409016686,0.332613001875583,1.44459741320318,1.20191406232025,0.194779285567829,0.441338062677387,1,0.0087102
78,0.000991370419438173,0.00244728083271231,0.00181661137779548,0.000248131262287303,-4.09896932209719e-05,-4.09896932209719e-05,0.00208477474548543,0.109213070219233,0.330474008386791,1.42607698926834,1.19418465459423,0.192282124704476,0.438499857131648,1,0.0088619
79,0.000905149325238934,0.00184467379425921,0.0016560254321983,0.000215715031065922,-3.09986254758421e-05,-3.09986254758421e-05,0.00189981185025594,0.107830636663234,0.328375755291455,1.4080254274964,1.18660247239604,0.189848181539163,0.435715711834176,1,0.0087904
80,0.000826375999759009,0.00135867604327833,0.00150985872577978,0.000187733151774874,-2.21991954965084e-05,-2.21991954965084e-05,0.00173158214503476,0.106482762241159,0.326316965910691,1.3904251471324,1.17916290101597,0.187475085665674,0.432983932341229,1,0.0105436
81,0.000754400575022613,0.00100503062949772,0.00137679624584855,0.000163330329777868,-1.44399013652929e-05,-1.44399013652929e-05,0.00157850328373621,0.105168167264358,0.324296418827525,1.3732594353366,1.17186152566615,0.185160583692405,0.430302897610979,1,0.0103781
82,0.000688631214688298,0.000819503800264442,0.00125564209870559,0.000141612098727094,-7.6157430481949e-06,-7.6157430481949e-06,0.00143913466824028,0.103885634422267,0.322312944856807,1.35651239430943,1.16469412049234,0.182902532114379,0.427671055969864,1,0.0084286
83,0.00062852870656139,0.000816474548720135,0.00114530846423617,0.000121741630793143,-1.66416810332137e-06,-1.66416810332137e-06,0.00131217525704887,0.10263400503222,0.32036542421463,1.34016889223105,1.15765663831339,0.180698890699397,0.425086921345972,1,0.0082032
84,0.000573601673694223,0.000933827709929505,0.0010448056750342,0.000103077171065981,3.44566323251527e-06,3.44566323251527e-06,0.00119646492579137,0.101412175555871,0.318452783872069,1.32421451769887,1.1507452010323,0.178547716345663,0.422549069748902,1,0.0081205
85,0.000523402351650515,0.00109215936728492,0.000953233454785527,8.5279950914758e-05,7.72928128922601e-06,7.72928128922601e-06,0.00109098123833678,0.100219094360508,0.316573995079362,1.30863553737583,1.14395609066774,0.176447157372167,0.420056135977285,1,0.0082781
86,0.000477522847150392,0.00124714525597111,0.000869773270508301,6.83283953454893e-05,1.12050167300204e-05,1.12050167300204e-05,0.000994824695331206,0.0990537587054794,0.314728071047817,1.29341885658862,1.13728574095898,0.174395448206724,0.417606810536806,1,0.0087712
87,0.000435591763929567,0.00138007253533794,0.000793681648482673,5.24295286323888e-05,1.39085399117889e-05,1.39085399117889e-05,0.000907193349740594,0.0979152119357634,0.312914064777797,1.27855198263933,1.13073072950165,0.172390904439765,0.415199836753057,1,0.013112
88,0.00039727107477793,0.00148411638506882,0.000724284229595501,3.78793233562824e-05,1.58998139871969e-05,1.58998139871969e-05,0.000827355876272545,0.096802540866315,0.311131067022107,1.26402299061522,1.12428777037519,0.170431918214918,0.412834008064886,1,0.0132508
89,0.000362253145135015,0.00155797076662439,0.000660970334205465,2.4945196830763e-05,1.72615676223842e-05,1.72615676223842e-05,0.000754632875188775,0.0957148733422816,0.309378204374971,1.24982049150124,1.11795370722639,0.168516953929974,0.410508165485138,1,0.0083198
90,0.000330257865808366,0.0016031128047732,0.000603187849393554,1.38357280408837e-05,1.80915030858486e-05,1.80915030858486e-05,0.000688389515309165,0.0946513759614814,0.307654637477613,1.23593360241656,1.11172550677609,0.166644544224191,0.408221195216749,1,0.0082609
91,0.000301029908468437,0.00162246504358399,0.000550438307043842,5.07397284339472e-06,1.84919807564299e-05,1.84919807564299e-05,0.000628035790032861,0.0936112519467289,0.305959559332159,1.2223519188123,1.10560025271899,0.164813286229968,0.405972026413111,1,0.0083916
92,0.000274336154828409,0.00161963643251556,0.000502272080777492,5.04313836817928e-06,1.85605635643071e-05,1.85605635643071e-05,0.000573028866104682,0.0925937391566593,0.304292193716269,1.20906548848132,1.09957513998877,0.163021838068801,0.403759629072547,1,0.0081536
93,0.00024996335834175,0.00159845192214144,0.000458283655565264,1.06502392674154e-05,1.83833848774739e-05,1.83833848774739e-05,0.000522874104698386,0.0915981082246703,0.30265179369148,1.19606478724385,1.09364746936289,0.16126891557316,0.401583012057483,1,0.0084179
94,0.000227716080306873,0.00156265000065951,0.000418107017858214,1.53414934960515e-05,1.80317964497689e-05,1.80317964497689e-05,0.00047712397833763,0.0906236608164782,0.301037640198827,1.18334069618432,1.08781464238367,0.159553289217476,0.399441221229702,1,0.0084501
95,0.000207414913072178,0.00151568796334302,0.000381411262232768,1.88802992052947e-05,1.75617418793905e-05,1.75617418793905e-05,0.000435375428183702,0.0896697279975778,0.299449040735778,1.17088448032503,1.08207415657386,0.157873781242838,0.397333337693728,1,0.0084634
96,0.000188894974421697,0.00146062483468896,0.0003478965054635,2.13859206390448e-05,1.70149364118188e-05,1.70149364118188e-05,0.00039726631604978,0.0887356687026167,0.297885328109017,1.15868776863227,1.07642360092682,0.156229262961304,0.395258476140998,1,0.0084758
97,0.000172004637477356,0.00140006172857187,0.000317290211921678,2.30171812428878e-05,1.64209883748434e-05,1.64209883748434e-05,0.000362471471044834,0.0878208682993485,0.296345859257977,1.14674253525859,1.07086065165296,0.154618652226857,0.393215783288078,1,0.0082268
98,0.000156604451437574,0.00133612659240171,0.00028934399138693,2.39346091004265e-05,1.57998382821489e-05,1.57998382821489e-05,0.00033069862190807,0.0869247372404261,0.294830014144466,1.13504108193311,1.06538306816521,0.15304091106114,0.391204436402682,1,0.0081174
99,0.000142566208455956,0.00127050218919187,0.000263830866489502,2.42837793365587e-05,1.51643831287629e-05,1.51643831287629e-05,0.000301684036561655,0.0860467097968372,0.293337194704042,1.12357602141877,1.05998868928813,0.151495043423031,0.38922364191173,1,0.0081492
100,0.000129772117796221,0.00120446708234841,0.000240543007137223,2.42018350705993e-05,1.45224978429503e-05,1.45224978429503e-05,0.000275189735685102,0.0851862428672768,0.291866823855122,1.11234026196188,1.05467542967582,0.149980093111984,0.387272634086097,1,0.0081611
101,0.000118114057055414,0.00113893862677309,0.000219289889425616,2.38100182989683e-05,1.38783547938282e-05,1.38783547938282e-05,0.000251000093702316,0.0843428148582041,0.290418344562123,1.10132699266524,1.04944127642534,0.148495141795906,0.385350673797135,1,0.0086208
102,0.00010749287897362,0.00107454513456576,0.000199896738422188,2.32041064093185e-05,1.32339817198179e-05,1.32339817198179e-05,0.000228918285160946,0.0835159246297386,0.28899121894919,1.0905296697215,1.0442842858731,0.147039307155001,0.383457047340378,1,0.0087766
103,9.78177598981775e-05,0.00101170434428498,0.000182203192652984,2.24590446177194e-05,1.25906000207898e-05,1.25906000207898e-05,0.000208764259617706,0.0827050905029286,0.287584927461313,1.0799420034483,1.03920258056276,0.145611741133716,0.38159106532218,1,0.0082762
104,8.90055821062778e-05,0.000950685133649777,0.000166062161611729,2.16312213589636e-05,1.19493372250368e-05,1.19493372250368e-05,0.000190372946617921,0.0819098493242658,0.286198968069883,1.06955794607132,1.0341943463737,0.144211628293527,0.379752061605368,1,0.0082864
105,8.09803464462755e-05,0.000891665312253055,0.000151338795128749,2.07553685726067e-05,1.13118145725899e-05,1.13118145725899e-05,0.000173592119674597,0.0811297555836329,0.284832855519922,1.05937168020525,1.02925782980031,0.142838184259821,0.377939392310224,1,0.0081429
106,7.36726144486315e-05,0.000834757261933597,0.000137909581002906,1.98644640357779e-05,1.06799976475891e-05,1.06799976475891e-05,0.000158283186088843,0.0803643805821614,0.283486120616445,1.04937760798684,1.02439133537278,0.141490654256692,0.376152434867424,1,0.0092485
107,6.7018980526566e-05,0.000780010990142835,0.000125661540366625,1.89826015258419e-05,1.00556411251063e-05,1.00556411251063e-05,0.000144319229833061,0.0796133116467351,0.282158309547557,1.03957034081713,1.01959322321067,0.140168311723874,0.374390587119753,1,0.0163262
108,6.09615752196697e-05,0.000727434697495848,0.000114491417401737,1.81228134454136e-05,9.4403271062582e-06,9.4403271062582e-06,0.000131583533963834,0.0788761513881201,0.280848983242098,1.02994468967358,1.01486190670139,0.138870457010514,0.372653266469668,1,0.0086359
109,5.54476001977685e-05,0.000677012982416576,0.000104304900105027,1.72920286491495e-05,8.83556043485001e-06,8.83556043485001e-06,0.00011996909252171,0.0781525169999212,0.279557716759744,1.02049565595541,1.01019585029607,0.137596416140829,0.370939909069959,1,0.0084496
110,5.04288953147285e-05,0.000628712848585703,9.50159000733915e-05,1.6495237516649e-05,8.24266632504234e-06,8.24266632504234e-06,0.000109378227892604,0.077442039595768,0.278284098711673,1.01121842282821,1.00559356741589,0.136345539647095,0.369249969054968,1,0.008382
111,4.58615375020563e-05,0.000582487418124597,8.65458744725445e-05,1.57344212690828e-05,7.6627138883012e-06,7.6627138883012e-06,9.97215881960199e-05,0.0767443635823222,0.277027730709982,1.00210834703646,1.0010536184623,0.135117201465698,0.36758291780998,1,0.016952
112,4.17054707813963e-05,0.000538280775489775,7.88231837932548e-05,1.50102966626313e-05,7.09652414343509e-06,7.09652414343509e-06,9.09176074261074e-05,0.076059146065867,0.275788226844198,0.993160951154585,0.996574608925285,0.13391079789234,0.365938243276567,1,0.0107715
113,3.79241662699885e-05,0.000496030623087873,7.17824956669278e-05,1.43229418953903e-05,6.54466460980885e-06,6.54466460980885e-06,8.2891891938333e-05,0.0753860562904013,0.274565213183319,0.984371916249421,0.992155187583788,0.132725746592697,0.364315449291816,1,0.0085642
114,3.44843107268012e-05,0.000455670454125417,6.53642321822442e-05,1.367215583436e-05,6.00745800127811e-06,6.00745800127811e-06,7.55766352097043e-05,0.0747247751053028,0.273358327301918,0.975737074928916,0.987794044793203,0.131561485665162,0.362714054959498,1,0.0085008
115,3.13555219680716e-05,0.00041713159160669,5.95140601368491e-05,1.30576137319778e-05,5.48500197528057e-06,5.48500197528057e-06,6.89100605353834e-05,0.0740749944607625,0.272167217828971,0.967252404753435,0.983489910854928,0.130417472752472,0.361133594051387,1,0.0084637
116,2.851008933849e-05,0.000380345461686769,5.41824228700659e-05,1.24788327508629e-05,4.97719989467349e-06,4.97719989467349e-06,6.28358828880995e-05,0.0734364169293147,0.270991544018102,0.958914021987874,0.979241554463389,0.129293184199292,0.359573614437004,1,0.0084629
117,2.59227373686775e-05,0.000345246526276309,4.93241116788371e-05,1.19349696424978e-05,4.48380501549828e-06,4.48380501549828e-06,5.73027811649594e-05,0.0728087552519017,0.269830975338084,0.950718175674162,0.975047781226214,0.128188114252995,0.35803367754025,1,0.0088053
118,2.35704107384127e-05,0.000311776375119197,4.48978743449005e-05,1.14244353689056e-05,4.00448278825571e-06,4.00448278825571e-06,5.22638622090826e-05,0.0721917319070175,0.268685191082459,0.942661242005157,0.970907432253537,0.127101774305082,0.35651335782139,1,0.0086845
119,2.14320787066618e-05,0.00027988959967451,4.0866057934276e-05,1.09442946158478e-05,3.53889874027402e-06,3.53889874027402e-06,4.76760888718419e-05,0.0715850787015748,0.267553879997235,0.934739718982197,0.966819382812631,0.12603369217084,0.355012242283052,1,0.0087849
120,1.94885572369814e-05,0.000249562209155245,3.71942828858125e-05,1.04893766706381e-05,3.08684342487098e-06,3.08684342487098e-06,4.34996268175786e-05,0.0709885363822267,0.266436739925684,0.926950221339781,0.962782541044332,0.124983411405028,0.353529929998901,1,0.0090789
121,1.7722347137601e-05,0.000220803408521176,3.38511457493896e-05,1.00510337064993e-05,2.64841050290343e-06,2.64841050290343e-06,3.96970565294255e-05,0.070401854265961,0.265333477469318,0.919289475721897,0.958795846737926,0.123950490651485,0.352066031663784,1,0.0086493
122,1.61174866387243e-05,0.000193671103448245,3.08079419539948e-05,9.61603803584111e-06,2.22422715490112e-06,2.22422715490112e-06,3.62325349908505e-05,0.0698247898888611,0.264243807664174,0.911754316095593,0.954858270161385,0.12293450302473,0.350620169164196,1,0.0092706
123,1.46594169930207e-05,0.000168291166141206,2.80384108651815e-05,9.16419220969535e-06,1.81577548241663e-06,1.81577548241663e-06,3.3070542155137e-05,0.0692571086719996,0.263167453671611,0.90434167938826,0.950968810944008,0.121935035521725,0.349191975167994,1,0.0196923
124,1.33348597456175e-05,0.000144877265374063,2.55184988562751e-05,8.66655595457953e-06,1.42583026030429e-06,1.4258302603043e-06,3.01747444729214e-05,0.0686985836034982,0.26210414648284,0.89704860133602,0.947126497008726,0.120951688462103,0.347781092732344,1,0.0208424
125,1.2131704392278e-05,0.000123740455525478,2.32261326616952e-05,8.08380892814101e-06,1.05900235403134e-06,1.05900235403134e-06,2.75071566563169e-05,0.0681489949358476,0.261053624636487,0.889872212531385,0.943330383551482,0.119984074955259,0.34638717492895,1,0.0200662
126,1.10389052023734e-05,0.000105262944209176,2.1141001482233e-05,7.36617296009246e-06,7.22389827956249e-07,7.22389827956249e-07,2.50286860298784e-05,0.0676081298976413,0.260015633948502,0.882809734659124,0.939579552065244,0.119031820392824,0.345009884485683,1,0.017022
127,1.00463860236978e-05,8.97893550258071e-05,1.92443456730686e-05,6.4580080245093e-06,4.26291493660358e-07,4.26291493660358e-07,2.27032254289945e-05,0.0670757824189271,0.258989927253797,0.875858476909961,0.935873109406377,0.118094561965113,0.343648893443748,1,0.0191438
128,9.14495186812358e-06,7.73950149308994e-05,1.75187534941989e-05,5.3167939238918e-06,1.84866194574695e-07,1.84866194574695e-07,2.05092618365813e-05,0.0665517528694326,0.257976264158997,0.869015832562388,0.93221018690121,0.117171948200238,0.342303882829625,1,0.0107262
129,8.32620607657562e-06,6.76117952735727e-05,1.59479745601808e-05,3.98646399521163e-06,1.65171820665222e-08,1.65171820665222e-08,1.84647775429144e-05,0.0660358478089666,0.256974410805758,0.862279275723462,0.928589939490765,0.116263638524662,0.340974542341011,1,0.0210563
130,7.58247194457826e-06,5.94555016687565e-05,1.45167708932853e-05,2.92947370288317e-06,-5.63474955583843e-08,-5.63474955583842e-08,1.66700073040432e-05,0.0655278797493399,0.255984139644119,0.855646358220035,0.925011544911757,0.11536930284403,0.339660570046083,1,0.0160426
131,6.90671812009997e-06,5.2298589040083e-05,1.32108451184115e-05,3.56502792221666e-06,-8.65968274865736e-09,-8.65968274865736e-09,1.53548617722447e-05,0.06502766692719,0.255005229215383,0.849114706632369,0.921474202912034,0.114488621143203,0.338361672095412,1,0.0185661
132,6.29248833154317e-06,4.81559438527118e-05,1.2016904993262e-05,6.00097401504926e-06,1.84282198389951e-07,1.84282198389951e-07,1.48566318659567e-05,0.0645350330871325,0.254037463944066,0.842682019462583,0.917977134498776,0.113621283104466,0.337077562445894,1,0.0158535
133,5.73383868964743e-06,5.39967331299256e-05,1.09229390490608e-05,9.18095798208814e-06,5.41795595943029e-07,5.41795595943029e-07,1.54066755006035e-05,0.0640498072746945,0.253080633938463,0.836346064430815,0.914519581217819,0.112766987742967,0.335807962596135,1,0.021274
134,5.22529048553776e-06,7.57176684062655e-05,9.91875385529349e-06,1.24812463347867e-05,1.07105034730104e-06,1.07105034730104e-06,1.68289414638408e-05,0.0635718236385199,0.25213453479942,0.8301046758924,0.911100804462602,0.111925443058476,0.334552601332699,1,0.0217817
135,4.76181291782571e-06,0.000111289283254651,8.99674654782505e-06,1.53542972012397e-05,1.75969806970322e-06,1.75969806970322e-06,1.85241337928321e-05,0.0631009212413655,0.251198967436902,0.823955752369813,0.907720084811289,0.111096365702618,0.333311214486728,1,0.0201989
136,4.33885612825248e-06,0.000155908724477114,8.15271925360226e-06,1.72299010178065e-05,2.57024189176391e-06,2.57024189176391e-06,1.97374387901585e-05,0.0626369438794351,0.250273737894001,0.817897254193487,0.904376721390753,0.110279480660794,0.332083544700417,1,0.0210334
137,3.95245440656583e-06,0.000204558470896707,7.38628881078655e-06,1.76126905040683e-05,3.43918932022014e-06,3.43918932022014e-06,1.98275688756454e-05,0.0621797399096262,0.249358657178022,0.81192720124604,0.901070031266183,0.109474520948029,0.330869341202882,1,0.0210943
138,3.59940362122668e-06,0.00025186389399492,6.70013545432693e-06,1.62435843584627e-05,4.28328363821784e-06,4.28328363821784e-06,1.846686461323e-05,0.061729162084288,0.248453541098307,0.806043670804699,0.897799348855132,0.108681227318041,0.329668359594973,1,0.0131749
139,3.27747902259903e-06,0.00029244405506475,6.09734088926808e-06,1.3260324749031e-05,5.01272966912936e-06,5.01272966912936e-06,1.58053029940663e-05,0.0612850673931114,0.247558210110494,0.800244795476966,0.894564025364851,0.107899347984873,0.328480361642629,1,0.0099514
140,2.98560262554986e-06,0.000321745416207654,5.57678702217015e-06,9.35947902840025e-06,5.54819254805494e-06,5.54819254805494e-06,1.26153974921121e-05,0.0608473169117957,0.246672489166903,0.794528761224696,0.891363428251741,0.107128638356452,0.32730511507835,1,0.0096555
141,2.72381580188175e-06,0.00033687623945791,5.12833867608629e-06,6.29550431105921e-06,5.8361547987662e-06,5.8361547987662e-06,1.03885559873069e-05,0.0604157756571548,0.245796207572767,0.788893805472095,0.888196940701833,0.106368860779489,0.326142393410438,1,0.0092542
142,2.4929046689132e-06,0.000337062383182146,4.73121675991211e-06,6.91261264588065e-06,5.85759948568132e-06,5.85759948568132e-06,1.05352315716106e-05,0.0599903124483453,0.244929198848045,0.783338215293495,0.885063961131338,0.105619784295151,0.324991975739635,1,0.0090786
143,2.29361060582359e-06,0.000323563316735799,4.3581682069518e-06,9.90447178674417e-06,5.62782451440924e-06,5.62782451440924e-06,1.24195096373422e-05,0.0595707997739181,0.244071300594556,0.777860325677137,0.881963902706418,0.104881184404995,0.323853646582828,1,0.0089928
144,2.1255554377913e-06,0.00029912801133047,3.98433934638908e-06,1.26776618394484e-05,5.1887437144682e-06,5.1887437144682e-06,1.44351127913693e-05,0.0591571136644084,0.243222354368196,0.772458517861382,0.878896192881379,0.104152842846643,0.322727195703497,1,0.0089728
145,1.98625752518209e-06,0.000267228274959741,3.596612822213e-06,1.44531323305592e-05,4.59733717184108e-06,4.59733717184108e-06,1.5732987527267e-05,0.0587491335701983,0.242382205556015,0.767131217739907,0.875860272954486,0.103434547378749,0.321612417948606,1,0.0091771
146,1.87073155672405e-06,0.000231331702088743,3.19960185796414e-06,1.51591219605283e-05,3.91417671152805e-06,3.91417671152805e-06,1.61194749414005e-05,0.058346742244399,0.241550703257927,0.761876894332509,0.872855597640589,0.102726091574796,0.32050911309165,1,0.0190777
147,1.77196594357182e-06,0.000194393601119602,2.8169873756691e-06,1.49805102241249e-05,3.19467066756118e-06,3.19467066756118e-06,1.57163009798061e-05,0.0579498256305129,0.240727700172857,0.756694058318322,0.869881634659752,0.102027274625318,0.319417085681586,1,0.0128332
148,1.68211826160353e-06,0.000158629298352845,2.48787512258215e-06,1.41857349971428e-05,2.48396562285702e-06,2.48396562285702e-06,1.47620895363022e-05,0.0575582727546502,0.239913052489126,0.751581260628454,0.866937864341185,0.101337901148128,0.318336144897384,1,0.0090808
149,1.59391084158607e-06,0.000125537111616024,2.25575767475064e-06,1.30336563814696e-05,1.81513687391721e-06,1.81513687391721e-06,1.35020676779486e-05,0.0571719756220857,0.239106619778888,0.746537091095259,0.864023779241786,0.100657781006203,0.31726610440796,1,0.0092262
150,1.50171621582926e-06,9.61046644489114e-05,2.14743148977914e-06,1.1725596475245e-05,1.20968007955025e-06,1.20968007955025e-06,1.2131352160256e-05,0.0567908291179535,0.238308264896443,0.741560177155605,0.861138883778688,0.0999867291328353,0.316206782237249,1,0.0089944
151,1.40210147351196e-06,7.11540506281939e-05,2.15271872836702e-06,1.03914896286307e-05,6.79274810955199e-07,6.79274810955199e-07,1.07761491439809e-05,0.0564147309118873,0.237517853880266,0.736649182605674,0.858282693875202,0.09932456536375,0.315158000634206,1,0.0087371
152,1.29387963376628e-06,5.18518475782749e-05,2.22846307226922e-06,9.09890041959728e-06,2.28018027237376e-07,2.28018027237376e-07,9.49995577389738e-06,0.0560435813664254,0.236735255858576,0.731802806404915,0.855454736619603,0.098671114275836,0.314119585947511,1,0.0086214
153,1.17784729551617e-06,4.02197894300415e-05,2.32375678336439e-06,7.87296730994764e-06,-1.45378524940565e-07,-1.45378524940565e-07,8.32247215828021e-06,0.0556772834490069,0.235960342958318,0.727019781526904,0.8526545499362,0.0980262050322078,0.313091368504799,1,0.0178294
154,1.05639324339142e-06,3.78588439164324e-05,2.39919719195777e-06,6.71742935577208e-06,-4.45679863292359e-07,-4.45679863292359e-07,7.24103423070949e-06,0.0553157426473972,0.23519299021739,0.722298873854992,0.84988168226818,0.0973896712333012,0.312073182496191,1,0.0086613
155,9.33116472206773e-07,4.23942141515058e-05,2.43137923729919e-06,5.63035246605749e-06,-6.79604794995292e-07,-6.79604794995292e-07,6.24745226501409e-06,0.0549588668883873,0.234433075499997,0.717638881120696,0.847135692271725,0.0967613507737347,0.311064865861985,1,0.0086335
156,8.12540345664667e-07,4.94194672161368e-05,2.41012342501475e-06,4.61298480462668e-06,-8.54703299885129e-07,-8.54703299885129e-07,5.33783736321161e-06,0.0546065664596198,0.233680479414991,0.713038631882925,0.844416148520932,0.0961410857046749,0.310066260184295,1,0.0083335
157,6.9995629270795e-07,5.62584577712047e-05,2.33448266055576e-06,3.6730621259524e-06,-9.78601311513172e-07,-9.78601311513172e-07,4.51611026272355e-06,0.0542587539344025,0.232935085237073,0.708496984546221,0.841722629223084,0.0955287221014626,0.309077210582506,1,0.0086685
158,6.01333569916572e-07,6.18083217919341e-05,2.20942394176806e-06,2.82602807602643e-06,-1.05855860536852e-06,-1.05855860536852e-06,3.79385177360664e-06,0.0539153440993769,0.232196778830751,0.704012826416273,0.839054721943851,0.0949241099362651,0.308097565612364,1,0.008656
159,5.22998540290404e-07,6.56928994286228e-05,2.04336730191125e-06,2.09756119926751e-06,-1.10129996618372e-06,-1.10129996618372e-06,3.18798278498895e-06,0.0535762538849171,0.231465448576925,0.699585072791077,0.836412023342011,0.0943271029555352,0.307127177168572,1,0.0084765
160,4.70427559618473e-07,6.78545321480971e-05,1.84644213053328e-06,1.52936195563224e-06,-1.11295083828067e-06,-1.11295083828067e-06,2.71516658402225e-06,0.0532414022981378,0.230740985302,0.695212666086179,0.833794138913305,0.0937375585620642,0.306165900390726,1,0.0082647
161,4.45755757027846e-07,6.83861497318661e-05,1.62930203786455e-06,1.18800481646543e-06,-1.09900194697476e-06,-1.09900194697476e-06,2.38521959989089e-06,0.052910710358399,0.23002328220943,0.690894574992511,0.831200682743049,0.0931553377014311,0.305213593572487,1,0.0081604
162,4.45654395380548e-07,6.74571833598906e-05,1.40236280126552e-06,1.11910656172591e-06,-1.06433711125065e-06,-1.06433711125065e-06,2.19175310575626e-06,0.0525841010352003,0.229312234813584,0.686629793665427,0.828631277267173,0.0925803047526575,0.304270118073822,1,0.0081438
163,4.62452739251734e-07,6.52749071549834e-05,1.17541295448961e-06,1.24478295367639e-06,-1.01327347706848e-06,-1.01327347706848e-06,2.10780947127475e-06,0.0522614991883598,0.22860774087585,0.68241734094358,0.826085553041318,0.0920123274228871,0.303335338236228,1,0.0080587
164,4.87711974930446e-07,6.20612024578046e-05,9.57600819774638e-07,1.43386416229924e-06,-9.49604274935734e-07,-9.49604274935734e-07,2.09382210625463e-06,0.0519428315103835,0.227909700342885,0.67825625959639,0.823563148517702,0.0914512766459187,0.302409121300795,1,0.0108588
165,5.14776091639955e-07,5.80373056864076e-05,7.57902171048921e-07,1.61074788321207e-06,-8.76639008773328e-07,-8.76639008773328e-07,2.1118642267827e-06,0.0516280264709282,0.227218015286923,0.674145615598863,0.821063709829428,0.0908970264844286,0.301491337329,1,0.0083032
166,5.39296095840284e-07,5.34135755440598e-05,5.86308908781445e-07,1.74699161314265e-06,-7.97237197702749e-07,-7.97237197702749e-07,2.13439796492682e-06,0.0513170142632738,0.22653258984807,0.670084497432632,0.818586890581954,0.0903494540357275,0.300581859126141,1,0.0081206
167,5.58773634118388e-07,4.83829471058016e-05,4.55729853445158e-07,1.83529640152052e-06,-7.13841597110854e-07,-7.13841597110854e-07,2.1450669892347e-06,0.0510097267527171,0.225853330178497,0.666072015412105,0.816132351651437,0.089808439340903,0.29968056216729,1,0.0080533
168,5.71971513268151e-07,4.31165956448023e-05,3.81543793470391e-07,1.87747709784521e-06,-6.28513378231332e-07,-6.28513378231332e-07,2.13633881889673e-06,0.0507060974268101,0.225180144388465,0.66210730103468,0.813699760989691,0.0892738652972073,0.298787324525669,1,0.0081918
169,5.78458878706552e-07,3.77619453840614e-05,3.69577825185642e-07,1.87912367703013e-06,-5.42954832760678e-07,-5.42954832760678e-07,2.10634324585081e-06,0.0504060613473634,0.22451294249411,0.658189506354027,0.811288793435499,0.0887456175735553,0.297902026803369,1,0.008114
170,5.78304516350024e-07,3.24433861391397e-05,4.02269487834808e-07,1.84712353839493e-06,-4.58533241931569e-07,-4.58533241931569e-07,2.05639353836273e-06,0.0501095551041456,0.223851636366915,0.654317803375499,0.808899130532045,0.0882235845290051,0.297024552064312,1,0.0081291
171,5.7187670985245e-07,2.72646103848419e-05,4.53326512504644e-07,1.78882570565266e-06,-3.76308736282915e-07,-3.76308736282915e-07,1.98969480014059e-06,0.0498165167702052,0.223196139684819,0.650491383472741,0.806530460350222,0.0877076571340987,0.296154785769365,1,0.009607
172,5.59712380817316e-07,2.23134713490513e-05,5.05451441525382e-07,1.71133792160304e-06,-2.97058643794479e-07,-2.97058643794479e-07,1.91026251174079e-06,0.0495268858587523,0.22254636788488,0.646709456824665,0.804182477317596,0.087197728894947,0.295292615713544,1,0.0200377
173,5.42430589881758e-07,1.76720903589408e-05,5.50581203059875e-07,1.62123133464838e-06,-2.21305915704129e-07,-2.21305915704129e-07,1.82233216312764e-06,0.0492406032815358,0.221902238117455,0.642971251871941,0.801854882052819,0.0866936957799474,0.294437931965206,1,0.0140746
174,5.20674936765871e-07,1.34396696032792e-05,5.85677819175281e-07,1.52440423703424e-06,-1.49347103128861e-07,-1.49347103128861e-07,1.73001462751136e-06,0.048957611308655,0.221263669201826,0.639276014792234,0.799547381205288,0.0861954561490282,0.293590626807172,1,0.0106511
175,4.95075333798567e-07,9.79228726080227e-06,6.10104078929535e-07,1.4260409311425e-06,-8.12794168636444e-08,-8.12794168636444e-08,1.63710987314612e-06,0.0486778535297498,0.22063058158322,0.635623008993437,0.797259687299839,0.0857029106853195,0.292750594679703,1,0.008474
176,4.66223136069956e-07,7.14017415662572e-06,6.24354871537486e-07,1.3306300341538e-06,-1.70263960708184e-08,-1.70263960708184e-08,1.54702596545919e-06,0.0484012748165138,0.220002897291181,0.632011514624169,0.794991518586311,0.0852159623291529,0.291917732125256,1,0.0083122
177,4.34655719073897e-07,6.26576705975797e-06,6.29445492067547e-07,1.24198026469729e-06,4.36375758861018e-08,4.36375758861018e-08,1.46273764896751e-06,0.048127821286478,0.219380539899231,0.628440828100881,0.792742598893791,0.084734516214299,0.291091937734969,1,0.0082065
178,4.0084787727254e-07,7.4129270698772e-06,6.26602217444173e-07,1.16318183142157e-06,1.01062087809467e-07,1.01062087809467e-07,1.3867373626534e-06,0.0478574402680156,0.218763434485783,0.624910261650887,0.790512657489358,0.0842584796063535,0.290273112096786,1,0.0081439
179,3.6520828515746e-07,9.66423853926014e-06,6.17090425537268e-07,1.09723076254431e-06,1.55706985416337e-07,1.55706985416337e-07,1.321568590187e-06,0.047590080266519,0.218151507596255,0.621419142870724,0.788301428941191,0.0837877618431895,0.289461157745196,1,0.0081401
180,3.28080171286825e-07,1.22956946321814e-05,6.02113792243683e-07,1.04631274433027e-06,2.08128733802937e-07,2.08128733802937e-07,1.26925225585015e-06,0.0473256909317056,0.217544687206343,0.617966814299229,0.786108652985851,0.083322274277394,0.288655979112497,1,0.0081952
181,2.89746069164645e-07,1.50397357202001e-05,5.8276436882823e-07,1.01210543366573e-06,2.58960459298407e-07,2.58960459298407e-07,1.23159531877377e-06,0.0470642230260061,0.216942902686412,0.614552633004767,0.783934074399606,0.0828619302206129,0.287857482481545,1,0.0081546
182,2.50437731268362e-07,1.78215095536047e-05,5.59995556078469e-07,9.95765141366321e-07,3.08899078538261e-07,3.08899078538261e-07,1.21021100591037e-06,0.0468056283939954,0.216346084766966,0.611175970186067,0.781777442873653,0.0824066448897304,0.287065575939942,1,0.0082679
183,2.10355768726605e-07,2.06370359732394e-05,5.34610451477821e-07,9.97928784045515e-07,3.58694093094414e-07,3.58694093094414e-07,1.20650421410499e-06,0.0465498599328263,0.215754165505156,0.607836210786151,0.779638512893092,0.0819563353548139,0.28628016933559,1,0.0081507
184,1.69713858707213e-07,2.35112861512781e-05,5.07260064118219e-07,1.01874286101298e-06,4.09136989620862e-07,4.09136989620862e-07,1.22161334974254e-06,0.0462968715636263,0.215167078252288,0.604532753118843,0.777517043619523,0.0815109204887551,0.285501174233584,1,0.0131027
185,1.28861694890218e-07,2.64823761602632e-05,4.78447920196608e-07,1.05792766894745e-06,4.6104993989271e-07,4.6104993989271e-07,1.25632871778018e-06,0.046046618203823,0.214584757622304,0.601265008507399,0.775412798777141,0.0810703209185456,0.284728503874385,1,0.0210871
186,8.87384350182089e-08,2.95944832963983e-05,4.4853887460275e-07,1.11482844200137e-06,5.15272040146897e-07,5.15272040146897e-07,1.31099130817555e-06,0.0457990557403616,0.214007139461191,0.598032400934787,0.773325546542197,0.0806344589781233,0.283962073133233,1,0.017581
187,5.32900261441407e-08,3.28938207024093e-05,4.17771024399734e-07,1.18839587685104e-06,5.72640409424174e-07,5.72640409424174e-07,1.38537154296119e-06,0.0455541410037821,0.213434160817293,0.5948343667052,0.771255059435723,0.0802032586627323,0.283201798480752,1,0.0088216
188,4.19822797507338e-08,3.64255236738243e-05,3.8627041953072e-07,1.27704501852554e-06,6.33962504270613e-07,6.33962504270613e-07,1.47850716599439e-06,0.0453118317431237,0.212865759912494,0.591670354116354,0.769201114219392,0.0797766455847391,0.282447597944714,1,0.0082726
189,7.03743205188235e-08,4.02304038248108e-05,3.54069190387701e-07,1.37835796886037e-06,6.99974583517893e-07,6.99974583517893e-07,1.58846059785456e-06,0.0450720866016257,0.212301876114239,0.588539823142207,0.76716349179442,0.0793545469308516,0.281699391072916,1,0.0081106
190,1.13058415673815e-07,4.43407782558154e-05,3.21130284060942e-07,1.48855890232262e-06,7.71277867683828e-07,7.71277867683828e-07,1.71190659372445e-06,0.0448348650931962,0.211742449908364,0.585442245125684,0.76514197710339,0.0789368914206892,0.280957098897126,1,0.0145122
191,1.60294769791538e-07,4.87743506515522e-05,2.87389041902649e-07,1.601601342604e-06,8.48236389461299e-07,8.48236389461299e-07,1.8433880415632e-06,0.0446001275796194,0.211187422872716,0.582377102481065,0.763136359034914,0.0785236092666542,0.280220643898079,1,0.0169968
192,2.10245459053813e-07,5.35266180900615e-05,2.52799144203322e-07,1.70908180003767e-06,9.30847155133918e-07,9.30847155133918e-07,1.97530508451843e-06,0.0443678352484758,0.210636737651521,0.579343888405663,0.761146430331026,0.078114632135057,0.279489949971474,1,0.0088793
193,2.62453063746509e-07,5.85610750616799e-05,2.17388465589659e-07,1.79911559055218e-06,1.01856695611247e-06,1.01856695611247e-06,2.0970481860673e-06,0.0441379500917483,0.210090337930492,0.576342106600475,0.759171987497217,0.0777098931084505,0.278764942394933,1,0.0082482
194,3.16751410582101e-07,6.37943273010446e-05,1.81394687679516e-07,1.85474871314229e-06,1.11004057223862e-06,1.11004057223862e-06,2.19386296849955e-06,0.0439104348850903,0.209548168412636,0.573371270999467,0.757212830715029,0.0773093266491286,0.278045547795912,1,0.0081838
195,3.72993647038254e-07,6.90762980392052e-05,1.45541894613237e-07,1.85421018463479e-06,1.20272912984554e-06,1.20272912984554e-06,2.24764204840473e-06,0.0436852531677316,0.209010174794749,0.570430905507188,0.755268763757106,0.0769128685637485,0.277331694120503,1,0.0106298
196,4.30933085490942e-07,7.41664212797354e-05,1.11657533153112e-07,1.77373658227601e-06,1.2924409638071e-06,1.2924409638071e-06,2.24051522046084e-06,0.0434623692229992,0.208476303744572,0.567520543744422,0.753339593904649,0.0765204559690355,0.27662331060313,1,0.0084955
197,4.90134807276339e-07,7.87066345298222e-05,8.41645252403181e-08,1.60129560400592e-06,1.37275549183524e-06,1.37275549183524e-06,2.16759945389888e-06,0.0432417480594319,0.207946502878581,0.56463972880158,0.751425131867161,0.0761320272585328,0.275920327737071,1,0.0087216
198,5.49887294521704e-07,8.2195573436186e-05,7.18281170448559e-08,1.39238878044116e-06,1.43437191535423e-06,1.43437191535423e-06,2.07468342773173e-06,0.0430233553924666,0.207420720740399,0.561788012999574,0.749525191704438,0.0757475220703584,0.275222677245823,1,0.0083588
199,6.0910581947683e-07,8.39743738674382e-05,8.02066967267525e-08,1.43158950037512e-06,1.46447196169852e-06,1.46447196169852e-06,2.13891579759692e-06,0.0428071576266772,0.206898906779802,0.55896495765789,0.747639590750711,0.0753668812559345,0.274530292055238,1,0.0086535
200,6.66228893827609e-07,8.3246717484599e-05,1.00372067708369e-07,2.14983769547226e-06,1.44627817555421e-06,1.44627817555421e-06,2.68080980158601e-06,0.042593121838546,0.206381011332307,0.556170132869637,0.745768149540886,0.0749900468496549,0.273843106266444,1,0.0082236
201,7.19117298264414e-07,7.91834731734647e-05,1.20960703217579e-07,3.57121579927211e-06,1.35910952692164e-06,1.35910952692164e-06,3.89811512376217e-06,0.0423812157597498,0.205866985599318,0.553403117283296,0.743910691738798,0.0746169620394577,0.273161055129493,1,0.0082466
202,7.64975167335007e-07,7.12437061402825e-05,1.35139595775933e-07,5.56870894314485e-06,1.17937774835042e-06,1.17937774835042e-06,5.75848115295157e-06,0.0421714077609421,0.205356781628808,0.550663497890969,0.742067044067427,0.0742475711382724,0.272484075017738,1,0.0085352
203,8.0032431830272e-07,6.01365786678087e-05,1.39175130332495e-07,8.03489979039543e-06,8.83029767306809e-07,8.83029767306809e-07,8.14377825554679e-06,0.0419636668360145,0.204850352296535,0.547950869822867,0.740237036241005,0.0738818195563106,0.271812103402903,1,0.0085704
204,8.21074453409711e-07,5.07683200338509e-05,1.3258594183646e-07,1.08015771993661e-05,4.4982692126716e-07,4.4982692126716e-07,1.08697258484478e-05,0.0417579625868216,0.204347651287754,0.545264836147844,0.738420500898942,0.073519653774172,0.271145078830821,1,0.0082663
205,8.22737747612895e-07,5.59185232687733e-05,1.21804987465015e-07,1.35903998012295e-05,-1.30587874291876e-07,-1.30587874291876e-07,1.36507583346228e-05,0.0415542652083527,0.203848633079431,0.542605007679739,0.736617273541518,0.0731610213167372,0.270482940897827,1,0.0081328
206,8.00828544252293e-07,8.22415485891803e-05,1.28050037389377e-07,1.60136927510293e-05,-8.51750763364301e-07,-8.51750763364301e-07,1.60983356624967e-05,0.0413525454743346,0.203353252922924,0.539971002789348,0.734827192467282,0.0728058707278212,0.269825630227785,1,0.0082168
207,7.51460179344542e-07,0.000121840527696531,1.78278418480115e-07,1.76313331202868e-05,-1.68456424043395e-06,-1.68456424043395e-06,1.77758955772969e-05,0.0411527747232536,0.202861466827127,0.537362447221844,0.733050098712117,0.0724541515455613,0.269173088449721,1,0.0081686
208,6.72102838536667e-07,0.000166932703858511,2.74999316770717e-07,1.80623308852414e-05,-2.57537995762558e-06,-2.57537995762558e-06,1.83102095454695e-05,0.0409549248447786,0.202373231542066,0.534778973919505,0.731285835989939,0.0721058142785155,0.268525258176052,1,0.0081313
209,5.62427705630728e-07,0.000211708318962135,4.08189547805274e-07,1.71206608543014e-05,-3.45030855652961e-06,-3.45030855652961e-06,1.75286351457558e-05,0.0407589682665754,0.201888504542917,0.53222022284959,0.729534250635013,0.0717608103824463,0.267882082981386,1,0.0081159
210,4.25249751836107e-07,0.000251173454094891,5.66360983642337e-07,1.49363608173984e-05,-4.22628474949782e-06,-4.22628474949782e-06,1.55824969775463e-05,0.0405648779414974,0.201407244014453,0.529685840837176,0.727795191545792,0.0714190922377682,0.267243507381879,1,0.0083524
211,2.68579184833681e-07,0.000281260943708017,7.32752214033523e-07,1.20289437423282e-05,-4.82648219807258e-06,-4.82648219807258e-06,1.30154576263352e-05,0.0403726273351399,0.200929408835889,0.527175481402732,0.72606851013023,0.0710806131276369,0.266609476815129,1,0.0083238
212,1.23427189568547e-07,0.000299296315727684,8.84103440181227e-07,9.36674674369345e-06,-5.19527238485029e-06,-5.19527238485029e-06,1.07619665326935e-05,0.0401821904137478,0.200454958566127,0.524688804604209,0.724354060252449,0.0707453272166579,0.265979937620599,1,0.0083
213,1.6246032600367e-07,0.000304271258385994,9.94193261019581e-07,8.25085136468444e-06,-5.30787013108824e-06,-5.30787013108824e-06,9.86372884760187e-06,0.0399935416324627,0.199983853429377,0.522225476883519,0.722651698180748,0.0704131895301951,0.265354837020536,1,0.0082023
214,3.29058877667161e-07,0.000296758330558146,1.03999043042654e-06,9.10782309176054e-06,-5.17198643235073e-06,-5.17198643235073e-06,1.05341629354816e-05,0.0398066559239003,0.199516054301152,0.519785170917292,0.720961282536928,0.07008415593426,0.264734123101386,1,0.008909
215,4.99075692968641e-07,0.00027853013270456,1.00758717891638e-06,1.0829880493607e-05,-4.82208238339332e-06,-4.82208238339332e-06,1.19240322623681e-05,0.0396215086870461,0.199051522694618,0.517367565471826,0.719282674246938,0.0697581831159614,0.26411774479569,1,0.0086416
216,6.52493579156719e-07,0.000252053488428104,8.95794057697509e-07,1.23968689592992e-05,-4.30929522915457e-06,-4.30929522915457e-06,1.32008784663688e-05,0.0394380757764599,0.198590220747296,0.514972345262116,0.717615736492808,0.0694352285644989,0.263505651864431,1,0.0084632
217,7.81061113987732e-07,0.000220017314988099,7.17170480639071e-07,1.33996438879372e-05,-3.69062722363478e-06,-3.69062722363478e-06,1.39792936249047e-05,0.0392563334917786,0.198132111208099,0.512599200814804,0.715960334665828,0.069115250552681,0.262897794879837,1,0.0082204
218,8.80409365727608e-07,0.000184989644419576,4.99738166493938e-07,1.37576882978357e-05,-3.02015968001168e-06,-3.02015968001168e-06,1.41676818940225e-05,0.0390762585675079,0.197677157424696,0.510247828334923,0.714316336320907,0.0687982081189532,0.262294125208616,1,0.0081682
219,9.48966137660455e-07,0.000149228653506107,3.07451439820485e-07,1.35304321119788e-05,-2.34352157887918e-06,-2.34352157887918e-06,1.38148919563853e-05,0.0388978281630942,0.197225323331194,0.507917929576274,0.712683611132088,0.0684840610499169,0.261694594995611,1,0.0082548
220,9.87425193058547e-07,0.000114631745720487,3.03188020837339e-07,1.28316492123029e-05,-1.69544077554401e-06,-1.69544077554401e-06,1.30276996836715e-05,0.0387210198532664,0.196776573436134,0.505609211715335,0.711062030849162,0.0681727698633264,0.261099157147867,1,0.0085378
221,9.98222101457796e-07,8.28329176395862e-05,4.84390787482518e-07,1.17888763803679e-05,-1.09963471896755e-06,-1.09963471896755e-06,1.19289042770244e-05,0.0385458116186407,0.196330872810775,0.503321387228579,0.709451469255353,0.0678642957915467,0.260507765319091,1,0.0092571
222,9.84995567187549e-07,5.55893868411488e-05,6.90232828183748e-07,1.05240595550617e-05,-5.70118972198497e-07,-5.70118972198497e-07,1.06369069648902e-05,0.0383721818365792,0.195888187077677,0.501054173773104,0.707851802126055,0.0675586007654587,0.259920373894504,1,0.0085532
223,9.52080089269323e-07,3.60545831390498e-05,8.67966392355292e-07,9.14321033476824e-06,-1.1315705952808e-07,-1.1315705952808e-07,9.25495000560504e-06,0.0382001092722936,0.195448482399566,0.49880729407047,0.706262907188584,0.0672556473987974,0.259336937976057,1,0.0090816
224,9.04069105565469e-07,3.03072050335148e-05,1.00232085450468e-06,7.73580055294327e-06,2.70735921431564e-07,2.70735921431564e-07,7.87047631749605e-06,0.0380295730701888,0.195011725468467,0.496580475793646,0.704684664082912,0.06695539897291,0.258757413368023,1,0.0105415
225,8.45470503321285e-07,3.77101735627532e-05,1.08922501922409e-06,6.3712866970938e-06,5.85020259957769e-07,5.85020259957769e-07,6.55192407488838e-06,0.0378605527454356,0.194577883495107,0.494373451456976,0.703116954323373,0.0666578194219193,0.258181756562929,1,0.0093454
226,7.80459455822602e-07,4.88319843128852e-05,1.13010208263173e-06,5.09932469478937e-06,8.35642312901896e-07,8.35642312901896e-07,5.34936812687038e-06,0.0376930281757682,0.194146924198578,0.492185958309063,0.701559661261295,0.0663628733182825,0.257609924727838,1,0.0118309
227,7.12720030709177e-07,5.91096416047074e-05,1.12961405579873e-06,3.95233353895644e-06,1.02988788130975e-06,1.02988788130975e-06,4.29758724311714e-06,0.0375269795934984,0.193718815796242,0.490017738228488,0.700012670048541,0.0660705258587306,0.257041875690967,1,0.0197124
228,6.45360450954522e-07,6.74228734793549e-05,1.0942647126082e-06,2.94850215894186e-06,1.17556262080321e-06,1.17556262080321e-06,3.41940251858257e-06,0.0373623875777392,0.193293526993894,0.487868537622274,0.698475867601934,0.0657807428505783,0.256477567928617,1,0.0139466
229,5.80884168357111e-07,7.36588540931709e-05,1.03138761918836e-06,2.09506973415146e-06,1.28043904357167e-06,1.28043904357167e-06,2.72823101320152e-06,0.0371992330468335,0.192871026976147,0.485738107327013,0.696949142568533,0.0654934906983924,0.255916960552427,1,0.0110774
230,5.21198636095057e-07,7.80141666762866e-05,9.48407475076588e-07,1.39162260883277e-06,1.35190595407231e-06,1.35190595407231e-06,2.22748824700274e-06,0.0370374972509789,0.192451285397056,0.483626202512569,0.695432385291747,0.065208736391008,0.25536001329693,1,0.0088071
231,4.67645480869428e-07,8.07861639559555e-05,8.52331594781711e-07,8.34045179479476e-07,1.39676180721526e-06,1.39676180721526e-06,1.90495386793455e-06,0.0368771617650449,0.192034272370962,0.481532582588288,0.693925487778254,0.0649264474888825,0.254806686507404,1,0.0087436
232,4.21039852684957e-07,8.22954565056633e-05,7.49439130123333e-07,4.2404030239422e-07,1.42110818812657e-06,1.42110818812657e-06,1.72678257577176e-06,0.0367182084815756,0.191619958463558,0.479457011111627,0.692428343665702,0.0646465921117752,0.254256941128016,1,0.0086829
233,3.81713480941546e-07,8.28515628247974e-05,6.4513884498938e-07,2.18699325527777e-07,1.43030825494606e-06,1.43030825494606e-06,1.64339553223652e-06,0.0365606196039729,0.191208314683156,0.477399255699142,0.690940848191176,0.0643691389267462,0.253710738690238,1,0.0085948
234,3.49564707315608e-07,8.27375757837934e-05,5.43967591534021e-07,2.83351994375808e-07,1.42901075350643e-06,1.42901075350643e-06,1.60737210652881e-06,0.0364043776398539,0.190799312472173,0.475359087939755,0.689462898160413,0.0640940571364609,0.253168041301545,1,0.0088314
235,3.24125827043866e-07,8.22031844719507e-05,4.49720866645225e-07,3.88216929267504e-07,1.42119439505706e-06,1.42119439505706e-06,1.58632576702423e-06,0.0362494653945784,0.190392923698803,0.473336283310235,0.687994391917721,0.0638213164677952,0.252628811634372,1,0.0088131
236,3.04657197660226e-07,8.14634859323628e-05,3.65713956188887e-07,4.45166561525444e-07,1.41024282451774e-06,1.41024282451774e-06,1.56405511930407e-06,0.0360958659649407,0.189989120648896,0.471330621092829,0.686535229316624,0.0635508871607282,0.252093012915329,1,0.0093251
237,2.9026582302165e-07,8.07001359058146e-05,2.95165327631538e-07,4.5330171720101e-07,1.39901708373635e-06,1.39901708373635e-06,1.53645170685693e-06,0.0359435627330215,0.189587876018013,0.469341884294979,0.685085311691164,0.0632827399575184,0.251560608914668,1,0.0091464
238,2.80030078747224e-07,8.00639802794902e-05,2.41540878310387e-07,4.2469567253764e-07,1.38992191134335e-06,1.38992191134335e-06,1.50658431890628e-06,0.035792539360194,0.189189162903677,0.46736985957106,0.683644541827886,0.0630168460921507,0.251031563935993,1,0.0189327
239,2.73105006897987e-07,7.96799506762826e-05,2.08155864460301e-07,3.80080785598893e-07,1.38499256618907e-06,1.38499256618907e-06,1.48201230949259e-06,0.0356427797812814,0.188792954797793,0.465414337146086,0.682212823938458,0.0627531772800496,0.25050584280621,1,0.0174232
240,2.68789937114929e-07,7.96507280887051e-05,1.96019468577622e-07,3.53857099441179e-07,1.38595024612442e-06,1.38595024612442e-06,1.47256648984397e-06,0.0354942681988597,0.188399225579246,0.46347511074132,0.680790063632923,0.0624917057080494,0.2499834108657,1,0.0214195
241,2.66555493265289e-07,8.00603064930126e-05,2.01542669313808e-07,3.88359251116974e-07,1.39424739220573e-06,1.39424739220573e-06,1.48828291876567e-06,0.0353469890777029,0.188007949506671,0.461551977501738,0.67937616789356,0.0622324040246135,0.249464233958725,1,0.0094424
242,2.66039381271109e-07,8.097671633008e-05,2.18255239846881e-07,4.97028368905284e-07,1.41109594453681e-06,1.41109594453681e-06,1.5371712835307e-06,0.0352009271393656,0.187619101211379,0.459644737925295,0.67797104504934,0.0619752453302969,0.248948278424047,1,0.0086808
243,2.67024431318088e-07,8.24533082698636e-05,2.40593202606679e-07,6.59185702909581e-07,1.43747192171695e-06,1.43747192171695e-06,1.62316637799009e-06,0.0350560673568993,0.187232655690452,0.457753195793926,0.676574604750966,0.0617202031684439,0.248435511085762,1,0.0085814
244,2.69410190979152e-07,8.45281155301456e-05,2.65309495251179e-07,8.51856888119145e-07,1.47409021322709e-06,1.47409021322709e-06,1.74502816788122e-06,0.0349123949496992,0.18684858829999,0.455877158106258,0.675186757946465,0.0614672515161142,0.247925899244339,1,0.0084802
245,2.73184973416338e-07,8.72207528347703e-05,2.9096920941118e-07,1.0581672698548e-06,1.52134122766157e-06,1.52134122766157e-06,1.89641130404196e-06,0.0347698953784763,0.186466874748509,0.454016435011961,0.67380741685734,0.0612163647752321,0.247419410667862,1,0.0082479
246,2.78401284451039e-07,9.05262107040989e-05,3.17177260159783e-07,1.26323730287919e-06,1.57917825927001e-06,1.57917825927001e-06,2.06644993927246e-06,0.0346285543403527,0.186087491090489,0.452170839747703,0.67243649495525,0.0609675177639507,0.246916013583467,1,0.0085673
247,2.85154848805727e-07,9.44047707387738e-05,3.44037688406089e-07,1.45026733043561e-06,1.64694131488119e-06,1.64694131488119e-06,2.24004027176282e-06,0.0344883577640763,0.185710413720061,0.450340188574655,0.67107390693921,0.0607206857082262,0.24641567666897,1,0.0084456
248,2.93565832711521e-07,9.87671420108227e-05,3.71812339875506e-07,1.59761439664914e-06,1.72310043189405e-06,1.72310043189405e-06,2.39756632199898e-06,0.0343492918053505,0.185335619364844,0.448524300717523,0.669719568713296,0.0604758442335962,0.245918369044682,1,0.0082409
249,3.03759902575917e-07,0.000103453918221323,4.0068092736778e-07,1.6763110946101e-06,1.80490114987109e-06,1.80490114987109e-06,2.51457094713295e-06,0.0342113428422772,0.184963085079908,0.446722998305028,0.668373397364847,0.0602329693571561,0.245424060265403,1,0.008207
250,3.15846058677535e-07,0.000108208589738944,4.30534102753729e-07,1.64802561716477e-06,1.88789598576378e-06,1.88789598576378e-06,2.56279189052665e-06,0.0340744974709085,0.184592788241872,0.444936106311834,0.667035311143146,0.0599920374797274,0.244932720312594,1,0.0083504
251,3.29887457218936e-07,0.000112644237671211,4.60765296517501e-07,1.46522761096113e-06,1.96536014396287e-06,1.96536014396287e-06,2.51659070878591e-06,0.0339387425009053,0.184224706543138,0.443163452501852,0.665705229438565,0.0597530253782146,0.24444431958672,1,0.0083663
252,3.45860783861947e-07,0.000116206013567529,4.90030718982394e-07,1.08339874778436e-06,2.027619142142e-06,2.027619142142e-06,2.37634315655776e-06,0.033804064951299,0.183858817986245,0.441404867372899,0.664383072762167,0.0595159101981423,0.24395882889976,1,0.0081973
