state_1_error,state_2_error,state_3_error,state_4_error,state_5_error,state_6_error,state_7_error,state_8_error,state_9_error,state_10_error,state_11_error,state_12_error
0.25,0,0.98,0.5,3.06062330678537e-17,0,1.45982112306141,8.9349583247611e-17,90,3.11888882591116e-18,0.0509518570775537,0.499837717930802
0.249533563301839,0.0248529638420901,0.967739566996582,0.505747327380718,0.00541247944513137,0.491412931947496,0.411170122422126,2.30406966965429,89.972488670665,1.32354157428299,1.56874184057493,0.546187386640838
0.246741697025201,0.0479935285849487,0.933804279947601,0.502390493284146,0.0202954229083598,0.873266903587281,4.043303570657,5.44658937049588,87.0757151036366,1.43372080198818,0.44363113021724,1.58938786126031
0.240275898940092,0.067023377706748,0.884799556754656,0.45674876481065,0.000213820554945523,1.11538975231718,5.25986242585955,6.74414755990306,81.0797278386294,0.0375719457476281,0.113720813560336,2.62973146080034
0.230490623001811,0.081292284318481,0.82724631693949,0.37990777519715,0.0354418834571226,1.24453182482264,4.14239631911174,7.37657019639802,71.9872470786944,0.126470286454221,0.205872449145407,3.66715353001637
0.218116021016717,0.091413553468727,0.766374821395275,0.281006542186712,0.038572050200381,1.27115686480175,3.15407877515599,7.23583837588598,62.0172613352511,0.162250738687258,0.57725698071387,3.19078757694437
0.203954881602427,0.0979738491401872,0.705833481950709,0.176322167486901,0.0219688933029592,1.24092692624703,2.40601867173868,6.19830802207014,53.3874531559604,0.0906453964214329,0.648123579757408,2.71542449398813
0.188745114385634,0.101532334272077,0.647521145067482,0.0865876276552704,0.00670054536862051,1.17685185741488,1.91180842874419,4.92980177747458,46.0490353295289,0.108812505986676,0.606749159549996,2.31262692426462
0.17306178007795,0.102629905012291,0.592483799168387,0.0174217001108446,0.0419824373950433,1.09466583334645,1.72394512516394,3.68775735375452,39.811031282754,0.114732478478477,0.553465041877137,1.96891096665474
0.157353533642377,0.101746562494551,0.541203652730521,0.0314608711039536,0.0771321881301711,1.00625497324797,1.73697435208985,2.57685725144357,34.4984446415852,0.105592427882113,0.474900447229924,1.68071408084717
0.141970459360603,0.0993109122413093,0.493796454459194,0.0623780491695176,0.10806047453746,0.918590949823357,1.86313070014667,1.66523026077505,29.9605111216117,0.0926896505998603,0.392969852873198,1.43830916628094
0.127178140936151,0.0957025923772288,0.450184431190258,0.0789684640290677,0.132731277207309,0.835438855404513,2.03987434742309,0.961578434662472,26.0728080455142,0.0738091674813007,0.317794351031721,1.23466547045588
0.113171222645442,0.0912516256041256,0.410189430671018,0.0848825138659357,0.150436621940672,0.758578631926612,2.21814395437462,0.449136983349817,22.7319367967383,0.0515511586825499,0.251618384704538,1.06347782466824
0.100083635531728,0.0862388581175442,0.373587570065615,0.0832987281103382,0.161409402220114,0.688555298430446,2.36679975348927,0.101474916619336,19.85232867467,0.028474992128011,0.196144427598024,0.919174528156297
0.0879977790084866,0.0808970999516244,0.340140292191662,0.0768088750883688,0.166406681228765,0.62522684396469,2.46874258686937,0.112033744233997,17.3629991284749,0.00624576309942564,0.151376785995923,0.797092629606102
0.0769533413426495,0.0754139001340177,0.309610116026644,0.0674120495007671,0.166422999971189,0.568118309012587,2.51692924670195,0.221397344284921,15.2049288506975,0.013808052603354,0.116435521704981,0.693341374125671
0.0669555113326437,0.0699356783164187,0.281768151178889,0.0565850634582037,0.162510519812881,0.516628078069136,2.51147672180937,0.253736727671857,13.3290102086014,0.0308150840559819,0.0900900044661907,0.604717797026094
0.0579824828210452,0.0645726945395168,0.256397307618991,0.0453744522021414,0.155668995321309,0.470142336153892,2.45713491500968,0.232369808374518,11.69434262396,0.0443175225259357,0.0709488924638305,0.528614281232993
0.0499921402152023,0.0594043833880181,0.233293397262281,0.0344866003438078,0.14678644968564,0.428091688924055,2.36133683343694,0.176539667473733,10.2668080974882,0.0541842054882845,0.0576124635524584,0.462922351082136
0.0429278640484799,0.0544846505830386,0.212265311924809,0.0243681563316538,0.136613270596678,0.38997324154481,2.23277340232141,0.10155092315881,9.01787063517718,0.060537104165817,0.0487656786561532,0.405944433766421
0.0367234558471168,0.0498468489719977,0.19313484342144,0.0152738242507156,0.125757341594468,0.355353830036871,2.08038497952168,0.0191202465303319,7.9235655569731,0.0636815770204669,0.0432293701191696,0.356315427469427
0.0313072193285698,0.0455082599310985,0.175736380457452,0.0073214493389957,0.114691917705538,0.323864054893821,1.91268516652228,0.062176923761321,6.96365753147767,0.0640447392868624,0.0399873350827674,0.312935311847293
0.0266052585688431,0.0414739915337654,0.159916555967455,0.000535431902847328,0.103770622158818,0.29518877894357,1.73733901906669,0.136430941903007,6.1209493898349,0.0621238952555224,0.0381973331853899,0.274912977999116
0.0225440670396148,0.0377402676025924,0.145533851583168,0.00512017540524645,0.0932457679979573,0.269057181877082,1.56092836974487,0.199934213373986,5.38072398134758,0.0584443329974851,0.0371912858212524,0.241520547027112
0.0190524876510697,0.0342971250121786,0.132458147443919,0.00971746579160992,0.0832874235838254,0.245233861594927,1.38884941192225,0.250751175808456,4.73030056413249,0.053525160163698,0.0364680690344922,0.212156995375651
0.0160631258667657,0.0311305644239803,0.120570208543511,0.0133479332262301,0.0740014513030262,0.223511534236073,1.22529978196127,0.288331060152925,4.15868660061367,0.0478518227341159,0.0356807143436155,0.186319718258904
0.0135132971894436,0.0282242157415933,0.109761108484841,0.016111698257672,0.0654453391943662,0.203705377932161,1.07332418944402,0.313163812442455,3.65630594852768,0.0418544239800211,0.0346188520255244,0.16358265839326
0.0113455877050255,0.0255605869671425,0.0999316007705685,0.0181111568983512,0.0576411547470774,0.185648824348068,0.93489875756717,0.326474987555045,3.2147855767441,0.0358917474719081,0.0331869165051856,0.143579739507554
0.00950810230954002,0.0231219661900949,0.0909914538545302,0.0194475100461995,0.0505854510250263,0.169190514942958,0.8110434412253,0.329955118118976,2.82678521685021,0.0302415548578779,0.0313789855243059,0.125992508554338
0.00795446986371506,0.0208910430699965,0.082858768686176,0.0202188010755642,0.0442564289169286,0.154192133724686,0.70195757701599,0.325522332849359,2.48585767009768,0.0250978497296044,0.029251910639141,0.110541057948418
0.0066436678727364,0.0188513099729212,0.0754592970321863,0.0205184610029602,0.0386190095134697,0.14052686212012,0.607174745200524,0.31512170663802,2.18633130989245,0.0205752022252997,0.0268991317004398,0.09697744399224
0.00553972149770687,0.0169872951970781,0.068725776440439,0.0204338584958186,0.0336285937231943,0.128078250654915,0.52573031905102,0.300567941358833,1.92320980998652,0.0167191502639414,0.0244277515287135,0.0850809382276783
0.00461132307113821,0.0152846725036572,0.0625972942840566,0.0200448144221892,0.0292341594220402,0.116739353768836,0.456330831570792,0.283437219885588,1.69208650928411,0.0135206585103048,0.0219408727257386,0.0746545610623293
0.00383140930066894,0.0137302831818293,0.0570186896536679,0.0194223172068624,0.0253810609289317,0.106412021316954,0.397511722885992,0.265009385656577,1.48907183160734,0.0109321124923201,0.0195260786901833,0.0655224621253787
0.00317672459678386,0.0123120995570845,0.0519399984679498,0.0186277177213823,0.0220136029389418,0.0970062791957191,0.347771062734373,0.246255139030557,1.31073217394686,0.00888251859241478,0.0172497400656745,0.0575278292964136
0.00262739101171605,0.0110191523978617,0.0473159443217404,0.017712557176118,0.0190772801504044,0.0884397604297821,0.305671220308421,0.227857591790956,1.15403832479017,0.00729028574988088,0.0151559631393261,0.0505311164491795
0.00216649852988593,0.00984143913182356,0.043105475378316,0.0167190064032368,0.0165205361325002,0.0806371673046737,0.269906300917801,0.210255157451153,1.01632130619986,0.00607283329359975,0.0132686402100414,0.0444084659838428
0.00177972408751981,0.00876982512131858,0.0392713460095782,0.0156807640938479,0.0142959573790023,0.073529756517918,0.239338361097376,0.193693542271096,0.895233729124884,0.00515300584498183,0.0115951431951839,0.0390502608317876
0.00145498369534969,0.00779594641375791,0.035779740806627,0.0146242106246007,0.0123609132404088,0.067054845206694,0.213008664411835,0.178277459989329,0.788715204569877,0.00446274217587977,0.0101305318679725,0.0343597769852724
0.0011821192229573,0.00691211931565716,0.0325999379176147,0.0135696306115917,0.0106777287226029,0.0611553382655738,0.19013135355398,0.164016218547091,0.694960872152853,0.00394464327723418,0.00886154408000257,0.0302519207671604
0.000952619536816246,0.00611125977019245,0.0297040083201313,0.0125323692363087,0.00921351493320885,0.0557792781804371,0.170076419032011,0.150860469495571,0.612392534793075,0.00355209178582678,0.00776998111073551,0.0266520501312284
0.000759374521179468,0.00538681376749467,0.0270665475181429,0.0115238457398759,0.00793978443688107,0.0508794186363108,0.152347487921579,0.138729679390026,0.539632169755961,0.0032484780736776,0.00683535093912598,0.0234948744253927
0.000596459839284635,0.00473269879424543,0.0246644362022885,0.0105523954119758,0.00683195911846261,0.0464128228967051,0.136558362560006,0.127531230905327,0.475477735284269,0.00300595544965606,0.00603678601868783,0.0207234327301563
0.000458949947528764,0.00414325553875378,0.0224766265758388,0.00962394333042449,0.00586884974329388,0.0423404876064936,0.122410791593803,0.117172675917342,0.418881239544903,0.00280401819272281,0.00535433110919296,0.0182881492752506
0.000342756740234262,0.00361320861537323,0.0204839512869562,0.00874253030767425,0.00503215838697534,0.0386269923104638,0.109674820596495,0.107568790113402,0.368929031902481,0.00262808977765563,0.00476972574750978,0.0161459652719752
0.000244491199051844,0.00313763487133945,0.0186689521901865,0.00791071795504006,0.00430603191466849,0.0352401746257784,0.0981722703393327,0.0986449343765139,0.32482424662186,0.00246822903467837,0.00426680581846202,0.0142595448764868
0.000161345498815413,0.00271193781509144,0.0170157264622544,0.00712989964742572,0.00367667806820415,0.0321508306700898,0.0877633805136175,0.0903379654423321,0.285871294011738,0.00231800671862328,0.0038316340842971,0.0125965545517578
9.09931495006733e-05,0.00233182679660549,0.0155097879008468,0.00640054072124097,0.00313204497250386,0.0293324400373543,0.0783363652778301,0.0825956507944321,0.251462263344624,0.00217356898313616,0.00345244951312718,0.0111290134094063
3.15049122643907e-05,0.0019932997294308,0.014137941526564,0.00572236661821435,0.00266155873601939,0.0267609143439318,0.069799487172171,0.0753752795198992,0.221065081538862,0.00203288254385636,0.00311950491600532,0.00983271192845436
1.87215963095011e-05,0.00169262833545669,0.0128881698781398,0.00509451312308207,0.00225591095842675,0.0244143681482041,0.0620752130729181,0.0686419423486383,0.194213260152204,0.00189514441848763,0.00282484421979367,0.00868669587246934
6.10205123532381e-05,0.0014263450919148,0.0117495296335199,0.00451564891508771,0.00190688720769278,0.0222729108838705,0.0550960300951197,0.0623667843322124,0.170497060082632,0.00176033372180079,0.00256205558854042,0.00767281164292671
9.65062578676124e-05,0.00119123124915066,0.0107120574015527,0.00398407754963892,0.00160722800692127,0.0203184583416315,0.0488015435079976,0.0565254084193871,0.149555906782437,0.0016288816408141,0.00232602466372067,0.00677530881490612
0.000126113525797611,0.000984305457300605,0.00976668371030953,0.00349782368365481,0.00135051496676898,0.0185345621828738,0.0431365353798628,0.0510965201448638,0.131071896987108,0.00150143674574747,0.00211270312466277,0.00598049522884472
0.000150630064468138,0.000802812685081811,0.00890515436969541,0.00305470673737318,0.0011310760165219,0.0169062559656035,0.0380497213267277,0.0460608447761706,0.114764249385945,0.00137870509200141,0.0019189011262433,0.00527643977442757
0.000170723438655568,0.000644213232809165,0.00811995851043656,0.00265240409997625,0.000943904991288925,0.0154199161987411,0.0334929975704108,0.0414003112691734,0.100384564997358,0.00126134741928114,0.00174210747985899,0.00465271792389416
0.000186962786013573,0.000506171735212779,0.00740426270195615,0.00228850529625801,0.000784591999208266,0.0140631370066733,0.0294210186820251,0.0370974761575559,0.087712777250168,0.00114991871446365,0.00158033827137959,0.00410019510919199
0.000199836442181578,0.000386546119802988,0.00675185063159489,0.0019605581180242,0.000649261967560662,0.0128246170726731,0.0257909868996553,0.0331351502019452,0.0765536861274524,0.00104483821389799,0.00143201258417317,0.00361084321695643
0.000209766176573228,0.000283376536382024,0.00615706789064918,0.00166610749375817,0.000534519540293255,0.0116940576293632,0.0225625668384018,0.0294961875585118,0.0667339846141125,0.00094638044328655,0.00129585281094281,0.00317758574032811
0.000217118663852447,0.000194874306123638,0.00561477146217682,0.00140272775411254,0.00043739908577568,0.0106620703699964,0.0196978654031867,0.0261633986734455,0.0580996987158409,0.000854680068101934,0.00117080645166338,0.00279416747136525
0.000222214713262503,0.000119410957721992,0.00512028354445826,0.00116804890002875,0.000355318998655225,0.00972009426065465,0.0171614366798331,0.0231195521252805,0.0505139742203767,0.000769745144307468,0.00105598611865174,0.0024550450074437
0.000225336688678413,5.55074265290167e-05,0.00466934937502783,0.000959777461947864,0.000286039773323997,0.00886032033650127,0.0149202865013296,0.0203474358809049,0.0438551540205476,0.00069147483658618,0.000950624560256581,0.0021552947594447
0.000226734475621569,1.82349310644432e-06,0.00425809874547134,0.000775712531819406,0.000227625518130031,0.00807562366226586,0.0129438622132052,0.0178299540152347,0.0380150991511062,0.000619678843078505,0.000854041767721685,0.00189053557179395
0.000226630286427391,4.28524674283247e-05,0.00388301091841137,0.000613757542323956,0.000178408695442812,0.00735950172657784,0.0112040207552887,0.0155502403132779,0.0328977147168215,0.00055409667157065,0.000765621568585673,0.00165686347865236
0.000225222540111406,7.96133625257447e-05,0.00354088267663355,0.00047192835376253,0.000136957933111435,0.00670601862106433,0.00967497333795436,0.0134917750236134,0.0284176488176831,0.000494415557027759,0.000684795471787063,0.0014507964069074
0.000222689008015323,0.000109442833719137,0.00322879925106556,0.00034835818590806,0.000102048786290131,0.00610975442619247,0.00833320798041749,0.0116384951251617,0.024499137690489,0.000440286561770867,0.000611031961253221,0.00126922756005213
0.000219189378787905,0.000133224241980298,0.00294410788998856,0.000241299900928693,7.26373272744787e-05,0.00556575929195807,0.00715739333800565,0.00997489195395726,0.0210749754812822,0.000391338142305003,0.000543829630941677,0.00110938519732545
0.000214867365565724,0.000151749157773717,0.00268439384685026,0.000149126103727415,4.7836428210421e-05,0.00506951175701151,0.00612826816060745,0.0084860927643858,0.0180855909520562,0.000347187518360152,0.000482713054571815,0.000968798416841249
0.000209852453297424,0.000165725337318456,0.00244745857862316,7.03274814716215e-05,2.68945995143856e-05,0.00461688089820714,0.00522852056308662,0.00715792478331777,0.0154782156609259,0.000307449829657101,0.000427230433113698,0.000845267792017684
0.000204261363953073,0.000175784176154242,0.00223129996088767,3.50975672858134e-06,9.1772282556947e-06,0.00420409194638968,0.00444266119412054,0.0059769618738575,0.0132061309681983,0.000271745335025629,0.000376952315655411,0.00073684004979363
0.000198199301012947,0.000182487639383888,0.00203409433973001,5.26104200059274e-05,5.84995397447802e-06,0.00382769504162842,0.0037568936884362,0.00493055495596955,0.0112279834402971,0.000239705031035198,0.000331470896246522,0.000641786043813153
0.000191761021309439,0.000186334674896038,0.00185418025408723,9.92103602048822e-05,1.86353508870064e-05,0.00348453683304629,0.00315898468169458,0.0040068479209537,0.00950715995560021,0.000210975203742737,0.000290399566437831,0.000558581548815995
0.000185031771225003,0.000187767121662352,0.00169004367522996,0.000137366775409764,2.9554118434142e-05,0.00317173465624592,0.00263813425398151,0.00319478101891889,0.00801121647826859,0.000185221475153454,0.000253372543773042,0.00048588947702155
0.000178088114713287,0.000187175130224315,0.00154030462252452,0.000168061567458744,3.89191278963794e-05,0.00288665304515756,0.00218484590133066,0.00248408360894827,0.00671135860316066,0.000162133057151403,0.000220044572749281,0.000422542017715077
0.000170998671959799,0.000184902117336183,0.00140370502633613,0.000192187804838873,4.69904908100491e-05,0.00262688235348337,0.00179079290580234,0.00186525765124402,0.00558197656199458,0.000141428045147045,0.000190090908461234,0.000367520993289933
0.000163824779221389,0.000181249282296292,0.0012790977197692,0.000210555736799956,5.39838728753766e-05,0.00239021927626664,0.001448675865696,0.00132955243576012,0.00460024433819583,0.000122860298838821,0.000163207971387379,0.000319933289504915
0.000156621072294916,0.000176479719765754,0.00116543645078671,0.000223898699271752,6.00778317284209e-05,0.00217464907517438,0.00115206508492098,0.000868929858166931,0.00374580124742088,0.000106227917403896,0.000139115253854599,0.000278978442899758
0.000149435988644142,0.000170822173618024,0.00106176681510617,0.000232878753605115,6.5420393925153e-05,0.00197832932646385,0.000895223394690567,0.000476018413862489,0.00300054201659728,9.13817476860292e-05,0.00011755899557056,0.000243905975695402
0.000142312178007198,0.000164474488453858,0.000967218018430027,0.000238091879484092,7.01349366510617e-05,0.00179957501803083,0.000672910813871878,0.000144052666496315,0.00234853642509769,7.82313396947565e-05,9.83183958677206e-05,0.00021396839450688
0.000135286811065338,0.000157606828176393,0.000880995384462624,0.000240072524851476,7.43253314382866e-05,0.00163684487964058,0.000480188803132164,0.00013320275673163,0.00177609041047246,6.67395968898532e-05,8.12122080925612e-05,0.000188370321684395
0.000128391784525395,0.000150364738449482,0.000802373534007139,0.000239297361305457,7.8080047118817e-05,0.00148872887085846,0.000312262137300195,0.000361541043614502,0.00127192021053576,5.69015575522386e-05,6.61041775142264e-05,0.000166241350868623
0.00012165384160634,0.000142872123345406,0.000730690171541704,0.000236188222676903,8.14746079591672e-05,0.00135393682064906,0.000164414088927098,0.000546401093263825,0.000827345404816481,4.870124756352e-05,5.29014314387434e-05,0.000146650685858729
0.000115094657990145,0.000135234176804944,0.000665340429381156,0.00023111445349222,8.45718563650608e-05,0.00123128826459921,3.20914937080233e-05,0.000692932427676668,0.000436349934517665,4.20541115028587e-05,4.15411182319268e-05,0.000128684784289512
0.000108730975525551,0.000127540252225833,0.000605771734232596,0.000224395211504747,8.74199973010803e-05,0.00111970353727075,8.88384494778408e-05,0.000806006719934186,9.53498087206058e-05,3.67531462565525e-05,3.19616974865378e-05,0.0001115736563988
0.000102574881471418,0.000119866577516947,0.00055147917218179,0.00021630253481153,9.00493556940524e-05,0.00101819606439863,0.000201709757437723,0.000890152759340839,0.00019742196084653,3.24503868184799e-05,2.4065702422079e-05,9.48299401941632e-05
9.66343105933687e-05,0.000112278655573506,0.000502001329910629,0.000207065972619436,9.2469626906018e-05,0.000925865579015323,0.0003086898748866,0.000949421887037772,0.000442855196542086,2.86965746523656e-05,1.76896231262047e-05,7.83342445224156e-05
9.0913784501212e-05,0.000104833169946694,0.000456916578619349,0.000196879149586437,9.46696027959784e-05,0.000841891803532543,0.000410586941352616,0.000987231197524288,0.000642000168003647,2.50341519120994e-05,1.25985801128908e-05,6.23164234184737e-05
8.54153154838944e-05,9.75792684875243e-05,0.000415839746832236,0.000185907900912663,9.66203922816225e-05,0.00076552812574834,0.000506942692779799,0.00100625975034246,0.00079690063613476,2.11074460322036e-05,8.51434758952427e-06,4.7231738055431e-05
8.01393296749886e-05,9.05592158473301e-05,0.000378419110404815,0.000174298912225312,9.82814788258735e-05,0.000696095026097458,0.000596400389154726,0.00100846475658069,0.000910992236509454,1.67411444100506e-05,5.16700284663996e-06,3.35839143542627e-05
7.50854442351789e-05,8.38085439071046e-05,0.000344333624835547,0.000162187519044232,9.96076085406777e-05,0.000632973392558304,0.000677218912319704,0.000995237076550046,0.000989014972542284,1.19558190888065e-05,2.34659821638644e-06,2.17672853533024e-05
7.02529764680104e-05,7.73559286262326e-05,0.00031329034062999,0.00014970363174488,0.000100554309774251,0.000575598154170284,0.000747758980313121,0.000967655155336875,0.00103656677186703,6.92346821627547e-06,6.79636513196274e-08,1.19786618293372e-05
6.56411467198081e-05,7.12230442240225e-05,0.000285021970418575,0.000136975466024369,0.000101080800143719,0.000523452694530272,0.000806810455483436,0.000926759445729546,0.00105951245218057,1.89222411072984e-06,2.11174904395615e-06,4.20775525733497e-06
6.12490214693118e-05,6.54245923521479e-05,0.000259284604114174,0.000124131474849298,0.000101150435585798,0.00047606429131063,0.000853718847089458,0.000873771999111465,0.00106344195761909,2.88656125967037e-06,3.76170025258478e-06,1.7177368554222e-06
5.70752955894038e-05,5.99686081862449e-05,0.000235855585431155,0.000111301240782458,0.000100729903030269,0.000433000495835813,0.000888350986448492,0.000810222485376001,0.00105329036664388,7.20601495388194e-06,4.97159757753898e-06,6.06499484456791e-06
5.31180237632878e-05,5.48570494746103e-05,0.000214531566219867,9.86159617958893e-05,9.97886997358838e-05,0.000393866203000946,0.000910974650348365,0.000737976894947679,0.00103314583361074,1.09261139390453e-05,5.70547234691847e-06,9.13394997681394e-06
4.93743892363563e-05,5.00866058283922e-05,0.000195126747958518,8.62087316619853e-05,9.83001971911063e-05,0.000358301097926611,0.000922123593252966,0.000659190480714035,0.00100621369058722,1.39733146164483e-05,5.95669071223014e-06,1.12129395106741e-05
4.58405613359414e-05,4.56496331112666e-05,0.000177471308371202,7.42142206161533e-05,9.62448875405086e-05,0.000325977222508517,0.00092249682504694,0.000576216638197467,0.000974884045080688,1.63294507506239e-05,5.75445457523006e-06,1.25536007704596e-05
4.25116581322937e-05,4.15351170762746e-05,0.000161410000576234,6.27669591153346e-05,9.36155587597381e-05,0.000296596551872775,0.000912908523756778,0.000491493523646592,0.000940853329311916,1.80175001662079e-05,5.16041047738877e-06,1.33615299959811e-05
3.93818050437034e-05,3.77295882971751e-05,0.000146800905339473,5.19974319526662e-05,9.04233060173704e-05,0.000269888566173035,0.000894281484757148,0.000407421030033862,0.000905264050556362,1.90886979783509e-05,4.25936582548921e-06,1.37965548252517e-05
3.6444266024005e-05,3.42179356291883e-05,0.000133514314396455,4.20257237198074e-05,8.67025992706133e-05,0.000245607866197618,0.000867661908817535,0.000326235113420205,0.000868855152197504,1.96128811281162e-05,3.14828957768097e-06,1.39687188194237e-05
3.36916190862846e-05,3.0984090004349e-05,0.000121431723726806,3.29532921734543e-05,8.25137796516828e-05,0.00022353186570407,0.000834232238538261,0.000249887979228712,0.000832077834388896,1.96696066016907e-05,1.92337110564884e-06,1.39691102261086e-05
3.1115950283267e-05,2.80115709051509e-05,0.000110444918432151,2.48544234855985e-05,7.79416414330297e-05,0.000203458629131876,0.000795301030831056,0.000179945264312995,0.000795171156271507,1.93429277352553e-05,6.71878030655826e-07,1.38678296044414e-05
2.87090456514427e-05,2.52839023460183e-05,0.000100455134313671,1.77695592831761e-05,7.30896094091604e-05,0.000185204907578409,0.000752258266788579,0.000117514740729414,0.00075825129869885,1.87171045360115e-05,5.33333136883141e-07,1.37046017019138e-05
2.6462565748897e-05,2.27849135745473e-05,9.13722850698351e-05,1.17022840886438e-05,6.80707793955099e-05,0.000168604356267971,0.000706503940815968,6.32207648606628e-05,0.000721388242728583,1.78719241607245e-05,1.63784988650023e-06,1.35026093657231e-05
2.43681932617923e-05,2.0498944046321e-05,8.31142472517143e-05,6.62074361712506e-06,6.29979188554453e-05,0.000153505926572882,0.000659366704483155,1.72284018565472e-05,0.000684646590973174,1.68793704984783e-05,2.60608329492873e-06,1.32742200869007e-05
2.24177497333278e-05,1.8410973218197e-05,7.56061973161692e-05,2.46309276369372e-06,5.79743975030189e-05,0.000139772434046278,0.000612029728825347,2.06905555760759e-05,0.000648119233643982,1.58018138027242e-05,3.41889466451417e-06,1.30153434223512e-05
2.06032811377321e-05,1.65066942122705e-05,6.87799968903668e-05,8.54488008572574e-07,5.30877801050017e-05,0.000127279259842927,0.000565479873611845,5.10645946425813e-05,0.000611918790416502,1.46892713017554e-05,4.07220346926654e-06,1.27373230687233e-05
1.89171155253742e-05,1.47725476921101e-05,6.25736232425789e-05,3.42895483440575e-06,4.84065887876861e-05,0.000115913188024471,0.000520485198117393,7.46212044414093e-05,0.000576145796766772,1.35804221379158e-05,4.57206565172841e-06,1.24502012401884e-05
1.73518977993892e-05,1.31957289124518e-05,5.69306423158222e-05,5.36216483798535e-06,4.39797358791905e-05,0.000105571372440192,0.000477596757699041,9.21933295213313e-05,0.000540890900411544,1.2503760306844e-05,4.93086948650384e-06,1.21564333368518e-05
1.59006062122602e-05,1.17641775598809e-05,5.17997221625155e-05,6.75423802648512e-06,3.98380510053115e-05,9.61603980165408e-05,0.000437169600099863,0.000104642510166323,0.00050624032254968,1.14786915228673e-05,5.16486540801456e-06,1.18565619402489e-05
1.45565550325744e-05,1.04665572095985e-05,4.71341847115836e-05,7.69889609070207e-06,3.5997086914652e-05,8.75954222513955e-05,0.000399395172549179,0.000112802466453024,0.000472269992359534,1.05169407455096e-05,5.29207474181392e-06,1.1553387512464e-05
1.33133877501246e-05,9.29222894996418e-06,4.28915936963037e-05,8.28066605335076e-06,3.24603674874968e-05,7.97993953642944e-05,0.000364337254964063,0.00011744280305291,0.000439041165415939,9.62442019157572e-06,5.33043079378737e-06,1.12485135107532e-05
1.21650644452354e-05,8.23122206261573e-06,3.90333765321049e-05,8.57359878897457e-06,2.92225241166344e-05,7.27023506591337e-05,0.000331966087817518,0.000119249453014565,0.000406600882631522,8.80268008946611e-06,5.29682077559518e-06,1.0943743363856e-05
1.11058460462443e-05,7.27420350377095e-06,3.55244779589592e-05,8.64109027209903e-06,2.62720451077864e-05,6.62407570075733e-05,0.000302187921441143,0.000118817479718586,0.000374981660470681,8.05026308887784e-06,5.20648205450114e-06,1.06410748214048e-05
1.01302774637713e-05,6.41244715937628e-06,3.23330432566715e-05,8.53641417936091e-06,2.35935078408411e-05,6.03569289269832e-05,0.000274868706738132,0.000116652250452169,0.000344201989075333,7.36380695229299e-06,5.07271805158527e-06,1.03426168786003e-05
9.23317088008524e-06,5.63780337314856e-06,2.94301288905618e-05,8.30365450615878e-06,2.11692902849295e-05,5.49984892942272e-05,0.00024985194354929,0.000113175669712453,0.000314267463804496,6.73891905620186e-06,4.90683904928041e-06,1.00504316759009e-05
8.40958988068685e-06,4.94266899242479e-06,2.67894385039824e-05,7.97881429748237e-06,1.89808205008773e-05,5.01178802783039e-05,0.000226971324940217,0.000108735026030983,0.000285172547757749,6.17084149777229e-06,4.71823453921522e-06,9.76628101512222e-06
7.65483464393313e-06,4.31995805005858e-06,2.438708227126e-05,7.5909534052454e-06,1.70094468286142e-05,4.56719184826994e-05,0.000206059079472223,0.000103612813206224,0.000256903103547642,5.65494132124568e-06,4.51451149626608e-06,9.4912762561572e-06
6.96442803960196e-06,3.76307317340174e-06,2.22013577231284e-05,7.16326729593986e-06,1.52370129020141e-05,4.16213906562629e-05,0.000186950932721117,9.80365251408577e-05,0.000229439962899833,5.18706161264058e-06,4.301649121706e-06,9.22539593506411e-06
6.3341022067398e-06,3.26587785470789e-06,2.02125502785089e-05,6.71406036600875e-06,1.36462115392713e-05,3.79306867208419e-05,0.000169488514593734,9.21878905518768e-05,0.000202763961941865,4.76376120130649e-06,4.08413591322654e-06,8.96682762729917e-06
5.75978498917884e-06,2.82266982160051e-06,1.84027518359553e-05,6.25759387978819e-06,1.22207770033023e-05,3.45674674753741e-05,0.000153519821099939,8.62113944517446e-05,0.000176863100262815,4.38252297863678e-06,3.86502061949789e-06,8.71103500688086e-06
5.23758544090924e-06,2.42815591838808e-06,1.67556959166371e-05,5.80480370865333e-06,1.09455611580003e-05,3.15023652030589e-05,0.000138898088213237,8.02222280759165e-05,0.000151742744234486,4.041964213484e-06,3.64583970600268e-06,8.44947671185814e-06
4.76377746272405e-06,2.07742918090226e-06,1.52566080054983e-05,5.36389358063438e-06,9.80653092506889e-06,2.87087074650185e-05,0.000125480744317316,7.43130141204914e-05,0.000127438828654225,3.74103643231184e-06,3.42709967771082e-06,8.16870991759977e-06
4.33478103722962e-06,1.76594894840676e-06,1.38920698330436e-05,4.94081598878537e-06,8.79069330506424e-06,2.61622730745245e-05,0.000113127431185019,6.85605942824557e-05,0.000104036271685804,3.48006528220774e-06,3.20729201756104e-06,7.8476010603179e-06
3.94714045026667e-06,1.48952535888869e-06,1.26498964780897e-05,4.53963890006959e-06,7.88597229751942e-06,2.38410759710514e-05,0.00010169701656105,6.30334833527719e-05,8.16940562174757e-05,3.26002989357562e-06,2.98291631509184e-06,7.4554414667416e-06
3.59749886169602e-06,1.24431030257277e-06,1.15190253612285e-05,4.16280734977237e-06,7.08105251205279e-06,2.1725169014507e-05,9.1045732254931e-05,5.77992530750933e-05,6.06763653804145e-05,3.08211972756961e-06,2.7480569952526e-06,6.94958182356764e-06
3.28256945714145e-06,1.02679746410983e-06,1.04894162274993e-05,3.81130480420211e-06,6.36519451282722e-06,1.97964693360993e-05,8.10265734093602e-05,5.29325889336143e-05,4.13898883050747e-05,2.94690015479617e-06,2.49391185547926e-06,6.27349083148765e-06
2.99910449630403e-06,8.33834750135765e-07,9.55196126284363e-06,3.48471713274012e-06,5.72803723754636e-06,1.80386023930521e-05,7.14911590030473e-05,4.85239767821394e-05,2.44247034290664e-05,2.85299628691291e-06,2.20846809449726e-06,5.35620654074087e-06
2.74386529741655e-06,6.62652863414603e-07,8.69840439865488e-06,3.18120498160601e-06,5.15941670568669e-06,1.64367599639525e-05,6.22956996650071e-05,4.46882821162121e-05,1.05920527237743e-05,2.7951067278124e-06,1.87669532118045e-06,4.11505658293176e-06
2.51359871983325e-06,5.10913602536078e-07,7.92126861026698e-06,2.89740016673479e-06,4.64924913648988e-06,1.4977564799153e-05,5.33130831826168e-05,4.15713172187608e-05,9.46364821860893e-07,2.76138395818382e-06,1.48183604119223e-06,2.46390254832196e-06
2.3050289574833e-06,3.76779899280422e-07,7.21378951751284e-06,2.62826196129051e-06,4.18754750088155e-06,1.36489311727632e-05,4.4452846833103e-05,3.9350705772619e-05,3.22847368162757e-06,2.7305129082192e-06,1.00865247726345e-06,3.29750836303155e-07
2.11487701529123e-06,2.59005626224162e-07,6.56985285119038e-06,2.36696411370918e-06,3.76465810199267e-06,1.24399059080915e-05,3.5689570699898e-05,3.82250020385426e-05,4.96163273420315e-07,2.66933177476159e-06,4.49654542530875e-07,2.31989283261402e-06
1.93992280150823e-06,1.57035641767944e-07,5.98393254758189e-06,2.10493623170604e-06,3.3718087748217e-06,1.13404653636247e-05,2.7098268120835e-05,3.83822214547342e-05,1.05585922071367e-05,2.53193574239596e-06,1.84504747230418e-07,5.43754986404021e-06
1.77712443671929e-06,7.10943817150422e-08,5.45102563231925e-06,1.8322440846763e-06,3.00195753125902e-06,1.03412634655628e-05,1.88881004460029e-05,3.9940502913823e-05,3.10426010063108e-05,2.26468710780563e-06,8.52844607469871e-07,8.8562880400378e-06
1.62380215740221e-06,2.22607715594236e-09,4.96658053961152e-06,1.53852009393551e-06,2.65081029953568e-06,9.43333656339748e-06,1.14193034203967e-05,4.28590398950713e-05,6.13666645463706e-05,1.81711460687291e-06,1.47204793867622e-06,1.22602071532807e-05
1.47787728033144e-06,4.77643997964794e-08,4.52641796244713e-06,1.21463047014769e-06,2.31770468520943e-06,8.60780844692474e-06,5.18504608203388e-06,4.68304128148172e-05,0.000100823272611312,1.16020398809296e-06,1.91288014628199e-06,1.51904331339159e-05
1.33813014557838e-06,7.65258053314621e-08,4.12664803639551e-06,8.55103153285519e-07,2.00587874290073e-06,7.85570367911603e-06,7.40786575146009e-07,5.11887893901419e-05,0.000147264012725793,3.08261533961234e-07,2.0150382308709e-06,1.71088890591475e-05
1.20441014583861e-06,8.15689630839778e-08,3.76359383313929e-06,4.61006407603826e-07,1.72167512088595e-06,7.16802415360197e-06,1.42261801917571e-06,5.48911155756764e-05,0.00019705103299508,6.63728812230757e-07,1.62815954304202e-06,1.75247090520303e-05
1.07770945367847e-06,6.08612795438557e-08,3.43373625466548e-06,4.25342351340063e-08,1.47259712276332e-06,6.53616582249866e-06,1.03138576684928e-06,5.66241041364073e-05,0.000245414074927322,1.62493592212321e-06,6.6866350393463e-07,1.61482663211254e-05
9.6001996463535e-07,1.35283272917341e-08,3.13369548543552e-06,3.79738792744e-07,1.26465642335399e-06,5.9526471842446e-06,1.8464069297614e-06,5.5059377282362e-05,0.000287208253881122,2.41348705314233e-06,8.20837776548122e-07,1.30129749880137e-05
8.53940905320982e-07,5.94889168620272e-08,2.86025681306423e-06,7.75967185007165e-07,1.09994358715726e-06,5.41188992159939e-06,6.7622874755175e-06,4.920968412189e-05,0.000317888016929482,2.88459315123113e-06,2.64924176416464e-06,8.5006169252555e-06
7.62084657379702e-07,1.55008785432398e-07,2.61043516947002e-06,1.11090760129828e-06,9.75316493546929e-07,4.91065164875655e-06,1.29693667978052e-05,3.87647350440414e-05,0.000334387038554326,2.95733805728664e-06,4.50920835978058e-06,3.24877917279309e-06
6.86410650319047e-07,2.67570305856335e-07,2.38155836351783e-06,1.34995172629271e-06,8.82584134866138e-07,4.4478182978664e-06,1.95999449960959e-05,2.42688076305231e-05,0.000335615728607541,2.6398889481135e-06,6.06038699883099e-06,2.02161058515671e-06
6.27659697882699e-07,3.89835831976493e-07,2.17134081592629e-06,1.46578542103981e-06,8.0988065000176e-07,4.02358006659559e-06,2.58650316217421e-05,7.05942366026366e-06,0.000322450592515911,2.01808093074421e-06,7.0254190054006e-06,6.68351692822977e-06
5.85038781641956e-07,5.13361583354133e-07,1.9779219974092e-06,1.4438417325624e-06,7.43577375117432e-07,3.63832018460564e-06,3.1194650010637e-05,1.10120053942173e-05,0.000297293115814062,1.21873709323789e-06,7.26067731657981e-06,1.03208698527535e-05
5.56228038295359e-07,6.29562381976312e-07,1.79985569781493e-06,1.28514013150727e-06,6.70146957468254e-07,3.29164726097625e-06,3.52786054438783e-05,2.79747662178301e-05,0.000263408016945104,3.67466673265385e-07,6.77713400822066e-06,1.27604254256397e-05
5.37684884172052e-07,7.30660951554774e-07,1.63605198466588e-06,1.00601725253058e-06,5.77704357115905e-07,2.98188514414417e-06,3.80178956381743e-05,4.21170313997177e-05,0.000224265805838953,4.41201613025216e-07,5.71279502604299e-06,1.40345392778407e-05
5.25145318008846e-07,8.10444836608915e-07,1.48568666513693e-06,6.35190335912528e-07,4.57226526584531e-07,2.7060848130149e-06,3.94319481967795e-05,5.2248755207688e-05,0.000183041146185497,1.15337959133086e-06,4.27833021524049e-06,1.43101814336077e-05
5.14192301959149e-07,8.64729372676565e-07,1.34809911900291e-06,2.09162507813776e-07,3.03526950670707e-07,2.46041562771511e-06,3.95715217616176e-05,5.78113659734156e-05,0.000142320746645292,1.74930503761724e-06,2.69935497562712e-06,1.38162401546182e-05
5.00774418266126e-07,8.91507636512079e-07,1.22269819946563e-06,2.32910296132927e-07,1.15980908030333e-07,2.24070165575968e-06,3.84706597821832e-05,5.88527046872023e-05,0.000103999682114026,2.22790679894024e-06,1.17442149736788e-06,1.2788016426013e-05
4.81597218326968e-07,8.90830552324751e-07,1.10888982285395e-06,6.53999096766888e-07,1.011291316938e-07,2.04291949999161e-06,3.61436777701064e-05,5.59099771624286e-05,6.93095631192788e-05,2.59438901450103e-06,1.50779024474246e-07,1.14339854830892e-05
4.5435473616795e-07,8.64493806776445e-07,1.00603219321815e-06,1.02302466797877e-06,3.38804214655708e-07,1.86355309994123e-06,3.2612593129482e-05,4.98456015970679e-05,3.89195797972798e-05,2.85255702105018e-06,1.19109577234253e-06,9.92105165820156e-06
4.1780577664241e-07,8.15616643334849e-07,9.13417938730454e-07,1.317416112534e-06,5.84164026873335e-07,1.69976905508087e-06,2.79459282277268e-05,4.16768376962283e-05,1.30644706136007e-05,3.00263556134162e-06,1.91653860328288e-06,8.37263687936129e-06
3.71722881364889e-07,7.48187676605228e-07,8.30277996577422e-07,1.52431909328232e-06,8.21913022586163e-07,1.54943727636529e-06,2.22899013324049e-05,3.24254518169379e-05,8.32957591093174e-06,3.04345230260974e-06,2.34044572866576e-06,6.8733780731467e-06
3.16751737949872e-07,6.6663432699704e-07,7.55800036555954e-07,1.64050765405488e-06,1.03625748287817e-06,1.41104650244576e-06,1.58792854503091e-05,2.300162508327e-05,2.55355751806197e-05,2.97611634144258e-06,2.50503576585369e-06,5.47643903314743e-06
2.54219031603498e-07,5.75452480944261e-07,6.89154174948747e-07,1.67117490401658e-06,1.21294710239694e-06,1.28356486495292e-06,9.02445999873017e-06,1.41287927692574e-05,3.89384864900838e-05,2.80709417272134e-06,2.46742196819902e-06,4.21104737902134e-06
1.85921313344828e-07,4.78915159571325e-07,6.29519934958189e-07,1.62789960711507e-06,1.3410488498844e-06,1.1662871752631e-06,2.07919135437525e-06,6.30971137683454e-06,4.89708918193222e-05,2.54948065297588e-06,2.28801558272741e-06,3.08945980731501e-06
1.13919705779786e-07,3.80865001065045e-07,5.76110200656288e-07,1.52618698018303e-06,1.41411509391176e-06,1.0586978299431e-06,4.60115868614846e-06,1.71320436084172e-07,5.60697249756719e-05,2.22230920296712e-06,2.02229042787876e-06,2.11259759841376e-06
4.03572836260579e-08,2.84585568458007e-07,5.28189744497531e-07,1.38301560714815e-06,1.43056685125709e-06,9.60364758269966e-07,1.07000278034613e-05,5.21933613404679e-06,6.06509404548707e-05,1.84841023650166e-06,1.71600151159523e-06,1.27481492628867e-06
3.26911233639038e-08,1.92740502905075e-07,4.85087478852009e-07,1.21475586539743e-06,1.39330769138857e-06,8.70868414354353e-07,1.59699503869842e-05,8.88413793646588e-06,6.30998400402272e-05,1.45162794626548e-06,1.40335524834861e-06,5.68448183413395e-07
1.03332718714988e-07,1.07366649904073e-07,4.46202690018715e-07,1.0357052483978e-06,1.30879209542245e-06,7.89763528411674e-07,2.02487009244638e-05,1.13114166736585e-05,6.37673858390293e-05,1.05446677081331e-06,1.10758582900702e-06,1.73623722066196e-08
1.69934351479384e-07,2.99068446535378e-08,4.11006194300789e-07,8.57298386058858e-07,1.18583232028291e-06,7.16565639716921e-07,2.34613144787539e-05,1.26980847810943e-05,6.29681732383143e-05,6.76105636723129e-07,8.42517056771561e-07,4.94369923220717e-07
2.31167081365946e-07,3.8730854842739e-08,3.79037651820902e-07,6.8789291901572e-07,1.03438151058399e-06,6.50753139756766e-07,2.56109531056349e-05,1.32568232011308e-05,6.0982024453808e-05,3.31327703414867e-07,6.1470298775082e-07,8.74506538739439e-07
2.86022627693505e-07,9.8098789896861e-08,3.49900299956296e-07,5.3297301605415e-07,8.64484948515098e-07,5.91777957963113e-07,2.67631208603217e-05,1.31914981866939e-05,5.80562937285697e-05,3.01843895589987e-08,4.25569244767721e-07,1.16938630156938e-06
3.33807482544302e-07,1.48129163851651e-07,3.23254212508672e-07,3.95593377777725e-07,6.85491409579964e-07,5.39079527420161e-07,2.7027370645585e-05,1.26826302539926e-05,5.44083171613982e-05,2.2175369029237e-07,2.73251168735403e-07,1.3900091854202e-06
3.74120566082325e-07,1.89054013693957e-07,2.98808979892762e-07,2.76915956998192e-07,5.05541502660023e-07,4.92098610777036e-07,2.65396315077696e-05,1.18808005016548e-05,5.02277153592436e-05,4.22774478323409e-07,1.5402754350094e-07,1.54662406537387e-06
4.0681988089375e-07,2.21330259675412e-07,2.76316448388769e-07,1.76737613433176e-07,3.31302354272811e-07,4.50289576348073e-07,2.54473243664495e-05,1.09056959865221e-05,4.56783266992043e-05,5.74019597909814e-07,6.34440038282946e-08,1.64877410702147e-06
4.31982811521792e-07,2.455725760242e-07,2.55563954110194e-07,9.39492981189005e-08,1.67890774060986e-07,4.13129418813662e-07,2.38976917275858e-05,9.84839280988586e-06,4.090011075533e-05,6.78932196879201e-07,3.173446290472e-09,1.70509644381589e-06
4.49863902240999e-07,2.62495514269379e-07,2.36368327910519e-07,2.69060456137282e-08,1.89330335298443e-08,3.80122705565672e-07,2.20281673742436e-05,8.77477827664378e-06,3.60111639401649e-05,7.43145207576096e-07,5.05435122505338e-08,1.72339804072053e-06
4.60853395667371e-07,2.72865611605777e-07,2.18570766707948e-07,2.62893986580082e-08,1.13274070151492e-07,3.5080710001148e-07,1.9960916269408e-05,7.7301482300524e-06,3.11090203834183e-05,7.72349455332305e-07,8.2556963713204e-08,1.71107172852736e-06
4.65438639962734e-07,2.77463198528061e-07,2.02032570451038e-07,6.7589730035067e-08,2.27564911248201e-07,3.24756186092373e-07,1.78009081166755e-05,6.74403175081586e-06,2.627201952913e-05,7.72536906782501e-07,1.02568631449307e-07,1.67467363076934e-06
4.64169427782934e-07,2.77052914776643e-07,1.86631712195684e-07,9.88747723695838e-08,3.23695056647644e-07,3.01579536159807e-07,1.56349232436965e-05,5.83400745932536e-06,2.15609023829126e-05,7.49530396748632e-07,1.13381072280871e-07,1.62026118943892e-06
4.57627994832066e-07,2.72361914632757e-07,1.72260137709657e-07,1.21873299896436e-07,4.02132981081049e-07,2.80921918047183e-07,1.35319750804231e-05,5.00891433490869e-06,1.70202065573037e-05,7.08751026621407e-07,1.17277072397143e-07,1.55325321582467e-06
4.4640394836204e-07,2.64064641208872e-07,1.58821676699006e-07,1.38122767112669e-07,4.63870208772255e-07,2.6246179108888e-07,1.15446027556142e-05,4.27143873865483e-06,1.26798949511245e-05,6.55041956981739e-07,1.16085463585519e-07,1.47845704712157e-06
4.31074045403879e-07,2.52773043885046e-07,1.46230453190732e-07,1.48954727663408e-07,5.10254477614769e-07,2.45909261831906e-07,9.71071272069064e-06,3.62011539160623e-06,8.55695869178877e-06,5.9258129841977e-07,1.11248373957373e-07,1.40009981142164e-06
4.12186514142654e-07,2.39031171245241e-07,1.34409682939207e-07,1.55497084208811e-07,5.42848871437629e-07,2.31003780722105e-07,8.0556789908527e-06,3.05083251839116e-06,4.65696754757127e-06,5.24857104965137e-07,1.03888770627836e-07,1.3218641685131e-06
3.90249449144786e-07,2.23313162295291e-07,1.23290760378758e-07,1.58686572770961e-07,5.63317165080957e-07,2.17511720971425e-07,6.59449776235146e-06,2.55793016292623e-06,9.7554063517602e-07,4.54688059595837e-07,9.48718888657551e-08,1.24692998237919e-06
3.65722742035057e-07,2.06023782978182e-07,1.12812547747865e-07,1.59286905665468e-07,5.73334492132149e-07,2.05223949136663e-07,5.33389573559434e-06,2.13498206894454e-06,2.50024892645549e-06,3.84246989563325e-07,8.4856117035792e-08,1.17799349247383e-06
3.39012970751451e-07,1.87500763249027e-07,1.02920795552741e-07,1.579097684834e-07,5.74523237151237e-07,1.93953329171576e-07,4.27440794289351e-06,1.77534001085825e-06,5.79043110026299e-06,3.15058749447011e-07,7.43359977878333e-08,1.11723055667978e-06
3.10470669229179e-07,1.68018297497241e-07,9.35676589541856e-08,1.55034197479864e-07,5.68401926942519e-07,1.83532668344283e-07,3.41158541740307e-06,1.47243005209035e-06,8.92135310506119e-06,2.48589448800102e-07,6.37186694449343e-08,1.06679827679979e-06
2.80389584883523e-07,1.4779133827858e-07,8.47112732182964e-08,1.51024871275496e-07,5.56346439167799e-07,1.7381354001228e-07,2.73725986674026e-06,1.21996786445213e-06,1.19248980423101e-05,1.8560622319988e-07,5.32863474109191e-08,1.02833907542066e-06
2.49007519881328e-07,1.26980344017369e-07,7.63153449323539e-08,1.46150553770319e-07,5.39574062874415e-07,1.64663766146628e-07,2.24110780477519e-06,1.01212012956495e-06,1.48373413785681e-05,1.26601758073525e-07,4.32602822592054e-08,1.0032237794666e-06
2.16508290407091e-07,1.05696105978659e-07,6.83487425545692e-08,1.40599372588923e-07,5.19135348625577e-07,1.55965794527632e-07,1.91147562578132e-06,8.43530693157747e-07,1.76986134957225e-05,7.18644721960093e-08,3.38232041402486e-08,9.92592416482196e-07
1.83024516764441e-07,8.40044620531444e-08,6.0785080857606e-08,1.34491598968722e-07,4.95913359460642e-07,1.47615326252445e-07,1.73594899787003e-06,7.0929671418689e-07,2.05516576705826e-05,2.15719279175741e-08,2.51354577637808e-08,9.97378924338932e-07
1.48641056352261e-07,6.19307977123285e-08,5.36022993768981e-08,1.27890116274898e-07,4.70628316123767e-07,1.39520173705887e-07,1.70164933243181e-06,6.04906843897844e-07,2.34418227479632e-05,2.41252086051469e-08,1.73527653843375e-08,1.0183093207411e-06
1.13398974987966e-07,3.94643064893785e-08,4.67822337535395e-08,1.20808824166652e-07,4.43845990572012e-07,1.31599304698318e-07,1.79526293511256e-06,5.26142705162157e-07,2.64162157006126e-05,6.50122214881921e-08,1.06430313451256e-08,1.05587456152023e-06
7.73000444209693e-08,1.65620503977948e-08,4.03101906298886e-08,1.13219287167787e-07,4.15988587104676e-07,1.2378210873052e-07,2.00278045020203e-06,4.68943648036766e-07,2.95229132015127e-05,1.00709779932151e-07,5.20400049441871e-09,1.11025803924136e-06
4.03118558811588e-08,6.84706769060739e-09,3.4174534757625e-08,1.05056060517583e-07,3.87347405900185e-07,1.16007931275953e-07,2.30891036674821e-06,4.29228421380491e-07,3.28098786386487e-05,1.30557473592557e-07,1.28283739186941e-09,1.18120187120319e-06
2.37374675471358e-09,3.08582268626623e-08,2.83662999756018e-08,9.62212138855278e-08,3.58096997304935e-07,1.08225946630295e-07,2.69610905418858e-06,4.02662022839772e-07,3.63233758642506e-05,1.53474230824013e-07,8.0161313698035e-10,1.26778901921032e-06
3.6596128655253e-08,5.55862128548412e-08,2.28788394895929e-08,8.65887335166349e-08,3.28311026837058e-07,1.00395480311533e-07,3.14314577134279e-06,3.84350472098133e-07,4.01055894020028e-05,1.67788016206677e-07,6.33276230066482e-10,1.36810725855085e-06
7.66921074146776e-08,8.11601471584211e-08,1.77075274443439e-08,7.60100148378129e-08,2.97982074320968e-07,9.24868659258693e-08,3.6231664750507e-06,3.68439346839974e-07,4.41909666501329e-05,1.71076817424148e-07,2.33086518142134e-09,1.47869364484042e-06
1.18010070784824e-07,1.07716880637376e-07,1.28495152296182e-08,6.43230096963876e-08,2.6705369365887e-07,8.44827587882617e-08,4.10133803194758e-06,3.47585309972147e-07,4.86003651455476e-05,1.60066158064187e-07,8.79327641950534e-09,1.59355839678479e-06
1.6063344991657e-07,1.35392384081889e-07,8.30362290038522e-09,5.13623371611871e-08,2.3544676105991e-07,7.63815444834032e-08,4.53067354507969e-06,3.12293537764806e-07,5.33336133609329e-05,1.29509194774641e-07,1.96265436264165e-08,1.70405480148794e-06
2.04614941025361e-07,1.64309976291577e-07,4.07041400585229e-09,3.6972808703517e-08,2.03073956872579e-07,6.82035514332907e-08,4.84721530367349e-06,2.50070746612938e-07,5.83595877367312e-05,7.2919665410065e-08,3.59122462462169e-08,1.79727848179795e-06
2.49952533712405e-07,1.94564035105316e-07,1.52446832935027e-10,2.10365119768241e-08,1.69888388246164e-07,5.99952783252033e-08,4.96527539448212e-06,1.44371793263737e-07,6.36006398775599e-05,1.80271504356122e-08,5.89237563394795e-08,1.85372484519386e-06
2.96558520324064e-07,2.26197778729897e-07,3.44523609641101e-09,3.51395068598492e-09,1.35952043428533e-07,5.18376033955409e-08,4.77143134514645e-06,2.65966338377481e-08,6.89113030375912e-05,1.53630377287828e-07,9.00577655574275e-08,1.84563883651179e-06
3.44220036752052e-07,2.59173317918027e-07,6.71429434273563e-09,1.54999190149496e-08,1.01507607958018e-07,4.3856159738509e-08,4.11844788790218e-06,2.91100996164324e-07,7.4051412495967e-05,3.45911481961642e-07,1.30664605968445e-07,1.73476611411982e-06
3.9254997873106e-07,2.93332026890525e-07,9.64186197549566e-09,3.56993921091231e-08,6.70551643933148e-08,3.62329358478269e-08,2.82060277031112e-06,6.84843711090317e-07,7.86530959855649e-05,6.07688544099899e-07,1.81695938433757e-07,1.47032269612324e-06
4.40928054810941e-07,3.28343466637904e-07,1.22088112952667e-08,5.64705944228194e-08,3.34169885374269e-08,2.9217379089036e-08,6.53006819014765e-07,1.25110743571715e-06,8.21834570018934e-05,9.50515686059389e-07,2.43077458092489e-07,9.88018115127831e-07
4.8843364167106e-07,3.63641964318262e-07,1.43874525626586e-08,7.67781980215432e-08,1.75779751865335e-09,2.31329344499431e-08,2.64090160052084e-06,2.03914992759573e-06,8.39080626205696e-05,1.38090535615684e-06,3.12692567575046e-07,2.11594548854555e-07
5.33775461206143e-07,3.98351901909066e-07,1.61387183617023e-08,9.50531048315995e-08,2.649360089646e-08,1.83724889295245e-08,7.32773975467072e-06,3.09946151298162e-06,8.28656354611367e-05,1.89430316494682e-06,3.84903944480874e-07,9.40886066252977e-07
5.75228322474697e-07,4.31206432338627e-07,1.74091469018478e-08,1.09114839275115e-07,4.9890913289552e-08,1.53733647582921e-08,1.36409240241867e-05,4.47410654327027e-06,7.78712397886321e-05,2.46643062326232e-06,4.48659685486907e-07,2.54342421790454e-06
6.10594382027818e-07,4.60470266361312e-07,1.81284602884801e-08,1.16187084064912e-07,6.74632413544263e-08,1.45596328569864e-08,2.17095907670443e-05,6.18056204676795e-06,6.75733674321211e-05,3.04354354468614e-06,4.8566587849963e-07,4.63804814976321e-06
6.37214556842292e-07,4.83885361113323e-07,1.82093469192068e-08,1.13083644559531e-07,7.94855735952726e-08,1.62434548797719e-08,3.14581151162852e-05,8.18868182312501e-06,5.05938788510993e-05,3.5334420539386e-06,4.69477913114802e-07,7.20097162765221e-06
6.52062453920799e-07,4.98667962478549e-07,1.75521345235907e-08,9.66423110426717e-08,8.8429362582465e-08,2.04827615875314e-08,4.24869320707564e-05,1.03935510593542e-05,2.57731840999718e-05,3.80391345791709e-06,3.67282921603929e-07,1.01029409408371e-05
6.51953603297839e-07,5.01593505619624e-07,1.6057883245324e-08,6.44443293174035e-08,9.97946273395556e-08,2.69149724937967e-08,5.39660493696479e-05,1.25922368947437e-05,7.48213405250947e-06,3.69583717322458e-06,1.46266949427321e-07,1.30773988363808e-05
6.33890128165504e-07,4.89206760434513e-07,1.36531406180751e-08,1.57491329977333e-08,1.22273051988975e-07,3.46132581902081e-08,6.459452354426e-05,1.44779688883938e-05,4.88017239378205e-05,3.05779390258332e-06,2.14392937729346e-07,1.57175789370356e-05
5.95529806107775e-07,4.58181196538732e-07,1.03267766560222e-08,4.75854117221175e-08,1.66587430960874e-07,4.20410624611678e-08,7.26900849741138e-05,1.56671658714796e-05,9.65184212955266e-05,1.80130005453596e-06,7.07853199638508e-07,1.7524787290002e-05
5.35719755723196e-07,4.05818258997215e-07,6.17329420915524e-09,1.2058281229077e-07,2.42604680789071e-07,4.71951105904256e-08,7.64491074858767e-05,1.57664047272116e-05,0.000147558402214526,4.05326112812299e-08,1.28733832709463e-06,1.80163512994991e-05
4.54982487629874e-07,3.30626404920764e-07,1.42841882766476e-09,1.95416844595009e-07,3.55148011971229e-07,4.79672114979401e-08,7.43664704690395e-05,1.44723276627957e-05,0.000197688118307022,2.26867502146552e-06,1.862815530565e-06,1.68671295730505e-05
3.55808329854934e-07,2.32863431426367e-07,3.5222360583731e-09,2.62659961558498e-07,4.99949072224615e-07,4.27250929566081e-08,6.56972487600148e-05,1.16698947687973e-05,0.00024214827916673,4.54288702705571e-06,2.32099736623831e-06,1.40381630975295e-05
2.4262592213109e-07,1.14893743186073e-07,8.1772986160189e-09,3.13355250081138e-07,6.61648424993277e-07,3.09136882550853e-08,5.07833477392301e-05,7.48495694268506e-06,0.000276537059844583,6.45746798031213e-06,2.55685675061568e-06,9.82135827654051e-06
1.21399994168492e-07,1.87706068466298e-08,1.19990357649868e-08,3.41294986272445e-07,8.15460657166422e-07,1.34365880817555e-08,3.11028917650488e-05,2.26804854391724e-06,0.000297667181072788,7.6579623238919e-06,2.50710210993391e-06,4.77556243982935e-06
1.08425884937091e-09,1.61806513299112e-07,1.45201295431718e-08,3.44750471392707e-07,9.32476578119346e-07,7.40162077461637e-09,8.98552410790985e-06,3.48747730375451e-06,0.000304118556714907,7.94912051052879e-06,2.17004532058335e-06,4.23006687677585e-07
1.18090424994222e-07,3.06750445489001e-07,1.54454099510204e-08,3.27084273776812e-07,9.86806122815764e-07,2.84543353462618e-08,1.29079548394726e-05,9.25461846556049e-06,0.000296332994272621,7.33888484139196e-06,1.59952069399283e-06,5.15118863031461e-06
2.23752130212862e-07,4.45864297260457e-07,1.47159765484517e-08,2.96068580041275e-07,9.61979489400022e-07,4.65916409099487e-08,3.21493220083728e-05,1.45626853757792e-05,0.000276284969032822,6.01316379290201e-06,8.81927708439034e-07,8.96383713722138e-06
3.13677085639341e-07,5.72012130550803e-07,1.25171597531448e-08,2.62183738219957e-07,8.54496836455443e-07,5.95133405785486e-08,4.69729777929121e-05,1.90447676519053e-05,0.000246904429306418,4.26114754231537e-06,1.09466243566197e-07,1.16410050579052e-05
3.85246391398919e-07,6.79379456247631e-07,9.23234133587414e-09,2.36415727605799e-07,6.73837351194972e-07,6.6214244504037e-08,5.64764195754876e-05,2.2445852090933e-05,0.000211457363670357,2.38897405876494e-06,6.38987296455382e-07,1.3169470547636e-05
4.37612129422504e-07,7.63929010272335e-07,5.3612225769939e-09,2.28133677337983e-07,4.39551015363193e-07,6.69937699204759e-08,6.05955215751723e-05,2.46105268103467e-05,0.00017304240312025,6.52740206034778e-07,1.30567822100372e-06,1.36800263854653e-05
4.71461978401866e-07,8.2356438424469e-07,1.4277083959513e-09,2.4348987825995e-07,1.76795130424345e-07,6.31074392673514e-08,5.9925391528182e-05,2.54687930550884e-05,0.000134273895667612,7.76004090496246e-07,1.85333688156562e-06,1.33804167794516e-05
4.88647377949736e-07,8.58037201734163e-07,2.10055939309228e-09,2.84545718542972e-07,8.82666482127092e-08,5.62646323316873e-08,5.54752495536052e-05,2.50288473085862e-05,9.71416008530589e-05,1.81506847501262e-06,2.26111327263426e-06,1.24997645860603e-05
4.91767327026604e-07,8.6867057391693e-07,4.86763995777295e-09,3.49167572133435e-07,3.32259892765752e-07,4.8164356402508e-08,4.84284519460087e-05,2.33756131133293e-05,6.30044284028952e-05,2.45702340205187e-06,2.52060167452682e-06,1.12510981469249e-05
4.83777230164684e-07,8.57981095281346e-07,6.65575639047233e-09,4.31599363970303e-07,5.37148846291302e-07,4.0180381417898e-08,3.99492138855653e-05,2.06690872621461e-05,3.26654109273102e-05,2.74619218793557e-06,2.63326560753264e-06,9.81224593177288e-06
4.67664548864377e-07,8.29271856961356e-07,7.38602534688937e-09,5.23543861125075e-07,6.91493968835166e-07,3.32200963439055e-08,3.10518002991489e-05,1.71372081609058e-05,6.48342193306958e-06,2.75467464871905e-06,2.6086294082437e-06,8.31896119812825e-06
4.46208737181486e-07,7.86249512385595e-07,7.10033620787698e-09,6.15526317415682e-07,7.90573011916207e-07,2.77265355466683e-08,2.25257175058713e-05,1.30574035586574e-05,1.55120256606141e-05,2.56596976295521e-06,2.46526397721866e-06,6.86883417277961e-06
4.2182627668641e-07,7.32698963501477e-07,5.93238291823894e-09,6.98289539940999e-07,8.35606586008231e-07,2.37590894684031e-08,1.49102811583489e-05,8.72951804486536e-06,3.35191918252264e-05,2.25815513494633e-06,2.22720832166595e-06,5.52571919798517e-06
3.9649093452887e-07,6.72231577958371e-07,4.075121462499e-09,7.64033750183524e-07,8.3242858051058e-07,2.11140734635712e-08,8.50942639220941e-06,4.44690895237198e-06,4.78787777118292e-05,1.89596944738003e-06,1.92188043312419e-06,4.32605915334783e-06
3.71713575253452e-07,6.08108376987104e-07,1.74985270717798e-09,8.07305273686776e-07,7.89878512624798e-07,1.94433903734359e-08,3.42923706452246e-06,4.67950351466865e-07,5.90082289707192e-05,1.52773304436596e-06,1.57775528901102e-06,3.28597936638531e-06
3.48564952568076e-07,5.43131580155176e-07,8.19838752441626e-10,8.25410015864447e-07,7.18176025898964e-07,1.83510978999518e-08,3.72798802006096e-07,3.00648325174172e-06,6.73547767253617e-05,1.18535937231046e-06,1.2216776408714e-06,2.40750740010398e-06
3.2772625391253e-07,4.79593755375873e-07,3.42773232020477e-09,8.18344681505212e-07,6.27508946554611e-07,1.74621092967342e-08,3.03604196368599e-06,5.84542244831021e-06,7.33637531204243e-05,8.86584564888104e-07,8.76649405102958e-07,1.68367776631762e-06
3.09554547439639e-07,4.19272244034374e-07,5.8979495731748e-09,7.88343510263467e-07,5.26991622895601e-07,1.6464446680152e-08,4.75002240034481e-06,7.98920648238047e-06,7.74585054669501e-05,6.38255945562341e-07,5.60437936451136e-07,1.10233939998317e-06
2.94153112645468e-07,3.63456688301511e-07,8.09183708927463e-09,7.39202333913114e-07,4.24052049058377e-07,1.51299930578955e-08,5.71755199711655e-06,9.44161131602414e-06,8.00285565385001e-05,4.39789990619444e-07,2.85082721165897e-07,6.48801947944477e-07
2.81439486493618e-07,3.12998671425646e-07,9.90982729209833e-09,6.75549598955216e-07,3.24213426994291e-07,1.33192667997259e-08,6.12940926017144e-06,1.02560187961783e-05,8.14235014111361e-05,2.86218100418317e-07,5.71750768084411e-08,3.07604271165829e-07
2.71206606283769e-07,2.68374187983866e-07,1.1289528978331e-08,6.02197406329719e-07,2.31175164427944e-07,1.09752665436794e-08,6.14990187335382e-06,1.05192680488116e-05,8.19506264111307e-05,1.70525687886308e-07,1.2134876104658e-07,6.34418075851073e-08
2.63174547265876e-07,2.29751540681278e-07,1.22013043002411e-08,5.23644967276304e-07,1.4707447767992e-07,8.11091244558651e-09,5.9112566656753e-06,1.03362196594479e-05,8.18762850547282e-05,8.53486326665015e-08,2.52073822610416e-07,9.7276675381508e-08
2.5703193617943e-07,1.97059139006583e-07,1.26424394286673e-08,4.43759185494996e-07,7.2826304681195e-08,4.79296687148217e-09,5.51387708636035e-06,9.81680911769341e-06,8.14284407044176e-05,2.37808649699439e-08,3.39145661176071e-07,1.87422184216857e-07
2.52467242001231e-07,1.70049293313213e-07,1.26308212777815e-08,3.65614263989067e-07,8.46407123555881e-09,1.12570741302772e-09,5.03017806601978e-06,9.06649874546772e-06,8.08009619334748e-05,1.99126780914965e-08,3.88072788432003e-07,2.172009752055e-07
2.49190836409952e-07,1.48355534745903e-07,1.21987857593098e-08,2.91456530576717e-07,4.65619376735504e-08,2.76538968335899e-09,4.50948647734737e-06,8.17971123025787e-06,8.01577743647936e-05,5.06730501222824e-08,4.05383498360001e-07,1.96415142150741e-07
2.46949124371731e-07,1.3154199662857e-07,1.13876291729653e-08,2.22756814938219e-07,9.31444852289576e-08,6.74552925767225e-09,3.98393839755652e-06,7.23682644470361e-06,7.96366593727306e-05,7.16146130765039e-08,3.97048692687973e-07,1.3262766340727e-07
2.45532063902765e-07,1.19144579313613e-07,1.02430273152265e-08,1.60303367441328e-07,1.3235412893442e-07,1.06807701125318e-08,3.47389657579411e-06,6.30340938245363e-06,7.9354228699627e-05,8.51984909757547e-08,3.69000403954711e-07,3.22695304921794e-08
2.44775315461077e-07,1.10704264200123e-07,8.81142003805735e-09,1.04321376065419e-07,1.65323916709315e-07,1.44459378775569e-08,2.9914543102887e-06,5.42996944186027e-06,7.94090997180471e-05,9.31241562734247e-08,3.26654538730653e-07,9.91945092732038e-08
2.4455829039649e-07,1.05792869353749e-07,7.13739323199292e-09,5.45985265609783e-08,1.93176012909003e-07,1.79297654219306e-08,2.54356170778301e-06,4.6530678076543e-06,7.98844911705094e-05,9.64325313230346e-08,2.74721669135669e-07,2.57005212667138e-07
2.44799134407891e-07,1.04031955716621e-07,5.26197396766293e-09,1.06032259361566e-08,2.16980039964912e-07,2.10376704316666e-08,2.13445265905792e-06,3.99696512855111e-06,8.08498421099858e-05,9.56453832974546e-08,2.17220675308161e-07,4.36697078498582e-07
2.45447455471393e-07,1.05105727898902e-07,3.22172100108986e-09,2.84105828030068e-08,2.3773214549716e-07,2.36929298029834e-08,1.76742494370364e-06,3.47529806972144e-06,8.2361074282941e-05,9.08822777537927e-08,1.57587461364905e-07,6.33586927367702e-07
2.46475386878053e-07,1.08768724249586e-07,1.04847119875018e-09,6.33137032246545e-08,2.56345392270901e-07,2.58368557663931e-08,1.44612737276947e-06,3.09247100762847e-06,8.44591478394516e-05,8.19493593496798e-08,9.88672730975471e-08,8.42122154232072e-07
2.47867396940826e-07,1.14848898169484e-07,1.23037535715298e-09,9.50257680876199e-08,2.73643663180334e-07,2.7428631500185e-08,1.17550081411023e-06,2.84449200036103e-06,8.7166431544259e-05,6.84084394235451e-08,4.39914280558895e-08,1.05503697123144e-06
2.49609099389758e-07,1.23246405747679e-07,3.59112184433741e-09,1.2444959324176e-07,2.90352489822066e-07,2.8445469912701e-08,9.62484822382123e-07,2.71899320868311e-06,9.04802493549876e-05,4.96398348424562e-08,3.85473145070314e-09,1.26225572338878e-06
2.5167524297931e-07,1.33927996248673e-07,6.0126275069905e-09,1.5241045331349e-07,3.07080950445737e-07,2.88838127317746e-08,8.16556298578764e-07,2.69416178835894e-06,9.43627864484185e-05,2.4917374739919e-08,4.07575108524183e-08,1.44948034808134e-06
2.54017041290133e-07,1.46916369736516e-07,8.4747373563232e-09,1.79593154403523e-07,3.24289126912847e-07,2.87624258572643e-08,7.50093030810596e-07,2.73625926463504e-06,9.87263824246986e-05,6.46653795267904e-09,6.14666158180177e-08,1.5964184286732e-06
2.56549136157247e-07,1.6227316645967e-07,1.09562127148521e-08,2.06467398511379e-07,3.42235568898119e-07,2.8128887095448e-08,7.78372582899814e-07,2.79528298058644e-06,0.000103413218325922,4.49252824555151e-08,5.85892933127607e-08,1.67468441791829e-06
2.59136807567728e-07,1.80073396416347e-07,1.34320381484088e-08,2.3319067182781e-07,3.60900395943164e-07,2.70671094600161e-08,9.19710486698291e-07,2.79904625798482e-06,0.000108168472143955,9.07241455069124e-08,2.21504924333149e-08,1.64537743996274e-06
2.61584414795735e-07,2.00368341030099e-07,1.58699804408968e-08,2.59479641134819e-07,3.79886733153922e-07,2.57107814942772e-08,1.19480616598695e-06,2.64499005426415e-06,0.000112606841472296,1.42968611744156e-07,6.17164315694363e-08,1.45692930852981e-06
2.63626950158802e-07,2.23132952115179e-07,1.8226317344272e-08,2.84429678643061e-07,3.98297855336294e-07,2.42627675238298e-08,1.62466250464822e-06,2.18981725269492e-06,0.000116174019304673,1.99194794676879e-07,2.11115196380174e-07,1.0437933963825e-06
