step,T,L,M,N,T_ref,L_ref,M_ref,N_ref
1,3.1269081342689,0.0881613736384552,-0.149999999999383,0.0499997843671819,2.65213813554272,-8.64217747426831e-06,-5.28494738375149e-22,-4.97038415914366e-22
2,2.82794495488379,-0.0434321698337353,0.0604771348759345,0.00967954377493079,2.65213652742475,-8.63412530596609e-06,1.46020137352761e-06,-0.000177754934861443
3,3.07777769391399,-0.0437793702922225,0.0431838442342675,-0.00942772157617672,2.65213170707916,-8.61012319790006e-06,2.90867591757681e-06,-0.000351131832014122
4,2.9807190678188,0.0061628865503542,0.04159738203088,0.002224451707065,2.6521236865209,-8.57062646683884e-06,4.33402883751703e-06,-0.000516017527498705
5,2.83073193273707,-0.00633889314122323,0.0290147275857307,-0.00309061247721803,2.65211248574177,-8.5163685029113e-06,5.72550659250444e-06,-0.000668799140062547
6,2.712657045957,0.000544890643291006,0.0152468406736331,-0.00227041339072676,2.6520981326608,-8.44832515059639e-06,7.07326329057507e-06,-0.000806545718795665
7,2.64207413586588,0.00119579155283284,0.00696877486764835,-0.00231349879295878,2.65208066305495,-8.36766960107937e-06,8.3685693340638e-06,-0.000927120869466615
8,2.61440615277175,0.00153077173984962,0.00139116550583795,-0.00218229068994372,2.65206012047031,-8.27572167991949e-06,9.60395382143148e-06,-0.00102922184384005
9,2.61492400593543,0.00134066948654774,-0.00206965735137513,-0.00201870806128033,2.65203655611403,-8.17389549201706e-06,1.07732789140157e-05,-0.00111235069552185
10,2.62951952128991,0.00091426017975524,-0.0041125451994049,-0.00183879684749223,2.65201002872716,-8.06364900108946e-06,1.18717503636418e-05,-0.00117673075412607
11,2.64791450004128,0.000423188060914825,-0.00519201945785927,-0.00165617439136977,2.65198060443888,-7.94643840274599e-06,1.28958729658405e-05,-0.00122318588763871
12,2.66398418259685,-4.31400143799679e-05,-0.00560701572435116,-0.00148138216908145,2.65194835660224,-7.82367925892249e-06,1.38433625180409e-05,-0.00125300079390892
13,2.67494031600116,-0.000434376088858389,-0.00556890301077378,-0.00132123460461702,2.65191336561205,-7.6967154498409e-06,1.47130269378996e-05,-0.00126777858527959
14,2.68024673852509,-0.000728165625335119,-0.00523179233991946,-0.00117976779756163,2.65187571870518,-7.56679618670299e-06,1.55046288101683e-05,-0.00126930826021514
15,2.68065219674114,-0.000920632951009721,-0.00471106193565087,-0.00105887017376197,2.6518355097439,-7.43506068683246e-06,1.62187401981491e-05,-0.00125945035858195
16,2.67746725268694,-0.00101950743873298,-0.00409312631809002,-0.000958796543534161,2.65179283898266,-7.30252967067774e-06,1.68565985231168e-05,-0.00124004501701053
17,2.6720919438125,-0.00103903382095002,-0.00344142087399685,-0.000878585714682795,2.65174781281899,-7.17010258918349e-06,1.74199700741204e-05,-0.0012128433017162
18,2.66575091029558,-0.000996257700633289,-0.00280082970895271,-0.000816410517325961,2.65170054352907,-7.03855940015074e-06,1.79110255564598e-05,-0.00117946031513822
19,2.65937875780584,-0.000908481203861055,-0.00220140069805483,-0.000769882470073059,2.65165114898863,-6.90856574278424e-06,1.83322302074075e-05,-0.00114134713465163
20,2.65360203693416,-0.000791663875101155,-0.00166158563804548,-0.000736317095457911,2.65159975237988,-6.78068046941249e-06,1.86862494939919e-05,-0.00109977799293469
21,2.64877503605182,-0.000659539322514782,-0.00119102761763911,-0.00071295716781853,2.65154648188517,-6.65536464641293e-06,1.89758702783203e-05,-0.00105584904078028
22,2.64503893071888,-0.000523239790440398,-0.000792888357987832,-0.00069714976742679,2.65149147036815,-6.53299130474633e-06,1.92039365614124e-05,-0.00101048533627536
23,2.64238487967109,-0.00039125942282535,-0.000465735708198008,-0.000686475712120647,2.65143485504322,-6.41385538479385e-06,1.93732984414506e-05,-0.000964453205078952
24,2.64071028964022,-0.000269629092347821,-0.00020503937389676,-0.000678833662699881,2.65137677713401,-6.29818346848123e-06,1.94867726821472e-05,-0.000918375686271081
25,2.639863544004,-0.000162212253064888,-4.33533411787359e-06,-0.000672484217788756,2.65131738152191,-6.18614301800958e-06,1.95471132188677e-05,-0.000872749332559231
26,2.6396763379575,-7.10591681315301e-05,0.000143881925708153,-0.000666061078403969,2.65125681638528,-6.07785094314748e-06,1.95569899794515e-05,-0.000827961124777338
27,2.63998489572065,3.22330370913321e-06,0.00024748858921639,-0.000658556964002031,2.6511952328304,-5.97338139895712e-06,1.95189745190236e-05,-0.000784304667691846
28,2.64064227961479,6.11153039974928e-05,0.000314241059863649,-0.000649291713278007,2.65113278451508,-5.87277277553499e-06,1.94355311298758e-05,-0.000741995153878596
29,2.64152417795054,0.000103859891272089,0.000351432984691914,-0.000637869223144815,2.65106962726569,-5.77603388402006e-06,1.93090122646503e-05,-0.000701182821836909
30,2.64253031671219,0.000133182634969535,0.000365672576005507,-0.000624128820413696,2.65100591868883,-5.68314937204159e-06,1.91416572874491e-05,-0.00066196480546355
31,2.64358321504898,0.000151060295844604,0.000362756811454801,-0.000608095502392518,2.65094181777829,-5.59408442000121e-06,1.89355937330952e-05,-0.000624395387853733
32,2.64462554563398,0.000159539358599253,0.000347621695572627,-0.000589932345888156,2.65087748451853,-5.50878877976634e-06,1.86928404040834e-05,-0.000588494745858887
33,2.64561695018279,0.000160601722151487,0.000324349933022276,-0.000569897346395332,2.6508130794856,-5.42720022170707e-06,1.84153117653938e-05,-0.000554256314013621
34,2.64653083317271,0.000156072502195196,0.000296219530415019,-0.000548306054813656,2.65074876344639,-5.34924745629666e-06,1.81048232090064e-05,-0.000521652916455758
35,2.64735141888472,0.000147563549016248,0.000265779170561976,-0.000525500647927696,2.65068469695733,-5.27485259408343e-06,1.7763096853601e-05,-0.000490641820437476
36,2.6480711980315,0.000136445770776152,0.000234938661280439,-0.000501825502883096,2.65062103996347,-5.20393320375464e-06,1.73917676222303e-05,-0.000461168860337971
37,2.64868879347779,0.000123843484483729,0.00020506522964983,-0.000477608934963773,2.65055795139904,-5.13640402299649e-06,1.69923894036774e-05,-0.000433171770649305
38,2.64920722215558,0.000110644595142191,0.000177078771347299,-0.000453150483479494,2.65049558879034,-5.07217837144161e-06,1.65664411538041e-05,-0.000406582852965566
39,2.6496325068169,9.75212470221592e-05,0.000151541257539219,-0.000428712971885373,2.65043410786207,-5.01116930954246e-06,1.61153328333941e-05,-0.000381331087420423
40,2.64997258490481,8.49565507874336e-05,0.000128737276252125,-0.000404518500975572,2.65037366214805,-4.95329058195493e-06,1.56404111105907e-05,-0.000357343784491911
41,2.65023646431704,7.32739554968385e-05,0.000108744112072149,-0.0003807475370177,2.65031440260731,-4.89845737910208e-06,1.5142964780566e-05,-0.000334547859355592
42,2.65043358199115,6.26667301264525e-05,9.14908541826153e-05,-0.000357540309405804,2.65025647724652,-4.84658694609184e-06,1.46242298738907e-05,-0.00031287079841911
43,2.65057332813978,5.32258011959532e-05,7.68068006875624e-05,-0.000334999817371997,2.65020003074969,-4.79759906411461e-06,1.40853944393448e-05,-0.000292241376491718
44,2.65066470522819,4.49648417854805e-05,6.44599421037221e-05,-0.000313195848098559,2.65014520411609,-4.75141642585272e-06,1.35276029975414e-05,-0.000272590173266774
45,2.65071609595585,3.78420199925896e-05,5.41866099082264e-05,-0.000292169517595892,2.65009213430732,-4.70796492327108e-06,1.29519606695252e-05,-0.000253849929370473
46,2.65073511860548,3.17782010404334e-05,4.57135171292369e-05,-0.000271937952799545,2.65004095390435,-4.66717386340156e-06,1.23595369900718e-05,-0.000235955775052921
47,2.65072855137842,2.66716719851116e-05,3.87734413595799e-05,-0.000252498832283384,2.64999179077554,-4.62897612534497e-06,1.17513694192617e-05,-0.000218845358540588
48,2.65070230999875,2.24096399722239e-05,3.31157443937407e-05,-0.000233834590052261,2.64994476775627,-4.59330826965844e-06,1.11284665684432e-05,-0.000202458895997124
49,2.65066146515064,1.88768628548665e-05,2.85128169144012e-05,-0.000215916160519865,2.6499000023412,-4.56011060953202e-06,1.04918111582505e-05,-0.000186739160820002
50,2.65061028835269,1.59618223807751e-05,2.47634044042279e-05,-0.00019870620218247,2.64985760638981,-4.52932725165431e-06,9.84236272715632e-06,-0.000171631426509973
51,2.65055231674757,1.35608604970468e-05,2.16936285022963e-05,-0.000182161783376708,2.649817685846,-4.50090611338565e-06,9.18106010932152e-06,-0.000157083374476971
52,2.65049042902019,1.15806815180738e-05,1.91563779232256e-05,-0.000166236547032838,2.6497803404725,-4.47479892177213e-06,8.50882370039552e-06,-0.000143044975791053
53,2.65042692625369,9.93958737156847e-06,1.70296121537873e-05,-0.000150882394184075,2.64974566360066,-4.45096119901474e-06,7.82655752955593e-06,-0.000129468353964316
54,2.65036361297426,8.56776791456886e-06,1.52140038385968e-05,-0.000136050739987509,2.64971374189642,-4.42935223823182e-06,7.13515115553224e-06,-0.000116307634285852
55,2.65030187490831,7.40691916473556e-06,1.3630243918037e-05,-0.000121693402666322,2.64968465514289,-4.40993507269985e-06,6.43548140371372e-06,-0.000103518783964131
56,2.65024275106642,6.4094135781087e-06,1.22162477161886e-05,-0.000107763187479065,2.64965847604018,-4.39267644120724e-06,5.7284139607439e-06,-9.10594463072776e-05
57,2.65018699867706,5.53720075094365e-06,1.09244296169807e-05,-9.42142250405648e-05,2.64963527002301,-4.37754675169281e-06,5.01480484229412e-06,-7.88887713476051e-05
58,2.65013515022237,4.7605767601716e-06,9.71915755686526e-06,-8.10021219585343e-05,2.64961509509647,-4.36452004495138e-06,4.29550174901528e-06,-6.69672446561197e-05
59,2.65008756239353,4.05691942067535e-06,8.57445344791831e-06,-6.80839556002941e-05,2.64959800169049,-4.35357395986195e-06,3.57134532500925e-06,-5.52565155656256e-05
60,2.6500444571975,3.40947105550459e-06,7.47197495279485e-06,-5.54181838647442e-05,2.6495840325332,-4.34468970131667e-06,2.84317033255841e-06,-4.37192256029726e-05
61,2.65000595573736,2.80620863813523e-06,6.39928605612062e-06,-4.29644820334591e-05,2.64957322254372,-4.33785201179483e-06,2.11180675630874e-06,-3.2318837602031e-05
62,2.64997210536941,2.23882848709403e-06,5.34840826065778e-06,-3.06835258643759e-05,2.64956559874448,-4.33304914732667e-06,1.37808084963184e-06,-2.1019465713185e-05
63,2.64994290103627,1.70186689219006e-06,4.31463446952007e-06,-1.85367674036253e-05,2.64956118019338,-4.33027285841862e-06,6.42816135494348e-07,-9.78570632978847e-06
64,2.64991830160869,1.19195344886911e-06,3.29557798722903e-06,-6.4861684473809e-06,2.64955997793595,-4.32951837636098e-06,-9.31656261533936e-08,1.41753019268691e-06
65,2.64989824204715,7.07197756301616e-07,2.29042870152263e-06,5.50599268481557e-06,2.64956199497762,-4.33078440520385e-06,-8.29043492695371e-07,1.2625187250602e-05
66,2.64988264215059,2.466927291981e-07,1.29938437932532e-06,1.74773816240525e-05,2.64956722627614,-4.33407311956286e-06,-1.56399640325455e-06,2.38722294285465e-05
67,2.6498714125809,-1.89870929765879e-07,3.23229615179367e-07,2.9465816868228e-05,2.64957565875431,-4.33939016829782e-06,-2.29720224163723e-06,3.51938099764751e-05
68,2.64986445877272,-6.02497346167815e-07,-6.36965886838383e-07,4.15094741250893e-05,2.64958727133273,-4.34674468399185e-06,-3.02783688625925e-06,4.66254386417051e-05
69,2.64986168324918,-9.91098171889724e-07,-1.58005358180212e-06,5.36470778605123e-05,2.6496020349828,-4.35614929803825e-06,-3.75507323540291e-06,5.82031501324099e-05
70,2.64986298677837,-1.35563951864115e-06,-2.50493830375192e-06,6.59180815398276e-05,2.64961991279951,-4.36762016101663e-06,-4.47808019597804e-06,6.9963673416458e-05
71,2.64986826872489,-1.69623587581245e-06,-3.41065451291307e-06,7.83628367637704e-05,2.64964086009418,-4.381176967901e-06,-5.19602162370277e-06,8.19446019475735e-05
72,2.6498774268773,-2.01320286935175e-06,-4.29640165438244e-06,9.1022762380684e-05,2.64966482450657,-4.39684298748602e-06,-5.9080552022822e-06,9.41845647540503e-05
73,2.64989035696768,-2.30707799889589e-06,-5.16155066229959e-06,0.000103940495052771,2.64969174613632,-4.41464509523952e-06,-6.61333124874807e-06,0.000106723398115646
74,2.649906952045,-2.57861915101821e-06,-6.00563149213292e-06,0.000117160045098469,2.64972155769327,-4.43461380858172e-06,-7.31099143163214e-06,0.000119602317281272
75,2.64992710181796,-2.82878707835876e-06,-6.82830896281262e-06,0.000130726948231743,2.64975418466635,-4.45678332334558e-06,-8.00016738808858e-06,0.000132864087330256
76,2.6499506920454,-3.05871770620792e-06,-7.6293525433056e-06,0.000144688412219996,2.6497895455105,-4.48119154988723e-06,-8.67997922546125e-06,0.000146553191836289
77,2.64997760402353,-3.26968891781669e-06,-8.40860408853672e-06,0.00015909346079571,2.64982755185126,-4.50788014697032e-06,-9.34953389212434e-06,0.000160715997434826
78,2.65000771419658,-3.46308516232602e-06,-9.1659462832048e-06,0.000173993072412689,2.64986810870643,-4.53689455114343e-06,-1.00079234017246e-05,0.000175400911695714
79,2.65004089390081,-3.64036241926993e-06,-9.90127357924502e-06,0.000189440311078208,2.64991111472432,-4.56828399884529e-06,-1.06542228942438e-05,0.000190658530831889
80,2.65007700924044,-3.80301529017456e-06,-1.06144666068522e-05,0.000205490445165761,2.64995646243782,-4.60210153789834e-06,-1.12874885166105e-05,0.000206541772693775
81,2.65011592108587,-3.95254734813682e-06,-1.13053705213824e-05,0.000222201048557237,2.65000403853387,-4.63840402436745e-06,-1.19067551049686e-05,0.000223105989161761
82,2.65015748518056,-4.09044545428929e-06,-1.19737773110423e-05,0.000239632076632038,2.65005372413747,-4.6772520999521e-06,-1.2511033650199e-05,0.000240409050400699
83,2.65020155233995,-4.2181582433042e-06,-1.26194118199203e-05,0.00025784590748489,2.65010539510958,-4.71871014412034e-06,-1.30993085279872e-05,0.00025851139141575
84,2.650247968726,-4.33707887335701e-06,-1.32419211015466e-05,0.000276907336133671,2.65015892235811,-4.76284619406149e-06,-1.36705344747021e-05,0.000277476008871217
85,2.6502965761808,-4.44853175396128e-06,-1.38408665391152e-05,0.000296883506431698,2.65021417216134,-4.80973182419934e-06,-1.42236332907557e-05,0.000297368393114354
86,2.65034721260499,-4.55376296326714e-06,-1.441571826171e-05,0.000317843761670251,2.65027100650272,-4.85944197544134e-06,-1.47574902540916e-05,0.000318256376682119
87,2.65039971236775,-4.65393389002413e-06,-1.49658512558581e-05,0.00033985939043352,2.65032928341649,-4.91205472250464e-06,-1.52709502282271e-05,0.000340209876145669
88,2.65045390673764,-4.75011766432242e-06,-1.54905426946723e-05,0.000363003238958516,2.65038885734296,-4.96765096552357e-06,-1.57628134521087e-05,0.000363300498838695
89,2.65050962432562,-4.84329785951049e-06,-1.59889700449416e-05,0.000387349154950393,2.65044957949279,-5.02631402966399e-06,-1.62318310032861e-05,0.000387600979687804
90,2.65056669153333,-4.93436901839074e-06,-1.64602095086367e-05,0.000412971220355623,2.65051129821918,-5.08812915361462e-06,-1.66766999319806e-05,0.000413184405881611
91,2.65062493300147,-5.02413857479315e-06,-1.69032345343815e-05,0.000439942721863746,2.65057385939719,-5.1531828445552e-06,-1.70960580720689e-05,0.000440123178356825
92,2.65068417205484,-5.11332978612854e-06,-1.73169140850859e-05,0.000468334797820983,2.65063710680908,-5.22156207349409e-06,-1.74884785464799e-05,0.000468487648950957
93,2.65074423114143,-5.20258537764783e-06,-1.77000105215176e-05,0.00049821468871289,2.65070088253477,-5.2933532807049e-06,-1.78524639998278e-05,0.000498344360537472
94,2.65080493226436,-5.29247164952621e-06,-1.80511769415728e-05,0.000529643505510196,2.6507650273465,-5.36864115638599e-06,-1.81864406112664e-05,0.000529753804585779
95,2.65086609740582,-5.38348294434356e-06,-1.8368954011487e-05,0.000562673416130472,2.65082938110661,-5.44750715665593e-06,-1.84887519667416e-05,0.000562767596602415
96,2.65092754894271,-5.47604638775343e-06,-1.86517663105011e-05,0.000597344135561868,2.65089378316747,-5.5300277096774e-06,-1.87576529034298e-05,0.000597424955283702
97,2.65098911005404,-5.5705269340547e-06,-1.88979184175682e-05,0.000633678590649659,2.65095807277257,-5.61627206123271e-06,-1.89913034818097e-05,0.000633748356778602
98,2.65105060511982,-5.66723280501399e-06,-1.91055910744713e-05,0.000671677617439452,2.65102208945778,-5.70629970372176e-06,-1.91877632943373e-05,0.000671738222572531
99,2.65111186011122,-5.76642133157535e-06,-1.92728379178241e-05,0.00071131353954296,2.65108567345178,-5.80015732771368e-06,-1.9344986386067e-05,0.000711366490219343
100,2.65117270297128,-5.86830519806118e-06,-1.93975835020628e-05,0.000752522473107339,2.65114866607457,-5.89787523144055e-06,-1.94608171438205e-05,0.000752568913484672
101,2.651232963985,-5.97305876450977e-06,-1.94776234521772e-05,0.000795195212176379,2.65121091013322,-5.99946312178298e-06,-1.95329876085762e-05,0.000795235946671758
102,2.65129247613744,-6.08082386813181e-06,-1.95106277495323e-05,0.000839166573237103,2.65127225031381,-6.10490524147118e-06,-1.95591167821664e-05,0.000839202092775216
103,2.65135107545802,-6.19171405059127e-06,-1.94941481846882e-05,0.000884203127406172,2.65133253356847,-6.21415476287153e-06,-1.95367126348274e-05,0.000884233644267527
104,2.6514086013498,-6.30581571046579e-06,-1.94256308850569e-05,0.000929989332622559,2.65139160949679,-6.32712740072015e-06,-1.94631776739116e-05,0.000930014828390245
105,2.65146489690312,-6.4231844466801e-06,-1.93024345875436e-05,0.000976112207918607,2.65144933072044,-6.44369421682556e-06,-1.93358191030765e-05,0.000976132497366214
106,2.65151980919477,-6.5438350011748e-06,-1.91218548742901e-05,0.0010220448803987,2.65150555325022,-6.56367362186217e-06,-1.91518647790088e-05,0.00102205969098339
107,2.65157318957535,-6.66772379374955e-06,-1.88811543120745e-05,0.00106712959452371,2.65156013684455,-6.68682262604815e-06,-1.8908486347812e-05,0.00106713865773878
108,2.65162489394995,-6.79472427256191e-06,-1.85775981449654e-05,0.00111056111404379,2.65161294535854,-6.8128274550383e-06,-1.86028310976167e-05,0.00111056426222403
109,2.65167478305842,-6.92459778740846e-06,-1.82084951657706e-05,0.00115137188486054,2.65166384708278,-6.94129373283887e-06,-1.82320641714168e-05,0.00115136913565622
110,2.65172272276157,-7.05696264388882e-06,-1.77712447555309e-05,0.00118842081341702,2.65171271507099,-7.07173654217578e-06,-1.77934228083521e-05,0.00118841243646249
111,2.65176858433827,-7.19126751114732e-06,-1.72633914570386e-05,0.00122038810186892,2.65175942745584,-7.20357080494482e-06,-1.72842841755733e-05,0.00122037465183994
112,2.65181224479432,-7.32677382569672e-06,-1.66826903166515e-05,0.00124577912289868,2.6518038677519,-7.3361025784823e-06,-1.6702248059312e-05,0.00124576143312904
113,2.65185358717989,-7.46255112812689e-06,-1.60271868255813e-05,0.00126294078642883,2.65184592514532,-7.46852203011203e-06,-1.60452351388825e-05,0.0012629199226289
114,2.65189250090684,-7.59748726952934e-06,-1.52953153717084e-05,0.0012700940752167,2.65188549476926,-7.59989901908367e-06,-1.53116007075645e-05,0.00127007125660577
115,2.65192888205425,-7.73031206873015e-06,-1.44860182439853e-05,0.00126538623372836,2.65192247796446,-7.72918236008882e-06,-1.45002624789835e-05,0.00126536273412046
116,2.65196263364945,-7.85963114863631e-06,-1.35988843401872e-05,0.00124696526690436,2.65195678252442,-7.85520393595734e-06,-1.3610839507019e-05,0.00124694231158944
117,2.65199366591347,-7.98396560354011e-06,-1.26343027674651e-05,0.00121307774313488,2.65198832292448,-7.97668883122041e-06,-1.2643797285978e-05,0.00121305641682144
118,2.65202189646441,-8.10179312194334e-06,-1.15936221240134e-05,0.00116218826921069,2.6520170205342,-8.09227253120499e-06,-1.16005918997664e-05,0.00116216944661133
119,2.65204725047743,-8.21158785617375e-06,-1.0479302792024e-05,0.00109311544827411,2.65204280381269,-8.2005259341723e-06,-1.04838038684122e-05,0.00109309975364955
120,2.65206966080544,-8.31185812369998e-06,-9.29504722999484e-06,0.00100517493437097,2.65206560848622,-8.29998843084151e-06,-9.29725041939308e-06,0.00100516273068612
121,2.65208906806799,-8.40118241101323e-06,-8.0458926857753e-06,0.000898315966141851,2.65208537770785,-8.38920861644916e-06,-8.04606370087624e-06,0.000898307370149341
122,2.65210542071769,-8.47824491443528e-06,-6.73825191095685e-06,0.000773234414183136,2.65210206219849,-8.46679135380111e-06,-6.73672240148882e-06,0.000773229330472979
123,2.65211867509271,-8.5418715445204e-06,-5.37989040541516e-06,0.000631444000603271,2.65211562036931,-8.53144898639446e-06,-5.37702573939407e-06,0.000631442166922673
124,2.65212879546192,-8.59106628331551e-06,-3.97983316490643e-06,0.000475288948299288,2.65212601842488,-8.58205363789452e-06,-3.97600205340379e-06,0.000475289984784294
125,2.65213575406613,-8.62504638360368e-06,-2.54819971706798e-06,0.000307886439306985,2.65213323044713,-8.61768688587952e-06,-2.54374920347288e-06,0.000307889895815618
126,2.65213953115601,-8.64327383285966e-06,-1.09597255617955e-06,0.000132995664440488,2.65213723845964,-8.63768282003707e-06,-1.09121023633297e-06,0.000133001061946229
127,2.65214011502506,-8.64547991382926e-06,3.65289234455971e-07,-4.51792729967808e-05,2.65213803247223,-8.6416607031423e-06,3.70105493227833e-07,-4.51724090966187e-05
128,2.65213750203408,-8.63167961513898e-06,1.8237736578219e-06,-0.000222234797966158,2.65213561050579,-8.62954418348245e-06,1.82843936432556e-06,-0.000222226913287894
129,2.65213169662334,-8.60217365824987e-06,3.26775518244748e-06,-0.00039383560860002,2.6521299785972,-8.60156519450919e-06,3.27211773207709e-06,-0.000393827103512085
130,2.6521227113086,-8.55753706028809e-06,4.6859265236989e-06,-0.000555974748459943,2.65212115078428,-8.55825215726462e-06,4.68988027872379e-06,-0.000555965968976794
131,2.65211056665793,-8.49859481604832e-06,6.06770067339547e-06,-0.000705197390858201,2.65210914907103,-8.50040364243744e-06,6.07118011577963e-06,-0.000705188626746208
132,2.65209529124675,-8.42638607324758e-06,7.40346422114109e-06,-0.000838766044379826,2.65209400337298,-8.42905000623816e-06,7.40643673218028e-06,-0.000838757526114481
133,2.65207692159019,-8.3421210890875e-06,8.684769812217e-06,-0.000954754554222113,2.65207575144296,-8.34540648487255e-06,8.68722840516904e-06,-0.000954746459076714
134,2.65205550205229,-8.24713296381466e-06,9.90446039605666e-06,-0.00105206910891695,2.65205443877737,-8.25082169987233e-06,9.90641729341475e-06,-0.00105206156746936
135,2.6520310847322,-8.14282857984494e-06,1.10567257241848e-05,-0.00113040407339893,2.65203011850328,-8.14672547842382e-06,1.10582070378499e-05,-0.00113039717483506
136,2.65200372932824,-8.03064214796579e-06,1.2137097011465e-05,-0.00119014730419433,2.65200285124651,-8.03457940951742e-06,1.21381383766316e-05,-0.00119014110278828
137,2.65197350298105,-7.91199355655138e-06,1.31423892958482e-05,-0.0012322529235825,2.65197270498115,-7.91583277932173e-06,1.31430324222337e-05,-0.00123224744493892
138,2.65194048009671,-7.78825338003327e-06,1.4070603608326e-05,-0.00125809951339863,2.65193975486073,-7.79188561926967e-06,1.40708936094341e-05,-0.00125809476017122
139,2.65190474215141,-7.66071533726377e-06,1.49208016651126e-05,-0.00126934917910377,2.65190408303166,-7.66405970419825e-06,1.49207849947178e-05,-0.0012693451360741
140,2.6518663774785,-7.53057633714151e-06,1.56929650074819e-05,-0.00126781901101906,2.65186577842911,-7.53357756333326e-06,1.56926878938856e-05,-0.00126781564946137
141,2.65182548103899,-7.39892362410651e-06,1.63878489789911e-05,-0.00125537215943998,2.65182493655617,-7.40154897482926e-06,1.63873562192432e-05,-0.00125536944080881
142,2.65178215417664,-7.26672816068779e-06,1.70068397051186e-05,-0.00123383181131432,2.65178165924654,-7.26896402258436e-06,1.70061737586406e-05,-0.00123382969029684
143,2.65173650435792,-7.13484320137068e-06,1.75518200838655e-05,-0.00120491824985316,2.65173605441148,-7.13669158737209e-06,1.75510203960376e-05,-0.00120491667685575
144,2.65168864489814,-7.00400691857076e-06,1.80250486402865e-05,-0.00117020704463552,2.65168823577159,-7.00548208894132e-06,1.8024151174995e-05,-0.00117020596778068
145,2.65163869467385,-6.87484801503831e-06,1.84290533884662e-05,-0.0011311051994736,2.65163832257415,-6.87597335012755e-06,1.84280903140788e-05,-0.00113110456619061
146,2.65158677782245,-6.74789338058133e-06,1.87665413329292e-05,-0.00108884160399783,2.65158643929658,-6.7486985778689e-06,1.87655408673011e-05,-0.00108884136225636
147,2.65153302342947,-6.62357694510607e-06,1.9040323303083e-05,-0.00104446817891039,2.65153271533689,-6.62409561523821e-06,1.90393096873618e-05,-0.00104446827817807
148,2.65147756520427,-6.50224913838829e-06,1.92532530828433e-05,-0.000998868472859771,2.65147728469179,-6.50251678746167e-06,1.9252246656598e-05,-0.000998868864819571
149,2.65142054114454,-6.38418642020484e-06,1.94081793633977e-05,-0.000952770997417679,2.65142028562326,-6.38423882599158e-06,1.94071967411048e-05,-0.000952771636490398
150,2.65136209319063,-6.2696005362701e-06,1.95079089140328e-05,-0.000906765158856136,2.65136186031451,-6.26947249780321e-06,1.95069632325603e-05,-0.000906766002569173
151,2.65130236687024,-6.15864728249574e-06,1.95551792927275e-05,-0.000861318187048878,2.65130215451595,-6.1583716874544e-06,1.95542805087159e-05,-0.000861319196268488
152,2.65124151093428,-6.05143458662855e-06,1.95526394867257e-05,-0.00081679193278005,2.65124131718232,-6.05104177616086e-06,1.95517947150674e-05,-0.000816793071840929
153,2.65117967698468,-5.94802986137833e-06,1.95028370371193e-05,-0.00077345878954375,2.65117950010168,-5.94754723666514e-06,1.95020509053314e-05,-0.000773460026290714
154,2.6511170190953,-5.84846659521529e-06,1.9408210341257e-05,-0.000731516294379376,2.6511168575172,-5.84791841776205e-06,1.94074853459562e-05,-0.000731517600134909
155,2.65105369342636,-5.75275017317646e-06,1.92710850054394e-05,-0.000691100183124758,2.65105354574284,-5.75215753122702e-06,1.92704218681141e-05,-0.000691101532605238
156,2.65098985783384,-5.66086299214325e-06,1.90936733231318e-05,-0.000652295831244835,2.65098972277364,-5.66024387983198e-06,1.9093071325021e-05,-0.00065229720242413
157,2.65092567147444,-5.57276889810087e-06,1.88780760912965e-05,-0.000615148115310578,2.65092554789178,-5.57213838108534e-06,1.88775333742872e-05,-0.00061514948925403
158,2.6508612944072,-5.48841700093315e-06,1.86262860963784e-05,-0.000579669794817617,2.65086118126931,-5.48778744984918e-06,1.86257999497102e-05,-0.000579671155489912
159,2.65079688719296,-5.40774496256175e-06,1.83401928145759e-05,-0.00054584854980095,2.65079678356849,-5.40712630616393e-06,1.83397599127253e-05,-0.00054584988385458
160,2.65073261049227,-5.3306817655214e-06,1.80215878649269e-05,-0.000513652825306753,2.65073251554087,-5.33008177409779e-06,1.80212044806997e-05,-0.000513654121860817
161,2.65066862466322,-5.25715009899106e-06,1.76721709458821e-05,-0.000483036635098655,2.65066853762596,-5.25657463452015e-06,1.76718331185986e-05,-0.000483037886287865
162,2.65060508935982,-5.18706823553872e-06,1.72935559582809e-05,-0.000453943474937811,2.65060500955065,-5.18652159031188e-06,1.72932596540125e-05,-0.000453944674357472
163,2.65054216313209,-5.12035174311636e-06,1.68872772006266e-05,-0.000426309475319229,2.65054208993015,-5.11983689736846e-06,1.68870184351567e-05,-0.00042631061687567
164,2.65048000302919,-5.05691503047245e-06,1.64547955820453e-05,-0.000400065914047956,2.65047993587177,-5.05643370929848e-06,1.64545703992285e-05,-0.000400066994729126
165,2.65041876420555,-4.99667208412743e-06,1.59975041648902e-05,-0.000375141207733149,2.6504187025822,-4.99622517830046e-06,1.59973089563775e-05,-0.000375142225462723
166,2.65035859953242,-4.93953771542589e-06,1.55167342943216e-05,-0.000351462458269852,2.65035854297953,-4.93912534952249e-06,1.5516565624207e-05,-0.000351463412284467
167,2.65029965921504,-4.88542818304485e-06,1.50137607707987e-05,-0.00032895664373849,2.65029960731085,-4.88504988139449e-06,1.50136153707023e-05,-0.000328957534379765
168,2.65024209041592,-4.83426173553904e-06,1.44898066577847e-05,-0.000307551516813161,2.65024204277641,-4.83391662003943e-06,1.44896816410603e-05,-0.000307552345205345
169,2.65018603688628,-4.78595919832128e-06,1.39460483805284e-05,-0.000287176266653422,2.65018599316134,-4.78564605193765e-06,1.39459410571599e-05,-0.00028717703460996
170,2.6501316386057,-4.74044428000914e-06,1.33836198399494e-05,-0.000267761991264521,2.65013159847577,-4.74016165553523e-06,1.33835277882608e-05,-0.000267762701203009
171,2.65007903143126,-4.69764387892027e-06,1.28036165191035e-05,-0.000249242018481277,2.65007899460439,-4.69739016943137e-06,1.28035375986891e-05,-0.000249242673294295
172,2.6500283467569,-4.65748828061766e-06,1.22070992915051e-05,-0.000231552107065221,2.65002831296615,-4.65726179211881e-06,1.22070315833535e-05,-0.000231552709847152
173,2.64997971118403,-4.61991134011047e-06,1.15950978007702e-05,-0.00021463055281883,2.64997968018513,-4.6197103259514e-06,1.15950396054191e-05,-0.000214631107092262
174,2.64993324620405,-4.58485056545866e-06,1.09686136218846e-05,-0.00019841822225878,2.64993321777333,-4.5846732760332e-06,1.09685634527294e-05,-0.000198418731605446
175,2.64988906789365,-4.55224720895502e-06,1.0328623183834e-05,-0.000182858528530916,2.6498890418262,-4.55209191302956e-06,1.03285797309076e-05,-0.000182858996629042
176,2.64984728662371,-4.52204630507004e-06,9.67608040832396e-06,-0.00016789736442349,2.64984726273167,-4.52191130745548e-06,9.67604251173346e-06,-0.000167897795092272
177,2.64980800678232,-4.4941966755172e-06,9.01191908151622e-06,-0.000153483003119624,2.64980798489342,-4.49408034176787e-06,9.01188575556162e-06,-0.000153483400052682
178,2.64977132651297,-4.46865095199789e-06,8.33705518849561e-06,-0.000139565974053542,2.64977130646914,-4.46855170554752e-06,8.33702552636309e-06,-0.000139566341042788
179,2.6497373374682,-4.44536553797534e-06,7.65238876641951e-06,-0.000126098922304993,2.64973731912438,-4.44528187817592e-06,7.65236201755416e-06,-0.000126099262980703
180,2.64970612457962,-4.42430061241303e-06,6.95880593851829e-06,-0.000113036454848338,2.64970610780259,-4.42423110266911e-06,6.95878140620232e-06,-0.000113036772820147
181,2.64967776584475,-4.40542007165509e-06,6.25718045306978e-06,-0.000100334979170638,2.64967775051212,-4.40536335370523e-06,6.2571575525354e-06,-0.000100335277913873
182,2.64965233213114,-4.38869152687425e-06,5.54837533589912e-06,-8.79525361987311e-05,2.64965231813041,-4.3886463023552e-06,5.54835356097669e-06,-8.7952819095002e-05
183,2.64962988699844,-4.37408623918684e-06,4.83324429045585e-06,-7.58486303515783e-05,2.64962987422623,-4.37405127958365e-06,4.83322321822033e-06,-7.5848900701248e-05
184,2.6496104865389,-4.36157911708445e-06,4.11263316131768e-06,-6.39840581809874e-05,2.64961047490009,-4.36155324021413e-06,4.11261232317566e-06,-6.39843191427313e-05
185,2.64959417923656,-4.35114864420027e-06,3.38738092043719e-06,-5.23207367235375e-05,2.64959416864346,-4.35113072873943e-06,3.38735992296416e-06,-5.23209911167459e-05
186,2.64958100584533,-4.34277691080126e-06,2.6583211122771e-06,-4.08215314072206e-05,2.64958099621704,-4.34276584809246e-06,2.65829946856266e-06,-4.0821782178995e-05
187,2.64957099928669,-4.33644950990143e-06,1.92628249300503e-06,-2.94500862350737e-05,2.64957099054848,-4.33644423226839e-06,1.92625990316373e-06,-2.94503360717893e-05
188,2.64956418456677,-4.33215558908342e-06,1.19209038312003e-06,-1.81706529076619e-05,2.64956417664966,-4.33215502349656e-06,1.19206669586997e-06,-1.81709049702495e-05
189,2.64956057871355,-4.32988772993586e-06,4.56567744509799e-07,-6.94792446015025e-06,2.64956057155394,-4.32989085449407e-06,4.56542832963407e-07,-6.94818062588271e-06
190,2.64956019073414,-4.32964209562591e-06,-2.7946394553713e-07,4.25313547364748e-06,2.64956018427338,-4.32964783618639e-06,-2.79490221306443e-07,4.25287374629024e-06
191,2.64956302159213,-4.33141836851624e-06,-1.01518384707814e-06,1.54674603110511e-05,2.6495630157761,-4.33142555114849e-06,-1.01521158268797e-06,1.54671910823475e-05
192,2.64956906420524,-4.33521970555907e-06,-1.74977071455954e-06,2.67300478446686e-05,2.64956905898389,-4.33522705289778e-06,-1.749800012053e-06,2.67297678856855e-05
193,2.64957830346279,-4.34105263435494e-06,-2.4824020844903e-06,3.80761240840084e-05,2.64957829878992,-4.34105887105264e-06,-2.48243297614054e-06,3.80758317651881e-05
194,2.64959071626373,-4.34892733709118e-06,-3.21225328439449e-06,4.9541315454797e-05,2.64959071209673,-4.34893102225409e-06,-3.21228569234511e-06,4.95410094031772e-05
195,2.64960627157456,-4.35885751168654e-06,-3.93849634938611e-06,6.11618160058958e-05,2.64960626787417,-4.35885702662694e-06,-3.93853014586162e-06,6.11614952148008e-05
196,2.64962493050707,-4.37086043136495e-06,-4.66029914834275e-06,7.29745569652013e-05,2.64962492723735,-4.37085392942826e-06,-4.66033406730307e-06,7.29742208782866e-05
197,2.64964664641601,-4.38495697384821e-06,-5.37682422039121e-06,8.50173773281813e-05,2.64964664354419,-4.38494232738765e-06,-5.37685985862835e-06,8.50170257928663e-05
198,2.64967136501593,-4.4011716582641e-06,-6.08722769999465e-06,9.7329194814695e-05,2.64967136251254,-4.40114639908365e-06,-6.08726345486071e-06,9.73288283519149e-05
199,2.6496990245174,-4.41953266578648e-06,-6.79065816037699e-06,0.000109950177488556,2.64969902235643,-4.4194939385139e-06,-6.79069310864249e-06,0.000109949797694284
200,2.64972955578201,-4.44007194345341e-06,-7.48625514695314e-06,0.000122921916020718,2.64972955394109,-4.44001639080144e-06,-7.48628808416439e-06,0.000122921525305769
201,2.64976288249564,-4.46282517767707e-06,-8.17314790200583e-06,0.000136287593430916,2.64976288095647,-4.4627488887241e-06,-8.17317724643237e-06,0.000136287195470771
202,2.6497989213598,-4.48783188254721e-06,-8.85045383232875e-06,0.000150092153058313,2.64979892010866,-4.48773028845331e-06,-8.8504775312039e-06,0.000150091753103724
203,2.64983758230058,-4.51513541449533e-06,-9.51727685579224e-06,0.000164382461656781,2.64983758132889,-4.51500320253096e-06,-9.51729228024675e-06,0.000164382066898531
204,2.64987876869419,-4.54478301844216e-06,-1.01727056142368e-05,0.000179207464977671,2.64987876799941,-4.54461402768831e-06,-1.01727094258686e-05,0.000179207084994941
205,2.64992237760925,-4.5768258355436e-06,-1.08158115052577e-05,0.000194618332154332,2.6499223771958,-4.57661296460561e-06,-1.08157995079583e-05,0.000194617979440569
206,2.64996830006449,-4.61131890164605e-06,-1.14456465406953e-05,0.000210668584006113,2.64996829994504,-4.61105402611073e-06,-1.14456135061028e-05,0.000210668274585886
207,2.65001642130179,-4.64832111308817e-06,-1.20612410057509e-05,0.000227414198996712,2.65001642149871,-4.64799502960214e-06,-1.2061180468743e-05,0.000227413953139053
208,2.65006662107345,-4.68789516527788e-06,-1.26616008780741e-05,0.000244913688840685,2.65006662162054,-4.68749756863598e-06,-1.26615049208681e-05,0.000244913531870428
209,2.6501187739433,-4.73010730188057e-06,-1.32457050163722e-05,0.000263228133398894,2.65011877488777,-4.72962695761704e-06,-1.32455640314992e-05,0.00026322809682496
210,2.6501727496005,-4.77502588807243e-06,-1.38125020974376e-05,0.000282421159704761,2.65017275100531,-4.77445214235278e-06,-1.38123045222885e-05,0.000282421285294795
211,2.6502284131859,-4.82272825200167e-06,-1.4360907189275e-05,0.000302558869700493,2.65022841513215,-4.82204556783877e-06,-1.43606392990855e-05,0.000302559198631744
212,2.65028562562944,-4.8732871307512e-06,-1.48897979883627e-05,0.000323709638824531,2.65028562821895,-4.87248299301337e-06,-1.48894437894847e-05,0.000323710226134493
213,2.65034424399845,-4.92678086424e-06,-1.53980109679326e-05,0.000345943845241296,2.65034424735622,-4.92584324031219e-06,-1.53975519713853e-05,0.000345944755610396
214,2.65040412185524,-4.98328911038603e-06,-1.58843367628169e-05,0.000369333432465494,2.65040412613193,-4.98220786563229e-06,-1.58837520807478e-05,0.000369334740657777
215,2.65046510962405,-5.04289236065166e-06,-1.63475153767211e-05,0.00039395129726301,2.65046511499791,-5.04166073174685e-06,-1.63467819913988e-05,0.000393953088107304
216,2.65052705496619,-5.10567067108763e-06,-1.67862308965376e-05,0.000419870453656509,2.65052706164396,-5.10428746525199e-06,-1.67853242663482e-05,0.000419872821267036
217,2.65058980316244,-5.17170235582746e-06,-1.71991057501554e-05,0.000447162919650923,2.65058981137869,-5.17017477375017e-06,-1.719800088923e-05,0.000447165965517635
218,2.65065319750215,-5.24106240744215e-06,-1.75846945204516e-05,0.000475898262791529,2.65065320751632,-5.23940959615158e-06,-1.75833676968443e-05,0.000475902092320049
219,2.650717079678,-5.31382076484839e-06,-1.79414773344435e-05,0.000506141728755596,2.65071709176831,-5.31207805469819e-06,-1.79399085502252e-05,0.000506146445813647
220,2.65078129018606,-5.39004042240348e-06,-1.82678528952588e-05,0.000537951864015065,2.65078130463886,-5.38826417260167e-06,-1.82660293032313e-05,0.000537957562998317
221,2.65084566872958,-5.46977556697732e-06,-1.85621312863228e-05,0.000571377529262252,2.65084568582335,-5.46804831608565e-06,-1.85600516555801e-05,0.000571384284289177
222,2.65091005462595,-5.55306996113104e-06,-1.88225268137451e-05,0.000606454185498639,2.65091007460862,-5.55150531424555e-06,-1.88202070129903e-05,0.000606462036559546
223,2.65097428721539,-5.63995574891581e-06,-1.90471511784104e-05,0.000643199320386813,2.6509743102743,-5.63870220467091e-06,-1.90446305223248e-05,0.000643208256595088
224,2.6510382062698,-5.73045306692175e-06,-1.92340075370778e-05,0.000681606869983935,2.65103823249382,-5.72969554750681e-06,-1.92313555062107e-05,0.00068161681067858
225,2.65110165239969,-5.82457068391978e-06,-1.9380986061229e-05,0.000721640482879668,2.65110168173453,-5.82452824600836e-06,-1.93783085915635e-05,0.000721651258088147
226,2.65116446745685,-5.92230780735981e-06,-1.94858618008027e-05,0.00076322547322862,2.65116449965562,-5.92322580829176e-06,-1.94833059117823e-05,0.000763236805922332
227,2.65122649492983,-6.02365694516492e-06,-1.95462957493169e-05,0.000806239320965486,2.65122652950295,-6.02579198379386e-06,-1.95440508649789e-05,0.000806250814477015
228,2.65128758032898,-6.12860724124481e-06,-1.95598399113556e-05,0.000850500607895272,2.65128761649982,-6.13220371010364e-06,-1.95581340318174e-05,0.000850511742623508
229,2.65134757155797,-6.23714712013522e-06,-1.95239471016108e-05,0.000895756335711647,2.65134760823276,-6.24240531288785e-06,-1.95230359967748e-05,0.000895766479389995
230,2.65140631926966,-6.34926445442224e-06,-1.94359857458619e-05,0.00094166766623181,2.65140635503125,-6.35630191558012e-06,-1.94361339746623e-05,0.000941676101364042
231,2.65146367720469,-6.46494197169352e-06,-1.92932596049915e-05,0.000987794267456683,2.65146371034052,-6.47375203878254e-06,-1.9294713316243e-05,0.00098780023761777
232,2.65151950251427,-6.58414561459089e-06,-1.90930318440585e-05,0.00103357765410277,2.65151953108652,-6.59455940480876e-06,-1.90959851451583e-05,0.00103358042782797
233,2.65157365607037,-6.70680407102537e-06,-1.88325527430836e-05,0.00107832419107126,2.65157367803212,-6.71846401368077e-06,-1.88371115502177e-05,0.00107832313806407
234,2.65162600276972,-6.83277930325774e-06,-1.85090906239302e-05,0.00112118879170628,2.65162601612363,-6.84513262646111e-06,-1.85152399025003e-05,0.00112118346230138
235,2.65167641183896,-6.96182986503098e-06,-1.81199665423175e-05,0.00116116079278292,2.65167641482688,-6.97414888297951e-06,-1.81275479569417e-05,0.00116115098867679
236,2.65172475714944,-7.09357134298633e-06,-1.76625948045691e-05,0.00119705401308946,2.65172474845193,-7.10500339566303e-06,-1.76713013941839e-05,0.00119703983669742
237,2.65177091754708,-7.22744000688213e-06,-1.71345331069194e-05,0.00122750356984317,2.6517708964657,-7.23708429907502e-06,-1.71439253106917e-05,0.00122748544177992
238,2.6518147771987,-7.36266652932077e-06,-1.65335474227488e-05,0.00125097257239449,2.65181474379167,-7.36966889223479e-06,-1.65430908141737e-05,0.00125095121153582
239,2.65185622595077,-7.49826542713156e-06,-1.58576968744109e-05,0.00126577223085159,2.65185618109596,-7.50191717907379e-06,-1.58668172624973e-05,0.00126574859798335
240,2.65189515968974,-7.6330434380256e-06,-1.51054424566233e-05,0.00127009905621979,2.6518951050591,-7.63286827594754e-06,-1.51135897358981e-05,0.00127007426907195
241,2.65193148068976,-7.76562642525747e-06,-1.42757802510225e-05,0.00126209249519552,2.65193141863276,-7.76144079029285e-06,-1.42824900095742e-05,0.00126206772765437
242,2.65196509793174,-7.89450117592235e-06,-1.33683954556984e-05,0.00123991532162159,2.6519650312809,-7.88643834913168e-06,-1.33733375884239e-05,0.00123989170203045
243,2.65199592737995,-8.018066456756e-06,-1.238382892293e-05,0.00120185720685495,2.65199585920465,-8.00656143100332e-06,-1.2386835330019e-05,0.00120183572936152
244,2.65202389220806,-8.13468726653681e-06,-1.13236438733974e-05,0.00114645901825944,2.65202382555048,-8.1204264881924e-06,-1.13247119537007e-05,0.0011464404766971
245,2.65204892297259,-8.24274727715689e-06,-1.01905779027934e-05,0.00107265163439978,2.65204886060105,-8.22659300100491e-06,-1.01898515546111e-05,0.00107263658493904
246,2.65207095773876,-8.34069679081998e-06,-8.9886644772095e-06,0.000979898793384558,2.6520709019483,-8.32359856172603e-06,-8.98639845893532e-06,0.000979887544614813
247,2.65208994216854,-8.42709515773161e-06,-7.72330901927571e-06,0.000868329382317522,2.65208989464843,-8.4100013514467e-06,-7.71982479742823e-06,0.000868322009313484
248,2.65210582958231,-8.50064840495127e-06,-6.40130711599311e-06,0.000738841624335361,2.65210579135828,-8.48442849794021e-06,-6.39694848184292e-06,0.000738838000151566
249,2.65211858100556,-8.56024291840979e-06,-5.03079596550932e-06,0.000593160913167225,2.65211855245285,-8.5456278839838e-06,-5.02589120418921e-06,0.000593160750587541
250,2.65212816520925,-8.60497587290302e-06,-3.62113500762723e-06,0.000433835510016349,2.65212814612368,-8.59252015152442e-06,-3.61596980014076e-06,0.000433838407018703
251,2.65213455874872,-8.63418189060595e-06,-2.18271721571089e-06,0.000264160330248522,2.65213454845775,-8.62424707868094e-06,-2.17751967069932e-06,0.000264165813956808
252,2.65213774600263,-8.64745463117981e-06,-7.26718560981825e-07,8.80281271236248e-05,2.65213774349685,-8.64021234347918e-06,-7.21655414595694e-07,8.80356927607076e-05
253,2.65213771920978,-8.64466120110485e-06,7.35200889741048e-07,-9.02819098800145e-05,2.65213772327722,-8.64011102891378e-06,7.40019476145846e-07,-9.02727669073166e-05
254,2.65213447850056,-8.62594733705484e-06,2.19122588013298e-06,-0.000266357946365633,2.65213448784925,-8.62394508025864e-06,2.19573612528121e-06,-0.000266347706156341
255,2.65212803191775,-8.59173174994746e-06,3.62972315484764e-06,-0.000435924179866367,2.65212804527738,-8.59202320566391e-06,3.63389522730503e-06,-0.000435913281110907
256,2.65211839542209,-8.54268902744039e-06,5.03956437043718e-06,-0.000595094259834993,2.65211841162013,-8.54494522984385e-06,5.04339026817534e-06,-0.000595083088761769
257,2.65210559287913,-8.47972188124226e-06,6.41041388346166e-06,-0.000740582009545637,2.65210561089016,-8.48357242786261e-06,6.41389728864184e-06,-0.00074057089474629
258,2.65208965602376,-8.40392436529773e-06,7.73296458401555e-06,-0.00086984936983658,2.65208967499476,-8.40898664178886e-06,7.73611352237205e-06,-0.000869838581097381
259,2.65207062440114,-8.31653888608772e-06,8.99911072896885e-06,-0.000981181680945083,2.6520706436566,-8.32244183319431e-06,9.00193313789063e-06,-0.000981171431135448
260,2.65204854528332,-8.21891019859068e-06,1.02020532060504e-05,-0.00107369112171502,2.65204856431518,-8.22531205854431e-06,1.02045550166458e-05,-0.00107368157073771
261,2.65202347356126,-8.11243937164644e-06,1.13363388658304e-05,-0.00114725817376831,2.65202349200902,-8.1190396855842e-06,1.13385239487418e-05,-0.00114724943384833
262,2.65199547161383,-7.99854082602607e-06,1.23978407154209e-05,-0.00120242694821232,2.65199548923906,-8.0050870962035e-06,1.23997119626334e-05,-0.00120241908982014
263,2.65196460915403,-7.87860423020886e-06,1.33836892937203e-05,-0.00124027263454354,2.6519646258135,-7.88489429509979e-06,1.3385250204226e-05,-0.0012402656925744
264,2.65193096305456,-7.75396302186285e-06,1.42921674553622e-05,-0.00126225859297061,2.65193097867438,-7.75984392453395e-06,1.4293423694138e-05,-0.00126225257278359
265,2.65189461715356,-7.6258698714918e-06,1.5122580936225e-05,-0.00127009763739519,2.65189463170662,-7.63123431173233e-06,1.51235415809627e-05,-0.00127009252050949
266,2.65185566204213,-7.49547927077222e-06,1.58751162703949e-05,-0.00126562794562735,2.65185567552955,-7.50026044322382e-06,1.58757945360098e-05,-0.00126562369495216
267,2.65181419483474,-7.36383665824891e-06,1.65506957111354e-05,-0.00125070975992627,2.65181420727187,-7.36800221880243e-06,1.65511091449495e-05,-0.00125070632441418
268,2.65177031892363,-7.23187321569994e-06,1.71508367747798e-05,-0.00122714529090907,2.6517703303303,-7.23541899511153e-06,1.7151006970145e-05,-0.00122714260965022
269,2.6517241437179,-7.10040541347006e-06,1.76775217990633e-05,-0.00119662137367351,2.65172415411263,-7.10334926415846e-06,1.76774737303996e-05,-0.00119661937938263
270,2.65167578436862,-6.97013818061858e-06,1.81330809134537e-05,-0.00116067253391567,2.65167579376578,-6.97251428846584e-06,1.81328420126833e-05,-0.00116067115586378
271,2.65162536148013,-6.84167073922877e-06,1.85200900911382e-05,-0.0011206611078718,2.65162536988958,-6.84352459016809e-06,1.85196892297074e-05,-0.00112066027430847
272,2.65157300080855,-6.71550425160801e-06,1.88412847895884e-05,-0.00107777073196256,2.6515730082368,-6.71688832707374e-06,1.88407512193664e-05,-0.00107777037205585
273,2.65151883294822,-6.59205052805974e-06,1.90994885415761e-05,-0.00103300966183189,2.6515188394005,-6.59302075246387e-06,1.90988509381501e-05,-0.00103300970718363
274,2.6514629930063,-6.47164119849292e-06,1.92975554638823e-05,-0.000987220802734659,2.65146299848905,-6.47225412362685e-06,1.92968410855496e-05,-0.000987221188522396
275,2.65140562026672,-6.35453690157377e-06,1.94383251180696e-05,-0.000941095882091121,2.65140562479,-6.35484758139089e-06,1.9437559148467e-05,-0.000941096547899268
276,2.65134685784386,-6.24093623650336e-06,1.9524588142598e-05,-0.000895191765040471,2.6513468614234,-6.24099666053556e-06,1.9523793209025e-05,-0.000895192655393428
277,2.65128685232678,-6.13098414729306e-06,1.95590609887542e-05,-0.000849947440087353,2.65128685498546,-6.13084220531147e-06,1.95582568567443e-05,-0.000849948504771737
278,2.65122575341472,-6.02477969211278e-06,1.95443681962262e-05,-0.000805700651977227,2.65122575518353,-6.02447855519132e-06,1.95435716371984e-05,-0.000805701846166072
279,2.65116371354497,-5.92238309913982e-06,1.94830308290762e-05,-0.000762703521314039,2.65116371446316,-5.92196093528779e-06,1.94822556151349e-05,-0.000762704805535474
280,2.6511008875134,-5.82382211495668e-06,1.93774597782196e-05,-0.000721136768265113,2.65110088762829,-5.82331203654475e-06,1.93767168020896e-05,-0.000721138108244193
281,2.65103743208928,-5.72909755162938e-06,1.92299529064272e-05,-0.000681122360767687,2.65103743145547,-5.72852780611497e-06,1.92292503768772e-05,-0.000681123727196244
282,2.65097350562472,-5.6381882559875e-06,1.9042695095532e-05,-0.000642734549140858,2.65097350430294,-5.63758249148152e-06,1.90420387992074e-05,-0.000642735917358405
283,2.65090926766002,-5.55105533450391e-06,1.88177604810882e-05,-0.000606009341742727,2.65090926571583,-5.55043299572907e-06,1.88171540744901e-05,-0.000606010691387295
284,2.6508448785259,-5.46764586535925e-06,1.85571162507153e-05,-0.000570952532817483,2.6508448760281,-5.46702260835416e-06,1.85565615678992e-05,-0.000570953847436706
285,2.65078049894339,-5.38789603318485e-06,1.82626275199205e-05,-0.00053754642350214,2.65078049596257,-5.38728417810625e-06,1.82621248867334e-05,-0.000537547690168074
286,2.65071628962269,-5.31173382392868e-06,1.79360629391884e-05,-0.000505755388666764,2.65071628622973,-5.31114279312468e-06,1.79356114524844e-05,-0.000505756597610467
287,2.65065241086179,-5.23908127382832e-06,1.75791006360909e-05,-0.00047553044191582,2.65065240712651,-5.23851803026637e-06,1.75786984691556e-05,-0.000475531586026244
288,2.65058902214604,-5.16985641336565e-06,1.71933344532624e-05,-0.000446812942348328,2.65058901813601,-5.16932583088349e-06,1.71929790641456e-05,-0.000446814016930312
289,2.65052628174949,-5.10397481645041e-06,1.67802800762067e-05,-0.000419537575784553,2.65052627752906,-5.10348005503882e-06,1.67799684344381e-05,-0.000419538578170094
290,2.65046434633928,-5.04135093348993e-06,1.63413810962795e-05,-0.000393634727534924,2.6504643419688,-5.04089376067634e-06,1.63411098759403e-05,-0.000393635656766605
291,2.65040337058383,-4.98189918969756e-06,1.58780148958318e-05,-0.00036903235001658,2.65040336611905,-4.98148024889042e-06,1.58777806094413e-05,-0.000369033206544938
292,2.65034350676597,-4.92553484403679e-06,1.53914982172626e-05,-0.000345657413957998,2.65034350225766,-4.9251539113411e-06,1.53912973445063e-05,-0.000345658199387788
293,2.6502849044019,-4.87217472843323e-06,1.48830924614594e-05,-0.000323437018917324,2.65028489989567,-4.87183091115363e-06,1.48829215441144e-05,-0.000323437735776146
294,2.6502277098671,-4.82173782055869e-06,1.43540086594294e-05,-0.000302299226888444,2.65022770540333,-4.8214297243703e-06,1.43538643692426e-05,-0.000302299878414307
295,2.65017206602984,-4.77414567027073e-06,1.38054121013056e-05,-0.000282173672297446,2.65017206164381,-4.77387156520507e-06,1.38052912949188e-05,-0.000282174262269836
296,2.65011811189363,-4.72932281860267e-06,1.32384266555907e-05,-0.000262991992708074,2.65011810761566,-4.72908071497904e-06,1.32383263983758e-05,-0.000262992525278006
297,2.65006598224906,-4.6871969838502e-06,1.26541387303351e-05,-0.000244688116599502,2.65006597810483,-4.68698477166208e-06,1.26540563265257e-05,-0.000244688596182022
298,2.65001580733631,-4.64769934470576e-06,1.20536009636996e-05,-0.000227198438228268,2.65001580334715,-4.64751483438029e-06,1.20535339546175e-05,-0.000227198869386977
299,2.64996771251881,-4.61076464280516e-06,1.14378355828446e-05,-0.000210461903810205,2.6499677087021,-4.61060563503263e-06,1.14377817510792e-05,-0.00021046229116403
300,2.64992181796923,-4.57633129482064e-06,1.08078375055855e-05,-0.000194420028758288,2.64992181433879,-4.57619562725751e-06,1.08077948655498e-05,-0.00019442037691695
301,2.64987823836836,-4.54434147744122e-06,1.01645771713379e-05,-0.00017901686187688,2.6498782349348,-4.54422704136137e-06,1.01645439582592e-05,-0.000179017175387526
302,2.64983708261762,-4.51474113135022e-06,9.50900313909452e-06,-0.000164198909218758,2.64983707938876,-4.51464591243415e-06,9.50897778943352e-06,-0.000164199192511466
303,2.64979845356614,-4.48747942793447e-06,8.84204459165405e-06,-0.000149915029750806,2.64979845054738,-4.4874020876987e-06,8.84202558747305e-06,-0.000149915285036993
304,2.64976244775309,-4.46251035818468e-06,8.16461314731157e-06,-0.000136116301523758,2.64976244494754,-4.4624492181421e-06,8.16459921440025e-06,-0.000136116531892192
305,2.64972915516537,-4.43979270913501e-06,7.47760475346939e-06,-0.0001227558761087,2.64972915257421,-4.43974473863453e-06,7.47759514660568e-06,-0.000122756089554601
306,2.64969865901157,-4.41928601672604e-06,6.78190249800707e-06,-0.000109788836130848,2.64969865663474,-4.41924984002839e-06,6.78189628832071e-06,-0.000109789036269778
307,2.64967103551386,-4.40095519447556e-06,6.07837725083702e-06,-9.71720184207686e-05,2.64967103335013,-4.40092943613308e-06,6.07837363456749e-06,-9.7172208827357e-05
308,2.64964635371666,-4.38476871029685e-06,5.36788952914521e-06,-8.48638507677994e-05,2.64964635176381,-4.38475212795473e-06,5.36788779962886e-06,-8.48640346852538e-05
309,2.64962467531335,-4.37069874460933e-06,4.65129089919783e-06,-7.28241823653428e-05,2.64962467356832,-4.37069016716768e-06,4.65129042637556e-06,-7.28243614955191e-05
310,2.64960605449148,-4.35872109330607e-06,3.92942528795914e-06,-6.10141122059397e-05,2.64960605295058,-4.35871942042779e-06,3.92942549111207e-06,-6.10142854956616e-05
311,2.64959053779718,-4.34881554555146e-06,3.20313003507548e-06,-4.93958034073315e-05,2.64959053645581,-4.34881933583597e-06,3.20313051796921e-06,-4.93959797601104e-05
312,2.64957816401749,-4.34096455534184e-06,2.47323737332783e-06,-3.79323408631337e-05,2.64957816287074,-4.34097291260807e-06,2.473237716299e-06,-3.79325229357681e-05
313,2.64956896408363,-4.33515473799327e-06,1.74057520712958e-06,-2.65875384707231e-05,2.6495689631262,-4.33516667478958e-06,1.74057505402005e-06,-2.65877287954592e-05
314,2.6495629609932,-4.33137610058728e-06,1.005968251867e-06,-1.53257757328981e-05,2.64956296021954,-4.3313906496698e-06,1.00596727942828e-06,-1.53259767192816e-05
315,2.64956016975248,-4.32962214445051e-06,2.70239002791294e-07,-4.11183057076016e-06,2.64956016915682,-4.32963835138839e-06,2.70236903631144e-07,-4.11204304523628e-06
316,2.64956059733878,-4.32989002549212e-06,-4.65791375069918e-07,7.08929442849246e-06,2.64956059691517,-4.32990677008504e-06,-4.65794844513637e-07,7.08906689156423e-06
317,2.64956424268288,-4.33218013759122e-06,-1.20130200273424e-06,1.83125309943221e-05,2.64956424242529,-4.33219636681418e-06,-1.20130707926842e-06,1.83122862935585e-05
318,2.64957109667169,-4.33649651084309e-06,-1.93547142825685e-06,2.95929179732039e-05,2.64957109657407,-4.33651107432611e-06,-1.9354783231228e-06,2.95926543174695e-05
319,2.64958114217117,-4.34284666051587e-06,-2.66747666089688e-06,4.09657678812518e-05,2.64958114222756,-4.34285830369877e-06,-2.66748556459567e-06,4.09654836934026e-05
320,2.64959435406936,-4.35124162537672e-06,-3.39649222138899e-06,5.24668348823467e-05,2.64959435427391,-4.35124895668762e-06,-3.39650329713669e-06,5.24665288456879e-05
321,2.64961069933937,-4.36169599255487e-06,-4.12168914266557e-06,6.41324836352585e-05,2.64961069968645,-4.36169744353881e-06,-4.12170252739851e-06,6.41321547598717e-05
322,2.6496301371223,-4.37422792327385e-06,-4.84223394277543e-06,7.5999859033782e-05,2.64963013760661,-4.37422170587792e-06,-4.84224974093176e-06,7.59995067482489e-05
323,2.64965261882973,-4.38885917057692e-06,-5.5572875428849e-06,8.81070568773774e-05,2.64965261944646,-4.38884324414105e-06,-5.55730581305813e-06,8.81066811326232e-05
324,2.64967808826575,-4.40561514122829e-06,-6.2660041061954e-06,0.000100493295260666,2.64967808901067,-4.40558714884702e-06,-6.26602485229871e-06,0.0001004928966806
325,2.64970648176786,-4.4245249094792e-06,-6.96752981028134e-06,0.00011319908633904,2.64970648263759,-4.42448213481788e-06,-6.96755296328189e-06,0.000113198666391526
326,2.64973772836673,-4.44562127534651e-06,-7.66100151954169e-06,0.000126266407695978,2.64973772935895,-4.44556057722845e-06,-7.66102691552871e-06,0.000126265968918126
327,2.64977174996422,-4.46894079111448e-06,-8.34554535854094e-06,0.00013973887224276,2.64977175107798,-4.46885854810138e-06,-8.34557270392501e-06,0.000139738418514958
328,2.64980846152925,-4.49452380716108e-06,-9.02027514756211e-06,0.000153661895025076,2.64980846276535,-4.49441585154856e-06,-9.02030398604322e-06,0.000153661431905928
329,2.649847771311,-4.52241450138473e-06,-9.6842907236091e-06,0.000168082854694396,2.64984777267244,-4.52227605568723e-06,-9.68432038079044e-06,0.000168082389837155
330,2.64988958106905,-4.55266086786881e-06,-1.03366760943879e-05,0.000183051246674847,2.64988958256147,-4.55248651871497e-06,-1.03367056121517e-05,0.000183050790299749
331,2.64993378631941,-4.58531477554048e-06,-1.09764974198694e-05,0.000198618823936032,2.64993378795186,-4.58509840609989e-06,-1.09765254810924e-05,0.000198618389434876
332,2.64998027659654,-4.62043188233447e-06,-1.16028008312055e-05,0.000214839720331851,2.64998027838217,-4.62016669521499e-06,-1.16028256480233e-05,0.000214839324928971
333,2.65002893573012,-4.65807163697798e-06,-1.22146100095553e-05,0.000231770549662226,2.65002893768704,-4.65775016300173e-06,-1.22146292076578e-05,0.000231770215219597
334,2.65007964213594,-4.6982971343498e-06,-1.28109235871e-05,0.000249470472105752,2.65007964428827,-4.69791135136465e-06,-1.2810934037675e-05,0.000249470226002415
335,2.6501322691205,-4.7411750200391e-06,-1.33907122538268e-05,0.000268001217153734,2.65013227149949,-4.74071650395648e-06,-1.33907099024218e-05,0.000268001093286075
336,2.65018668519815,-4.78677521939789e-06,-1.39529156604903e-05,0.000287427049681713,2.65018668784356,-4.78623546678145e-06,-1.39528952930652e-05,0.000287427089501736
337,2.65024275442043,-4.83517067861745e-06,-1.44964389905906e-05,0.000307814662236162,2.65024275738178,-4.83454154359666e-06,-1.44963939862726e-05,0.000307814915841554
338,2.65030033671618,-4.88643694497319e-06,-1.50201492628403e-05,0.000329232972820584,2.65030034005437,-4.88571129539432e-06,-1.50200713048539e-05,0.000329233499967358
339,2.65035928824236,-4.94065161793777e-06,-1.55228713003909e-05,0.000351752802431337,2.65035929203101,-4.93982427126375e-06,-1.55227500660742e-05,0.000351753673375497
340,2.65041946174409,-4.9978937445679e-06,-1.60033833469999e-05,0.000375446400885827,2.65041946607084,-4.99696265562786e-06,-1.60032062068439e-05,0.000375447696896135
341,2.65048070692335,-5.05824292310952e-06,-1.64604123487505e-05,0.000400386782645439,2.65048071189083,-5.05721081418363e-06,-1.6460164080107e-05,0.000400388595909814
342,2.65054287081553,-5.12177839144395e-06,-1.68926288232131e-05,0.000426646826081454,2.65054287654176,-5.12065471781398e-06,-1.6892291423943e-05,0.000426649258750039
343,2.65060579817285,-5.18857784900442e-06,-1.72986413550676e-05,0.000454298080388028,2.65060580479059,-5.18738122025091e-06,-1.72981940147894e-05,0.000454301242317491
344,2.65066933185397,-5.25871623282857e-06,-1.76769906826412e-05,0.000483409213306686,2.65066933950864,-5.2574771613308e-06,-1.76764100295001e-05,0.000483413218090481
345,2.65073331321849,-5.33226435087362e-06,-1.8026143385429e-05,0.000514044020754957,2.65073332206423,-5.33102826329424e-06,-1.80254041585989e-05,0.000514048979487717
346,2.6507975825262,-5.40928760172525e-06,-1.83444852126124e-05,0.000546258905726305,2.65079759271906,-5.40811778276289e-06,-1.83435615361363e-05,0.000546264918061164
347,2.65086197933943,-5.48984473956992e-06,-1.86303141013274e-05,0.000580099719550707,2.65086199102718,-5.48882487584358e-06,-1.86291815813189e-05,0.000580106861608037
348,2.65092634292764,-5.5739869704767e-06,-1.88818330468451e-05,0.000615597843604534,2.65092635623569,-5.57322262838791e-06,-1.88804718850581e-05,0.000615606152630982
349,2.65099051267342,-5.6617574335514e-06,-1.90971430001897e-05,0.00065276537565789,2.65099052768599,-5.66137569798413e-06,-1.90955423225022e-05,0.000652774831717139
350,2.65105432847797,-5.75319118427386e-06,-1.92742362072952e-05,0.000691589273394934,2.65105434521475,-5.75333750910707e-06,-1.9272399632392e-05,0.000691599779032622
351,2.65111763116448,-5.84831568823008e-06,-1.94109904558536e-05,0.000732024301005103,2.65111764955351,-5.84914693847995e-06,-1.94089427777368e-05,0.000732035660749194
352,2.65118026287772,-5.94715155759044e-06,-1.95051650115528e-05,0.000773984626936831,2.65118028272593,-5.94882442480607e-06,-1.95029594918532e-05,0.000773996529439286
353,2.65124206747721,-6.0497130742242e-06,-1.9554399174482e-05,0.000817333936630338,2.65124208844168,-6.05236743655511e-06,-1.9552124521016e-05,0.000817345943288481
354,2.65130289092137,-6.1560075902034e-06,-1.95562145686236e-05,0.000861873960511146,2.65130291248606,-6.15974523472071e-06,-1.95540002010135e-05,0.00086188550506854
355,2.65136258164106,-6.26603255715557e-06,-1.95080224518544e-05,0.000907331383204926,2.65136260310433,-6.27089287606166e-06,-1.95060401498383e-05,0.000907341786810237
356,2.65142099090026,-6.37976883265186e-06,-1.94071371206859e-05,0.000953343205537981,2.65142101137973,-6.38570441840136e-06,-1.94055970207941e-05,0.000953351710651449
357,2.65147797314381,-6.49716885833839e-06,-1.92507963802143e-05,0.000999440788537822,2.65147799160446,-6.50402531564015e-06,-1.9249935434815e-05,0.000999446612813969
358,2.6515333863329,-6.61813895198216e-06,-1.9036189467156e-05,0.00104503303198934,2.65153340164244,-6.62564402920317e-06,-1.90362513889753e-05,0.00104503543941188
359,2.65158709227145,-6.7425160349805e-06,-1.87604923490437e-05,0.00108938943953769,2.65158710328319,-6.75028293795594e-06,-1.87616996055228e-05,0.00108938782231744
360,2.6516389569279,-6.87004031520009e-06,-1.84209100028667e-05,0.0011316242071425,2.65163896258578,-6.87758870340644e-06,-1.84234304202893e-05,0.00113161816918419
361,2.65168885075642,-7.0003277976051e-06,-1.80147249082975e-05,0.00117068295050451,2.65168885021209,-7.00712234402293e-06,-1.80186378798448e-05,0.00117067237375252
362,2.65173664902307,-7.13284564163203e-06,-1.75393523557989e-05,0.00120533420761715,2.65173664174855,-7.13834939315877e-06,-1.75446206815618e-05,0.00120531929486362
363,2.6517822321375,-7.26689579290926e-06,-1.69924033150238e-05,0.00123416844444496,2.65178221801555,-7.27063065844546e-06,-1.69988573974674e-05,0.00123414972480498
364,2.65182548598835,-7.40160753850961e-06,-1.63717586858976e-05,0.00125560780030237,2.65182546536381,-7.40321426178859e-06,-1.63790970101607e-05,0.00125558609499685
365,2.65186630227813,-7.53595548536638e-06,-1.56756496124684e-05,0.00126793018349639,2.65186627595683,-7.53522980795855e-06,-1.568346509225e-05,0.00126790653199256
366,2.65190457884556,-7.66874978437749e-06,-1.49027773456609e-05,0.00126931134828677,2.65190454803898,-7.6656856887254e-06,-1.4910584920792e-05,0.00126928691552759
367,2.65194021996685,-7.79869104268147e-06,-1.40524191106482e-05,0.00125788813506985,2.6519401861883,-7.79347065268654e-06,-1.40597113974817e-05,0.0012578641010217
368,2.65197313663153,-7.9244315534609e-06,-1.31245466880627e-05,0.001231844792304,2.65197310155361,-7.91736082421218e-06,-1.31308738484754e-05,0.00123182223809113
369,2.65200324677525,-8.04449692625744e-06,-1.21200477818137e-05,0.00118952213073855,2.65200321207522,-8.03603329788761e-06,-1.21250216764282e-05,0.00118950197060101
370,2.652030475474,-8.15742194088142e-06,-1.10408141410162e-05,0.00112954626752029,2.65203044268871,-8.14808722601405e-06,-1.10441645943892e-05,0.0011295291856861
371,2.65205475510384,-8.26174497498288e-06,-9.88990206403827e-06,0.00105096961599353,2.65205472551138,-8.25207292225646e-06,-9.89149705581163e-06,0.00105095604181866
372,2.65207602547048,-8.35604019656571e-06,-8.67164883013652e-06,0.000953412583077677,2.65207600001079,-8.34652890996362e-06,-8.671494878435e-06,0.000953402695321565
373,2.65209423391485,-8.43894869205227e-06,-7.39174432613343e-06,0.000837190477735141,2.65209421315502,-8.43002606712851e-06,-7.38997138063964e-06,0.000837184231864624
374,2.65210933540176,-8.50921405933711e-06,-6.0572462474677e-06,0.000703407652722431,2.65210931954436,-8.50121712287663e-06,-6.05408104022815e-06,0.000703404823333503
375,2.65212129259495,-8.56570599957921e-06,-4.67653917904197e-06,0.00055400091886164,2.65212128152398,-8.55888885114308e-06,-4.67226106876132e-06,0.00055400115682101
376,2.65213007593266,-8.60753377839808e-06,-3.2591554903403e-06,0.000391717683450539,2.65213006927738,-8.60201353248469e-06,-3.25410545781671e-06,0.000391720540488191
377,2.65213566368836,-8.63396360078324e-06,-1.8156697042085e-06,0.000220020967697881,2.65213566090044,-8.62979577632695e-06,-1.81017175065467e-06,0.000220025964522987
378,2.65213804202264,-8.64454311362624e-06,-3.57373803105328e-07,4.29234043111458e-05,2.65213804245573,-8.64171075398749e-06,-3.51727405020757e-07,4.29300594771049e-05
379,2.65213720502601,-8.63909981682899e-06,1.10401531684517e-06,-0.000135237164525249,2.6521372080071,-8.6375303669107e-06,1.10955079124815e-06,-0.000135229307509617
380,2.65213315474832,-8.61775510784617e-06,2.55668982959027e-06,-0.000310058039934896,2.65213315963447,-8.61733485093725e-06,2.56190528873108e-06,-0.000310049394652441
381,2.6521259012104,-8.58092053899454e-06,3.98909171796405e-06,-0.000477339315095958,2.65212590742859,-8.5815086784818e-06,3.99383194406335e-06,-0.000477330241516882
382,2.6521154623958,-8.52928057778318e-06,5.3902345058259e-06,-0.000633328860735738,2.65211546946606,-8.53072116258095e-06,5.39439670489934e-06,-0.000633319658896258
383,2.6521018642207,-8.46376237940936e-06,6.74998540205328e-06,-0.000774918677644435,2.65210187176443,-8.4658936442051e-06,6.75351389285101e-06,-0.000774909591400834
384,2.65208514048126,-8.38549421838064e-06,8.05929068836022e-06,-0.000899774953399307,2.65208514821765,-8.38815632643125e-06,8.06216977324566e-06,-0.000899766172901827
385,2.65206533277737,-8.29575771721296e-06,9.31033546115365e-06,-0.00100639467979152,2.65206534051194,-8.29879854303437e-06,9.31258130478553e-06,-0.00100638634712201
386,2.65204249041412,-8.19593706126623e-06,1.04966342412155e-05,-0.00109409217570295,2.65204249802231,-8.19921645065986e-06,1.04982866968979e-05,-0.00109408439143287
387,2.65201667028061,-8.08746914856863e-06,1.16130555520807e-05,-0.00116292721932501,2.65201667769,-8.09086185051324e-06,1.16141706391796e-05,-0.00116292004921759
388,2.65198793670808,-7.97179770979042e-06,1.26557886552809e-05,-0.00121359157306422,2.65198794388113,-7.9751951934236e-06,1.26564320223956e-05,-0.00121358505447259
389,2.65195636130776,-7.85033363078319e-06,1.36222636689132e-05,-0.00124727224263005,2.65195636822687,-7.85364495768028e-06,1.36225052178833e-05,-0.00124726639026076
390,2.65192202278984,-7.72442276995302e-06,1.45110377599266e-05,-0.00126550840665396,2.65192202944557,-7.72757466986972e-06,1.45109474590121e-05,-0.00126550321760441
391,2.65188500676462,-7.59532171172785e-06,1.53216599976895e-05,-0.00127005558874421,2.65188501314725,-7.59825799378524e-06,1.5321304798635e-05,-0.00127005104673743
392,2.65184540552642,-7.46418118542855e-06,1.60545261747051e-05,-0.00126276640930084,2.65184541162101,-7.46686162562248e-06,1.60539678944118e-05,-0.00126276248818445
393,2.6518033178217,-7.33203638973655e-06,1.67107329389021e-05,-0.00124549306169146,2.65180332360567,-7.33443524302429e-06,1.67100269468111e-05,-0.00124548972828207
394,2.6517588486012,-7.19980322944293e-06,1.72919383325602e-05,-0.00122001310960432,2.65175885404452,-7.2019074607317e-06,1.7291132892725e-05,-0.00122001032593447
395,2.65171210875775,-7.06827924135373e-06,1.78002336574491e-05,-0.00118797758496952,2.65171211382445,-7.07008662048129e-06,1.7799369761495e-05,-0.00118797531007133
396,2.65166321484959,-6.93814809274351e-06,1.82380295949442e-05,-0.00115087871134696,2.65166321950036,-6.93966524825003e-06,1.82371411427483e-05,-0.00115087690264738
397,2.65161228881019,-6.80998659245863e-06,1.86079578531962e-05,-0.00111003375721739,2.65161229300537,-6.81122710623766e-06,1.86070721096287e-05,-0.00111003237162149
398,2.65155945764505,-6.68427327602529e-06,1.89127885413862e-05,-0.00106658133508482,2.6515594613476,-6.68525591248607e-06,1.89119267204748e-05,-0.00106658032982442
399,2.65150485311622,-6.5613979015103e-06,1.91553623990515e-05,-0.00102148669352415,2.65150485629429,-6.56214496781173e-06,1.91545403665416e-05,-0.00102148602679873
400,2.65144861141492,-6.4416711432027e-06,1.93385367125001e-05,-0.000975553015992793,2.65144861404397,-6.44220709634346e-06,1.93377656920297e-05,-0.000975552647479036
401,2.65139087282327,-6.32533423155666e-06,1.94651432202284e-05,-0.000929436302796354,2.65139087488752,-6.32568445883882e-06,1.94644305219166e-05,-0.000929436194023095
402,2.65133178136583,-6.21256807615255e-06,1.95379564403287e-05,-0.000883661976071908,2.65133178285899,-6.21275792986057e-06,1.95373061289775e-05,-0.000883662090715017
403,2.65127148445138,-6.10350181938099e-06,1.95596706624709e-05,-0.000838641856884689,2.651271485377,-6.10355583822187e-06,1.95590841969114e-05,-0.000838642160965809
404,2.65121013250674,-5.99822061443898e-06,1.95328841573385e-05,-0.000794690591537736,2.65121013287758,-5.99816195530507e-06,1.95323609447286e-05,-0.000794691053566954
405,2.65114787860204,-5.89677263911307e-06,1.94600891277482e-05,-0.000752040944695435,2.65114787843946,-5.89662268015085e-06,1.94596270323913e-05,-0.000752041535756045
406,2.65108487806988,-5.79917532849356e-06,1.93436662793499e-05,-0.000710857634637079,2.65108487740262,-5.79895341668411e-06,1.9343262042895e-05,-0.000710858328413795
407,2.6510212881181,-5.70542082888351e-06,1.91858829097018e-05,-0.000671249572148009,2.65102128698112,-5.70514417037763e-06,1.91855325136739e-05,-0.000671250344926981
408,2.65095726743811,-5.61548078718906e-06,1.89888936964939e-05,-0.00063328049252842,2.65095726587113,-5.61516441219271e-06,1.89885926590589e-05,-0.000633281323145914
409,2.65089297580914,-5.52931044199236e-06,1.87547434630845e-05,-0.000596978052670667,2.65089297385518,-5.5289672695315e-06,1.87544870790619e-05,-0.000596978922437904
410,2.65082857369945,-5.44685215789859e-06,1.84853713540502e-05,-0.000562341514034003,2.65082857140356,-5.44649310951723e-06,1.84851548849821e-05,-0.000562342406636617
411,2.65076422186583,-5.36803843694078e-06,1.81826159789705e-05,-0.000529348156931905,2.65076421927388,-5.36767258104547e-06,1.81824347885046e-05,-0.000529349058309056
412,2.65070008095227,-5.29279445073634e-06,1.78482211298347e-05,-0.000497958579603655,2.65070007810987,-5.29242918018001e-06,1.78480707988126e-05,-0.00049795947780044
413,2.65063631108865,-5.22104017544111e-06,1.74838418684289e-05,-0.000468121032717029,2.65063630804022,-5.22068139970785e-06,1.7483718253293e-05,-0.000468121917746767
414,2.65057307149064,-5.15269219489675e-06,1.70910506832868e-05,-0.00043977493072138,2.65057306827873,-5.15234451881638e-06,1.70909499736128e-05,-0.000439775794399366
415,2.65051052006177,-5.08766512428187e-06,1.66713436380881e-05,-0.000412853669688461,2.65051051672648,-5.0873320835012e-06,1.66712623923204e-05,-0.000412854504187462
416,2.65044881299865,-5.02587306740483e-06,1.6226146448861e-05,-0.000387286859107952,2.65044880957735,-5.02555712284419e-06,1.62260815376575e-05,-0.000387287659503513
417,2.65038810440069,-4.96723034804712e-06,1.57568201752662e-05,-0.000363002078555175,2.6503881009275,-4.96693314098273e-06,1.57567687977774e-05,-0.000363002843073886
418,2.65032854588424,-4.91165223346375e-06,1.52646666154932e-05,-0.000339926240067974,2.65032854239013,-4.91137491958681e-06,1.52646264116738e-05,-0.000339926966303046
419,2.6502702862035,-4.8590559822022e-06,1.47509338111468e-05,-0.000317986618516754,2.65027028271629,-4.8587991610581e-06,1.47509026542157e-05,-0.000317987304121795
420,2.6502134708783,-4.80936120708215e-06,1.42168205762143e-05,-0.000297111623062577,2.6502134674227,-4.80912499851012e-06,1.42167966979585e-05,-0.00029711226735392
421,2.65015824182995,-4.76249018592344e-06,1.36634813134869e-05,-0.000277231360497093,2.65015823842769,-4.7622743948847e-06,1.3663463145833e-05,-0.000277231963504429
422,2.65010473702598,-4.71836829148345e-06,1.30920300181432e-05,-0.000258278025659424,2.65010473369592,-4.71817245029735e-06,1.30920162372257e-05,-0.000258278588131043
423,2.65005309013453,-4.67692419038979e-06,1.25035442442778e-05,-0.000240186158332472,2.65005308689296,-4.67674763385174e-06,1.25035337360112e-05,-0.000240186681494227
424,2.65000343018988,-4.63809002573931e-06,1.189906869467e-05,-0.00022289279332036,2.65000342705062,-4.63793195369038e-06,1.18990605133169e-05,-0.000222893278866907
425,2.64995588126899,-4.60180156419553e-06,1.12796184805377e-05,-0.000206337527621427,2.64995587824366,-4.60166107691564e-06,1.12796118406279e-05,-0.000206337977588275
426,2.64991056218074,-4.5679982741752e-06,1.06461821731197e-05,-0.000190462522830262,2.64991055927897,-4.56787440918422e-06,1.06461764105959e-05,-0.000190462939533118
427,2.64986758616831,-4.53662338733407e-06,9.99972452896826e-06,-0.000175212458071503,2.64986758339786,-4.53651514221513e-06,9.99971910389651e-06,-0.000175212844013028
428,2.64982706062507,-4.50762391300699e-06,9.34118907894658e-06,-0.000160534445249116,2.64982705799217,-4.50753027611918e-06,9.34118352086501e-06,-0.000160534803113466
429,2.64978908682571,-4.48095067318716e-06,8.67150036460439e-06,-0.000146377916454642,2.64978908433509,-4.48087062232787e-06,8.67149429662268e-06,-0.000146378248999335
430,2.64975375967197,-4.45655825204561e-06,7.99156611302553e-06,-0.000132694490639236,2.64975375732717,-4.45649079194328e-06,7.99155921808516e-06,-0.000132694800702121
431,2.64972116745507,-4.43440504318601e-06,7.30227914992592e-06,-0.000119437825815088,2.64972116525836,-4.43434917352181e-06,7.30227116074335e-06,-0.0001194381162577
432,2.64969139163378,-4.41445314268235e-06,6.6045191802802e-06,-0.000106563461040284,2.64969138958651,-4.41440790362417e-06,6.60450986247654e-06,-0.000106563734730024
433,2.64966450663046,-4.39666839293953e-06,5.8991544029707e-06,-9.40286518118573e-05,2.64966450473305,-4.39663283288958e-06,5.89914355097099e-06,-9.40289115777222e-05
434,2.64964057964426,-4.3810202871315e-06,5.18704300192454e-06,-8.17922012991991e-05,2.64964057789622,-4.38099348991052e-06,5.18703044060758e-06,-8.17924499520461e-05
435,2.64961967048237,-4.36748198599303e-06,4.46903456543142e-06,-6.98142895752808e-05,2.64961966888248,-4.36746304477783e-06,4.46902011397982e-06,-6.98145298175518e-05
436,2.64960183141014,-4.35603022807023e-06,3.74597131291292e-06,-5.80563018980319e-05,2.64960182995641,-4.35601827382525e-06,3.7459548025402e-06,-5.80565362301843e-05
437,2.64958710701974,-4.3466453964609e-06,3.01868934022753e-06,-4.64806563381041e-05,2.6495871057095,-4.34663952681406e-06,3.01867058025e-06,-4.64808876650159e-05
438,2.64957553411832,-4.33931131816562e-06,2.288019557061e-06,-3.50506345471076e-05,2.64957553294824,-4.33931069755539e-06,2.28799848355543e-06,-3.50508649371818e-05
439,2.64956714163549,-4.33401548997132e-06,1.55478896143838e-06,-2.37302085513397e-05,2.64956714060172,-4.33401919875936e-06,1.55476557051956e-06,-2.37304409873521e-05
440,2.6495619505506,-4.33074867938095e-06,8.19821673224938e-07,-1.24838789523547e-05,2.64956194964902,-4.33075594172302e-06,8.19795931527991e-07,-1.24841115942421e-05
441,2.64955997384035,-4.32950559615405e-06,8.39397315186636e-08,-1.27649252326535e-06,2.64955997306649,-4.32951532131211e-06,8.39116636490743e-08,-1.27672692052007e-06
442,2.64956121644638,-4.33028420931502e-06,-6.52035823925396e-07,9.92692049226746e-06,2.64956121579522,-4.33029520655417e-06,-6.520661795284e-07,9.92667631290525e-06
443,2.64956567526222,-4.33308556336041e-06,-1.38728403076152e-06,2.1161297754269e-05,2.64956567472863,-4.33309693703327e-06,-1.38731665092891e-06,2.11610423015058e-05
444,2.64957333914157,-4.33791468271715e-06,-2.12098320455722e-06,3.24617316104846e-05,2.64957333872023,-4.33792532515822e-06,-2.12101797434061e-06,3.24614635950823e-05
445,2.6495841889261,-4.34477902833535e-06,-2.852309751228e-06,4.38636269416775e-05,2.64958418861166,-4.34478866425911e-06,-2.85234659853208e-06,4.3863348817132e-05
446,2.64959819749362,-4.35369311376104e-06,-3.58043779162219e-06,5.5402884054909e-05,2.64959819728074,-4.3536987423494e-06,-3.58047622951663e-06,5.54025909544402e-05
447,2.64961532982589,-4.36467078821756e-06,-4.30453722780796e-06,6.71160452363193e-05,2.64961532970959,-4.36467086126585e-06,-4.3045768291861e-06,6.71157364416391e-05
448,2.64963554309684,-4.37773122612642e-06,-5.02377341621469e-06,7.90404795627034e-05,2.64963554307254,-4.37772386076394e-06,-5.02381356829887e-06,7.904015516346e-05
449,2.64965878677971,-4.39289712463049e-06,-5.73730584840999e-06,9.12145507644006e-05,2.64965878684362,-4.39288014699458e-06,-5.73734572149016e-06,9.1214211352131e-05
450,2.64968500277389,-4.41019493600003e-06,-6.44428700641397e-06,0.000103677788306009,2.64968500292336,-4.41016572461547e-06,-6.44432549157216e-06,0.000103677435161284
451,2.64971412555064,-4.42965477849386e-06,-7.14386111726213e-06,0.000116471059174938,2.64971412578467,-4.42961023158994e-06,-7.14389674992407e-06,0.000116470694441172
452,2.64974608231753,-4.45131056986752e-06,-7.83516280769064e-06,0.000129636738986212,2.6497460826372,-4.45124697549178e-06,-7.83519367922443e-06,0.000129636365909938
453,2.64978079320069,-4.47519996849667e-06,-8.5173156193155e-06,0.000143218881295217,2.64978079361003,-4.47511296985704e-06,-8.51733930417803e-06,0.000143218504496465
454,2.64981817144541,-4.50136450676903e-06,-9.18943048107378e-06,0.000157263383293191,2.64981817195205,-4.50124896879581e-06,-9.18944389522825e-06,0.000157263009101608
455,2.64985812363327,-4.52984960043453e-06,-9.85060397314044e-06,0.00017181814548539,2.64985812424955,-4.52969949768678e-06,-9.85060322955485e-06,0.000171817782362216
456,2.64990054991631,-4.56070455375953e-06,-1.04999164252117e-05,0.000186933222274005,2.64990055066052,-4.56051287731375e-06,-1.04998966929448e-05,0.000186932881175914
457,2.64994534426731,-4.59398259986855e-06,-1.11364299052996e-05,0.000202660958685893,2.64994534516499,-4.59374123825151e-06,-1.1136385205428e-05,0.000202660653717917
458,2.64999239474509,-4.62974088957851e-06,-1.17591860213426e-05,0.000219056108170301,2.64999239583088,-4.62944052165408e-06,-1.17591089529256e-05,0.000219055857410137
459,2.65004158377496,-4.66804042979418e-06,-1.23672033250819e-05,0.000236175924859085,2.65004158509453,-4.66767046181991e-06,-1.23670849066164e-05,0.000236175750734815
460,2.65009278844302,-4.70894599378307e-06,-1.29594747088707e-05,0.000254080219577123,2.65009279005532,-4.70849454498881e-06,-1.29593041113636e-05,0.00025408014985736
461,2.65014588080377,-4.75252598391291e-06,-1.35349644364324e-05,0.000272831369968766,2.65014588278366,-4.75197993773686e-06,-1.35347287244426e-05,0.00027283143866201
462,2.65020072820034,-4.79885218660115e-06,-1.40926048723111e-05,0.000292494269632375,2.6502007306414,-4.7981973770523e-06,-1.40922887860937e-05,0.000292494517923541
463,2.65025719359658,-4.847999426541e-06,-1.46312929402541e-05,0.000313136198672465,2.65025719661404,-4.84722101266763e-06,-1.46308787042513e-05,0.000313136675839242
464,2.65031513591978,-4.90004514231549e-06,-1.51498861866432e-05,0.000334826593654366,2.65031513965377,-4.89912819045689e-06,-1.51493534373581e-05,0.000334827357916
465,2.65037441041412,-4.95506870415036e-06,-1.56471984893144e-05,0.00035763669000057,2.65037441503254,-4.9539991636456e-06,-1.56465243617307e-05,0.00035763780912369
466,2.65043486900304,-5.01315063785285e-06,-1.61219953465712e-05,0.000381639003623811,2.65043487470425,-5.0119167161891e-06,-1.61211548138095e-05,0.000381640555155753
467,2.65049636066078,-5.07437155342777e-06,-1.65729887172636e-05,0.0004069066115618,2.65049636767514,-5.07296567991235e-06,-1.65719553032141e-05,0.000406908682445808
468,2.65055873179106,-5.13881085040028e-06,-1.69988314065127e-05,0.000433512182891642,2.65055874038146,-5.13723232383724e-06,-1.69975784003442e-05,0.000433514868147914
469,2.65062182661362,-5.2065451675327e-06,-1.73981109592935e-05,0.00046152670136453,2.65062183707341,-5.20480359052293e-06,-1.73966133129451e-05,0.000461530101495148
470,2.65068548755648,-5.27764651757125e-06,-1.77693431126881e-05,0.000491017810105153,2.65068550020456,-5.27576615019194e-06,-1.77675801803712e-05,0.000491022026753999
471,2.65074955565412,-5.35218034381164e-06,-1.811096486212e-05,0.000522047695969648,2.6507495708255,-5.35020523891269e-06,-1.81089241331825e-05,0.000522052825427526
472,2.65081387095008,-5.43020333841796e-06,-1.84213272391444e-05,0.000554670417529745,2.65081388898099,-5.42820324219016e-06,-1.84190091903251e-05,0.000554676541609621
473,2.65087827290343,-5.51176148369225e-06,-1.86986880582513e-05,0.000588928565840125,2.65087829410948,-5.50983798005791e-06,-1.86961120978393e-05,0.00058893573986025
474,2.65094260079767,-5.59688835928767e-06,-1.89412049628651e-05,0.000624849132561232,2.65094262544398,-5.59518064431238e-06,-1.89384162533575e-05,0.000624857370392446
475,2.65100669415074,-5.68560420722915e-06,-1.91469292243532e-05,0.000662438446363933,2.65100672241342,-5.68429333311746e-06,-1.91440059113893e-05,0.000662447702944674
476,2.65107039312427,-5.77791602691685e-06,-1.93138009932865e-05,0.000701676027919862,2.65107042504328,-5.77722612320166e-06,-1.93108609274871e-05,0.00070168618032677
477,2.6511335389296,-5.87381912343962e-06,-1.94396467151215e-05,0.000742507209073605,2.65113357435478,-5.87401361579633e-06,-1.94368523768767e-05,0.000742518038034266
478,2.65119597422772,-5.97330008136292e-06,-1.95221795923051e-05,0.000784834366813964,2.65119601276127,-5.97467089007989e-06,-1.95197394770062e-05,0.000784845541452577
479,2.65125754352027,-6.07634119637303e-06,-1.95590039755374e-05,0.0008285066428558,2.65125758446123,-6.07918879822242e-06,-1.95571683553619e-05,0.000828517712414308
480,2.65131809352731,-6.18292519638468e-06,-1.95476241357687e-05,0.000873308062787674,2.65131813582659,-6.18752854053991e-06,-1.95466733347785e-05,0.000873318459388129
481,2.65137747354975,-6.29303904012391e-06,-1.94854578433841e-05,0.000918944043001697,2.65137751578553,-6.29961546953949e-06,-1.94856815580049e-05,0.000918953099500235
482,2.65143553581372,-6.40667412437666e-06,-1.93698543438859e-05,0.000965026391435704,2.65143557619887,-6.41533208997321e-06,-1.93715219390704e-05,0.000965033377044942
483,2.65149213579653,-6.52382042571216e-06,-1.91981160210696e-05,0.00101105708073984,2.651492172229,-6.53451025109224e-06,-1.92014396054652e-05,0.00101106125487552
484,2.65154713253714,-6.64445157143327e-06,-1.89675227201424e-05,0.00105641131410853,2.65154716270052,-6.65692257015905e-06,-1.89726171722293e-05,0.0010564119954111
485,2.6516003845669,-6.75619466475113e-06,-1.86798322633599e-05,0.00110027385546717,2.65160041045165,-6.78227318621809e-06,-1.86822043504981e-05,0.00110031736881451
486,2.65165176691006,-6.90281309996194e-06,-1.8316819881608e-05,0.00114186983731353,2.65165178267554,-6.91018802331506e-06,-1.83273575147189e-05,0.00114185023408086
487,2.65170114916585,-7.03051079964559e-06,-1.7893764977593e-05,0.00117993382787042,2.65170115125077,-7.04020484528689e-06,-1.79052909008762e-05,0.00117991223089509
488,2.65174840737828,-7.16193212372999e-06,-1.74016211376875e-05,0.00121325047720039,2.65174839305995,-7.17176351087356e-06,-1.74133410381964e-05,0.00121322687498786
489,2.65179342166652,-7.29530932615999e-06,-1.68376267062396e-05,0.00124036633560189,2.65179339029597,-7.3041969864428e-06,-1.68490457740537e-05,0.00124034091920457
490,2.65183607836175,-7.43030072665634e-06,-1.61996756094728e-05,0.00125966409533543,2.65183603075486,-7.43672383804641e-06,-1.62102387733517e-05,0.00125963734172073
491,2.65187626999974,-7.56556376409609e-06,-1.54860255061208e-05,0.00126939096288545,2.6518762081147,-7.56844309284535e-06,-1.54951595950107e-05,0.00126936362246813
492,2.6519138954622,-7.69967468355977e-06,-1.46953328406818e-05,0.0012677057609745,2.6519138221999,-7.6983325126342e-06,-1.47025783141148e-05,0.00126767889408901
493,2.65194886030712,-7.83110304088794e-06,-1.38268686657412e-05,0.00125274829760698,2.65194877923007,-7.82525143122507e-06,-1.38319321396885e-05,0.00125272289639369
494,2.65198107704967,-7.95822219993172e-06,-1.28806699858069e-05,0.00122273148198678,2.65198099205304,-7.94794933677752e-06,-1.28834695941397e-05,0.00122270821409419
495,2.65201046533987,-8.0792246712819e-06,-1.18577860385285e-05,0.00117605521495525,2.65201038036134,-8.06508128849059e-06,-1.18583956638172e-05,0.00117603488423066
496,2.65203695216257,-8.19238955407579e-06,-1.0760357591408e-05,0.00111143989718089,2.65203687089163,-8.17523100391759e-06,-1.0759009089728e-05,0.00111142310940922
497,2.65206047197797,-8.29605912737115e-06,-9.5917799392896e-06,0.00102806859538855,2.65206039760666,-8.27694200834521e-06,-9.5888209397211e-06,0.00102805572606796
498,2.65208096682305,-8.38868903106261e-06,-8.35680341019016e-06,0.000925726589683667,2.6520809018592,-8.36875659376594e-06,-8.35264218144541e-06,0.000925717781807973
499,2.65209838637694,-8.46888850561256e-06,-7.06157591730376e-06,0.000804921737180681,2.65209833253769,-8.44926152023207e-06,-7.05662760458456e-06,0.000804916920065369
500,2.65211268800472,-8.53545418744746e-06,-5.71362283474996e-06,0.00066696739866312,2.65211264619308,-8.51713848019899e-06,-5.70826453724574e-06,0.000666966321836459
501,2.65212383679112,-8.58739808087073e-06,-4.32175751455908e-06,0.000514010489613617,2.65212380714668,-8.57121645632856e-06,-4.3162976386167e-06,0.000514012765368195
502,2.65213180557123,-8.62397062953685e-06,-2.89592199604286e-06,0.000348991479486169,2.65213178757875,-8.61052238831062e-06,-2.89058563952841e-06,0.000348996627865176
503,2.65213657496298,-8.64467899231273e-06,-1.44696294905594e-06,0.000175530849108461,2.6521365675975,-8.63432618461465e-06,-1.44189190406547e-06,0.000175538340591229
